id	provincia	rio	tramo	cuenca	estacion	tipo	dist_km	pueblo	pueblo_km
BU-REFUG-56	Burgos	Abajas, Bárcena o Castil	Río Abajas, Bárcena o Castil	Ebro				Castil de Lences	2.2
BU-REFUG-83	Burgos	Arroyo de Aguas Puras o Arroyo del Río	Arroyo de Aguas Puras o Arroyo del Río	Ebro	Ebro:A050	rio_principal	23.2	Puras de Villafranca	1.8
BU-REFUG-75	Burgos	Arana	Río Arana	Ebro				Moscador de Treviño	0.1
BU-REFUG-3	Burgos	Arandilla	Río Arandilla	Duero				Huerta de Rey	3.4
BU-EFIC-22	Burgos	Arandilla	Arandilla	Duero				Coruña del Conde	0.1
BU-AREC-1	Burgos	Arandilla	Peñaranda	Duero				Zazuar	0.5
BU-AAL-116	Burgos	Arandilla	Arandilla	Duero				La Calabaza	2.3
BU-REFUG-4	Burgos	Aranzuelo	Río Aranzuelo	Duero				Arauzo de Salce	0.8
BU-EFIC-21	Burgos	Aranzuelo	Aranzuelo	Duero				Hontoria de Valdearados	2.2
BU-REFUG-107	Burgos	Arlanza	Río Arlanza III	Duero	Duero:EA166	mismo_rio	1.0	Terrazas	2.1
BU-EFIC-48	Burgos	Arlanza	Arlanza III	Duero	Duero:EA030	mismo_rio	0.1	Camping	2.0
BU-AREC-3	Burgos	Arlanza	Hortigüela	Duero	Duero:EA030	mismo_rio	3.6	Hortigüela	2.6
BU-REFUG-8	Burgos	Arlanza	Río Arlanza IV	Duero	Duero:EA030	mismo_rio	5.3	Hortigüela	2.8
BU-REFUG-7	Burgos	Arlanza	Río Arlanza III	Duero	Duero:EA166	mismo_rio	0.0	Terrazas	0.6
BU-AAL-73	Burgos	Arlanza	Arlanza IV	Duero	Duero:EA507	mismo_rio	0.0	Ruyales del Agua	0.7
BU-37	Burgos	Arlanza	Covarrubias	Duero	Duero:EA030	mismo_rio	1.8	Retuerta	2.6
BU-EFIC-47	Burgos	Arlanza	Arlanza II	Duero	Duero:EA028	mismo_rio	1.6	Barbadillo del Mercado	1.3
BU-REFUG-5	Burgos	Arlanza	Río Arlanza I	Duero	Duero:EA165	mismo_rio	10.3	Neila	3.6
BU-AAL-126	Burgos	Arlanza	Quintanar de la Sierra	Duero	Duero:EA165	mismo_rio	9.5	Quintanar de la Sierra	3.2
BU-REFUG-6	Burgos	Arlanza	Río Arlanza II	Duero	Duero:EA165	mismo_rio	9.4	Quintanar de la Sierra	2.5
BU-42	Burgos	Arlanza	Los Vados	Duero	Duero:EA165	mismo_rio	3.3	Moncalvillo	4.4
BU-REFUG-109	Burgos	Arlanza	Los Vados	Duero	Duero:EA165	mismo_rio	2.5	Palacios de la Sierra	2.7
BU-AAL-124-b	Burgos	Arlanza	Arlanza I	Duero	Duero:EA165	mismo_rio	3.3	Quintanar de la Sierra	0.9
BU-AAL-128	Burgos	Arlanza	Río Arlanza V	Duero	Duero:EA165	mismo_rio	0.0	Palacios de la Sierra	1.4
BU-AREC-2	Burgos	Arlanza	Vilviestre	Duero	Duero:EA165	mismo_rio	0.0	Palacios de la Sierra	2.2
BU-AREC-31	Burgos	Arlanzón	Villalvilla	Duero	Duero:EA139	mismo_rio	0.0	Villalonquéjar	1.1
BU-EFIC-49	Burgos	Arlanzón	Arlanzón III	Duero	Duero:EA139	mismo_rio	5.9	Castañares	0.6
BU-REFUG-22	Burgos	Arlanzón	Humedal de Fuentes Blancas	Duero	Duero:EA139	mismo_rio	7.8	Urbanización Fuentes Blancas	0.8
BU-EDS-4	Burgos	Arlanzón	Ciudad de Burgos	Duero	Duero:EA139	mismo_rio	1.6	Burgos	0.6
BU-REFUG-20	Burgos	Arlanzón	Canal del Arlanzón en Arlanzón	Duero	Duero:EA032	mismo_rio	7.1	Mozoncillo de Juarros	2.0
BU-AAL-127	Burgos	Arlanzón	San Millán de Juarros	Duero	Duero:EA032	mismo_rio	9.8	Ibeas de Juarros	1.7
BU-EDS-1	Burgos	Arlanzón	Arlanzón	Duero	Duero:EA139	mismo_rio	10.5	Cerca Santa Eugenia	0.3
BU-EFIC-35	Burgos	Arlanzón	Arlanzón II	Duero	Duero:EA032	mismo_rio	0.0	Villasur de Herreros	1.8
BU-AAL-124	Burgos	Arlanzón	Arlanzón	Duero	Duero:EA032	mismo_rio	7.2	Arlanzón	1.6
BU-AREC-4	Burgos	Arlanzón	Urquiza	Duero	Duero:EA032	mismo_rio	0.3	Alarcia	3.7
BU-REFUG-21	Burgos	Arlanzón	Río Arlanzón II	Duero	Duero:EA109	mismo_rio	0.0	Alarcia	4.9
BU-AREC-24	Burgos	Arlanzón	Arlanzón	Duero	Duero:EA109	mismo_rio	0.6	Urrez	5.1
BU-AAL-33	Burgos	Arlanzón	Arlanzón III	Duero	Duero:EA116	mismo_rio	0.0	Celada del Camino	1.0
BU-ARE-4	Burgos	Arlanzón	Aula del Río Pineda de la Sierra	Duero	Duero:EA508	mismo_rio	0.0	Pineda de la Sierra	2.1
BU-AAL-92	Burgos	Arlanzón	Arlanzón I	Duero	Duero:EA508	mismo_rio	0.6	Pineda de la Sierra	0.6
BU-REFUG-19	Burgos	Arlanzón	Río Arlanzón I	Duero	Duero:EA508	mismo_rio	2.0	Pineda de la Sierra	2.7
BU-AAL-95	Burgos	Arlanzón	Arlanzón V	Duero	Duero:EA116	mismo_rio	19.5	Revilla Vallejera	2.4
BU-REFUG-73	Burgos	Arroyo Arrieta	Arroyo Arrieta	Ebro				Golernio	1.3
BU-REFUG-101	Burgos	Arroyo Arrieta	Embalse de Treviño - Arrieta	Ebro				Arrieta	1.6
BU-REFUG-92	Burgos	Arroyos de Prádana y de Castilla	Arroyos de Prádana y de Castilla	Duero	Duero:EA013	rio_principal	17.5	Valdezate	3.0
BU-REFUG-93	Burgos	Arroyos de Ríofresno, Vega de la Torre, del Chorrón, de Pardilla	Arroyos de Ríofresno, Vega de la Torre, del Chorrón, de Pardilla	Duero	Duero:EA010	rio_principal	9.9	Villalvilla de Montejo	0.6
BU-35	Burgos	Ausín	Albillos	Duero				Albillos	0.9
BU-AAL-28	Burgos	Ausín	Ausín	Duero				Villariezo	0.9
BU-AREC-5	Burgos	Ausín	Sarracín	Duero				Cojóbar	0.5
BU-AAL-125	Burgos	Ausín	Los Ausines	Duero				Barrio Quintanilla	2.1
BU-REFUG-23	Burgos	Ausín	Río Ausín	Duero				Quintanalara	2.1
BU-REFUG-70	Burgos	Ayuda	Río Ayuda	Ebro				Sáseta	1.2
BU-39	Burgos	Ayuda	Treviño	Ebro				Franco	0.8
BU-EFIC-17	Burgos	Ayuda	Ayuda III	Ebro				Araico	1.2
BU-EFIC-15	Burgos	Ayuda	Ayuda II	Ebro				Pedruzo	0.6
BU-REFUG-71	Burgos	Ayuda	Canal del río Ayuda	Ebro				Pedruzo	0.7
BU-14	Burgos	Ayuda	Pedruzo	Ebro				Samiano	0.3
BU-EFIC-14	Burgos	Ayuda	Ayuda I	Ebro				Pariza	0.6
BU-REFUG-100	Burgos	Balsas de riego del Valle de Valdelucio y Basconcillos	Balsas de riego del Valle de Valdelucio y Basconcillos del Tozo	Ebro	Ebro:A279	rio_principal	18.9	Basconcillos del Tozo	1.2
BU-AAL-31	Burgos	Bañuelos	Bañuelos	Ebro				Quintanilla San García	1.1
BU-AAL-26	Burgos	Bañuelos	Bañuelos	Duero				Caleruega	3.2
BU-AAL-121	Burgos	Bañuelos	Bañuelos	Duero				Villanueva de Gumiel	1.1
BU-AAL-88	Burgos	Bañuelos y  Frío	Bañuelos y  Frío	Duero	Duero:EA165	rio_principal	1.1	Palacios de la Sierra	2.6
BU-REFUG-50	Burgos	Barranco del Pozo Azul	Arroyo del Pozo Azul	Ebro				Covanera	0.8
BU-REFUG-77	Burgos	Barruntia o Arroyo de Barrunta	Río Barruntia	Ebro				Albaina	1.1
BU-AAL-83	Burgos	Bayas	Bayas	Ebro	Ebro:A165	mismo_rio	0.0	Bayas	0.7
BU-AAL-22	Burgos	Brullés	Brullés I	Duero				Villaute	1.1
BU-AAL-98	Burgos	Brullés	Brullés II	Duero				Sasamón	2.5
BU-EFIC-24	Burgos	Buezo	Río Buezo	Duero				La Hinojosa	1.3
BU-EFIC-11	Burgos	Cadagua	Cadagua I	Cantábrico	Cantábrico:1178	mismo_rio	20.2	Haedillo	0.6
BU-3	Burgos	Cadagua	Valle de Mena	Cantábrico	Cantábrico:1178	mismo_rio	20.4	La Vega	0.6
BU-REFUG-89	Burgos	Cadagua	Río Cadagua (IV)	Cantábrico	Cantábrico:1178	mismo_rio	15.2	San Pelayo	0.0
BU-REFUG-87	Burgos	Cadagua	Río Cadagua (II)	Cantábrico	Cantábrico:1178	mismo_rio	24.7	Ungo	0.2
BU-EFIC-12	Burgos	Cadagua	Cadagua II	Cantábrico	Cantábrico:1178	mismo_rio	25.3	Maltrana	0.1
BU-AREC-6	Burgos	Cadagua	Maltrana	Cantábrico	Cantábrico:1178	mismo_rio	25.3	Las Islas	0.3
BU-EFIC-13	Burgos	Cadagua	Cadagua III	Cantábrico	Cantábrico:1178	mismo_rio	26.6	Mercadillo	0.3
BU-AAL-123	Burgos	Cadagua	Artieta o Arceniega	Cantábrico	Cantábrico:1178	mismo_rio	22.0	La Llana	0.6
BU-REFUG-88	Burgos	Cadagua	Río Cadagua (III)	Cantábrico	Cantábrico:1178	mismo_rio	28.2	Villasana de Mena	0.1
BU-1	Burgos	Cadagua	Vallejo	Cantábrico	Cantábrico:1178	mismo_rio	28.5	Vallejo	0.7
BU-2	Burgos	Cadagua	Lezana - Sopeñano	Cantábrico	Cantábrico:1178	mismo_rio	31.5	Villasuso	0.8
BU-REFUG-86	Burgos	Cadagua	Río Cadagua (I)	Cantábrico	Cantábrico:1178	mismo_rio	31.7	Cadagua	0.4
BU-AAL-15	Burgos	Arroyo de Camporredondo	Arroyo de Camporredondo	Duero	Duero:EA165	rio_principal	8.2	Quintanar de la Sierra	1.5
BU-REFUG-110	Burgos	Arroyo Campozares	Campozares	Duero	Duero:EA123	rio_principal	5.5	Bezares	0.8
BU-AAL-122	Burgos	Canal de Castilla	AAL-Canal de Castilla II	Duero				Castrillo de Riopisuerga	1.7
BU-AAL-123-b	Burgos	Canal de Castilla	AAL-Canal de Castilla IV	Duero				Melgar de Fernamental	3.0
BU-REFUG-103	Burgos	Canal de Cerezo	Canal de Cerezo	Cantábrico				Entrambasaguas	0.3
BU-REFUG-102	Burgos	Canal de Villasuso	Canal de Villasuso	Cantábrico				Villanueva de Mena	0.6
BU-REFUG-94	Burgos	Canal del Arlanzón	Canal del Arlanzón en San Medel	Duero				San Medel	0.5
BU-REFUG-27	Burgos	Canalejas	Río Canalejas	Duero	Duero:EA508	rio_principal	3.1	Pineda de la Sierra	4.9
BU-REFUG-104	Burgos	Canales del Coto de Pesca "Valle de Mena"	Canales del Coto de Pesca "Valle de Mena"	Cantábrico	Cantábrico:1178	rio_principal	21.2	Nocedal	0.1
BU-AAL-10	Burgos	Carabidas	Carabidas	Duero				Madrigal del Monte	2.2
BU-REFUG-69	Burgos	Cerneja	Río Cerneja	Ebro	Ebro:A254	rio_principal	19.0	Noceco	4.6
BU-AAL-79	Burgos	Cerneja	Cerneja	Ebro	Ebro:A254	rio_principal	10.9	Villasante	0.3
BU-AAL-101	Burgos	Arroyo de Cevico y arroyo de Cerrato	Arroyo de Cevico y arroyo de Cerrato I	Duero				Tórtoles de Esgueva	7.4
BU-REFUG-98	Burgos	Charcas de las Vesgas	Charcas de las Vesgas	Ebro				Las Vesgas de Bureba	0.5
BU-AAL-71	Burgos	Chico	Chico (BU)	Duero	Duero:EA507	rio_principal	0.3	Lerma	0.7
BU-AAL-52	Burgos	Ciruelos	Ciruelos	Duero	Duero:EA028	rio_principal	2.6	Castrillo de la Reina	2.3
BU-AAL-51	Burgos	Ciruelos y arroyo de la Vega	Ciruelos y arroyo de la Vega	Duero				Moncalvillo	1.0
BU-AAL-37	Burgos	Cogollos	Cogollos	Duero	Duero:EA116	rio_principal	8.5	Presencio	1.7
BU-REFUG-40	Burgos	Arroyo Corcal	Embalse de Arija	Ebro				Robredo de las Pueblas	3.8
BU-AAL-112	Burgos	Cubillo	Cubillo	Duero	Duero:EA507	rio_principal	8.5	Zael	3.5
BU-REFUG-28	Burgos	Cueva	Río Cueva, Seco y arroyo Matanza	Duero	Duero:EA109	rio_principal	5.9	San Millán de Juarros	0.5
BU-AAL-64	Burgos	de Beceda	de Beceda	Duero				Aldea del Pinar	0.6
BU-AAL-63	Burgos	de Gete y Hacinas	de Gete y Hacinas	Duero				Hacinas	0.8
BU-REFUG-58	Burgos	de La Molina	Río La Molina	Ebro				Cobos Junto a la Molina	1.9
BU-REFUG-10	Burgos	de la Puente de Lara	Río de Fuente de Lara	Duero	Duero:EA030	rio_principal	10.1	Campolara	0.8
BU-AAL-50	Burgos	de la Vega	de la Vega	Duero				Cabezón de la Sierra	0.7
BU-AAL-109	Burgos	de las Sequeras	de las Sequeras	Duero				Sandoval de la Reina	1.7
BU-AAL-105	Burgos	de San Miguel	de San Miguel	Cantábrico				Las Fuentes	0.4
BU-AAL-99	Burgos	del Ángel	del Ángel	Duero				Torrecilla del Monte	1.9
BU-EFIC-2	Burgos	del Salcedal y arroyo de Valdierre	Salcedal	Duero	Duero:EA028	rio_principal	7.9	Jaramillo de la Fuente	2.0
BU-AAL-27	Burgos	Duero	Duero V	Duero	Duero:EA013	mismo_rio	0.0	Berlangas de Roa	1.8
BU-EDS-3	Burgos	Duero	Duero	Duero	Duero:EA013	mismo_rio	0.1	Fresnillo de las Dueñas	0.6
BU-AAL-1	Burgos	Duero	Duero IV	Duero	Duero:EA522	mismo_rio	0.1	Linares de la Vid	0.8
BU-AAL-82	Burgos	Ea	Ea II	Ebro				San Miguel	4.0
BU-AAL-24	Burgos	Ea	Ea I	Ebro				Altable	0.5
BU-AREC-30	Burgos	Ebro	Embalse del Ebro	Ebro	Ebro:A026	mismo_rio	8.5	Herbosa	1.6
BU-EFIC-42	Burgos	Ebro	Ebro II	Ebro	Ebro:A161	mismo_rio	26.1	Cidad de Ebro	0.9
BU-AREC-10	Burgos	Ebro	Incinillas	Ebro	Ebro:A161	mismo_rio	21.6	Incinillas	0.8
BU-EFIC-43	Burgos	Ebro	Ebro III	Ebro	Ebro:A161	mismo_rio	20.2	Quintana de Valdivielso	0.6
BU-AREC-9	Burgos	Ebro	Villanueva Rampalay	Ebro	Ebro:A026	mismo_rio	29.9	Quintanilla Colina	0.8
BU-EFIC-41	Burgos	Ebro	Ebro I	Ebro	Ebro:A026	mismo_rio	24.6	Orbaneja del Castillo	1.3
BU-38	Burgos	Ebro	Valdivieso	Ebro	Ebro:A161	mismo_rio	15.9	Toba de Valdivielso	0.5
BU-AREC-8	Burgos	Ebro	Orbaneja	Ebro	Ebro:A026	mismo_rio	25.9	Escalada	0.2
BU-EFIC-44	Burgos	Ebro	Ebro IV	Ebro	Ebro:A161	mismo_rio	11.0	Hoz de Valdivielso	1.3
BU-8	Burgos	Ebro	Pesquera de Ebro	Ebro	Ebro:A161	mismo_rio	30.2	Pesquera de Ebro	0.6
BU-EFIC-45	Burgos	Ebro	Ebro V	Ebro	Ebro:A161	mismo_rio	1.6	Trespaderne	0.6
BU-REFUG-35	Burgos	Ebro	Canal del Ebro	Ebro	Ebro:A026	mismo_rio	29.8	Quintanilla-Escalada	1.6
BU-REFUG-34	Burgos	Ebro	Río Ebro	Ebro	Ebro:A161	mismo_rio	7.8	Cereceda	1.1
BU-REFUG-91	Burgos	Ebro	Embalse del Sobrón	Ebro	Ebro:A161	mismo_rio	11.0	Santa María de Garoña	0.9
BU-AREC-32	Burgos	Ebro	Embalse del Sobrón	Ebro	Ebro:A161	mismo_rio	9.6	Villanueva Soportilla	3.2
BU-AAL-57	Burgos	Ebro	Ebro II	Ebro	Ebro:A161	mismo_rio	0.0	Montejo de San Miguel	0.7
BU-AAL-84	Burgos	Ebro	Ebro I	Ebro	Ebro:A001	mismo_rio	0.0	Suzana	1.4
BU-AAL-56	Burgos	Encero	Encero	Ebro				Sotillo de Rioja	0.5
BU-REFUG-63	Burgos	Engaña	Río Engaña	Ebro	Ebro:A283	rio_principal	15.0	Rozas	0.5
BU-9	Burgos	Engaña	Engaña	Ebro	Ebro:A283	rio_principal	15.0	Rozas	0.2
BU-REFUG-2	Burgos	Esgueva	Río Esgueva	Duero	Duero:EA049	mismo_rio	5.7	Valdeande	3.2
BU-AAL-30	Burgos	Esgueva	Esgueva I	Duero	Duero:EA049	mismo_rio	0.0	Santibáñez de Esgueva	0.4
BU-AREC-28	Burgos	Esgueva	Pinillos de Esgueva	Duero	Duero:EA049	mismo_rio	0.0	Terradillos de Esgueva	1.0
BU-AAL-100	Burgos	Esgueva	Esgueva II	Duero	Duero:EA049	mismo_rio	10.4	Villovela de Esgueva	0.8
BU-AAL-48	Burgos	Esgueva, Henar y Cobos	Aguachal, Henar y Cobos	Duero				Cilleruelo de Abajo	0.9
BU-EFIC-23	Burgos	Espeja	Espeja	Duero				Quintanilla de Nuño Pedro	2.9
BU-AAL-91	Burgos	Franco y arroyo del Campanario	Franco y arroyo del Campanario V	Duero				Hontoria de Riofranco	0.9
BU-AAL-96	Burgos	Franco y arroyo del Campanario	Franco y arroyo del Campanario III	Duero				Royuela de Río Franco	0.7
BU-AAL-75	Burgos	Franco y arroyo del Campanario	Franco y arroyo del Campanario I	Duero				Villafruela	0.5
BU-REFUG-85	Burgos	Frío	Río Frío	Duero				Neila	4.6
BU-AAL-45	Burgos	Arroyo de Fuente Hogaza o de Siete Fuentes	Arroyo de Fuente Hogaza o de Siete Fuentes	Ebro				Grisaleña	3.1
BU-REFUG-59	Burgos	Arroyo de Fuente Monte	Arroyo de Tobes y Rahedo o Arroyo de Fuente Monte	Ebro				Melgosa de Burgos	1.5
BU-REFUG-81	Burgos	Arroyo De la Genciana	Arroyo de la Genciana	Ebro				Valmala	1.1
BU-EFIC-16	Burgos	Goveloste	Goveloste	Ebro				Imiruri	0.9
BU-AAL-110	Burgos	Grande y arroyo del Jarama	Grande y arroyo del Jarama	Duero				Villalbilla de Villadiego	0.4
BU-REFUG-47	Burgos	Arroyo de Gredilla o de Fuente Hernando	Arroyo de Gredilla o de Fuente Hernando	Ebro				Moradillo de Sedano	2.8
BU-REFUG-1	Burgos	Gromejón	Río Gromejón	Duero				Caleruega	0.4
BU-EFIC-27	Burgos	Gromejón	Gromejón I	Duero				Villalbilla de Gumiel	2.5
BU-AREC-11	Burgos	Gromejón	Gumiel de Hizan	Duero				Quintana del Pidio	1.7
BU-EFIC-28	Burgos	Gromejón	Gromejón II	Duero				Ventosilla	0.9
BU-EFIC-30	Burgos	Arroyo Gumiel de Mercado	Gumiel de Mercado	Duero				Ventosilla	2.1
BU-AAL-104	Burgos	Hijuela	Hijuela	Cantábrico				Arceo	0.6
BU-AAL-87-b	Burgos	Homino	Homino	Ebro				Salas de Bureba	1.5
BU-REFUG-54	Burgos	Homino	Río Homino	Ebro				La Cabañuela	0.6
BU-AAL-87	Burgos	Homino	Homino	Ebro				Arconada	2.7
BU-REFUG-30	Burgos	Hormazuela	Río Hormazuela	Duero	Duero:EA116	rio_principal	0.3	Hormazuela	1.0
BU-AAL-38	Burgos	Hormazuela	Hormazuela	Duero	Duero:EA116	rio_principal	0.7	Villagutiérrez	0.4
BU-REFUG-14	Burgos	Horquiza	Río Horquiza	Duero	Duero:EA123	rio_principal	2.3	Vizcaínos	1.5
BU-REFUG-66	Burgos	Arroyo de la Hoz	Arroyo de la Hoz (Trema)	Ebro				Barcenillas de Cerezos	0.4
BU-REFUG-106	Burgos	Húmedo	Río Tumecillo o Húmedo	Ebro				Murita	0.9
BU-AAL-77	Burgos	Jerea	Jerea I	Ebro	Ebro:A166	mismo_rio	12.5	Quincoces de Yuso	0.5
BU-AAL-76	Burgos	Jerea	Jerea II	Ebro	Ebro:A166	mismo_rio	5.1	Quintana-Entrepeñas	0.4
BU-AAL-102	Burgos	Jerea	Jerea III	Ebro	Ebro:A166	mismo_rio	0.0	Virués	0.9
BU-ZHCIE-13	Burgos	Laguna Corta	Laguna Corta	Ebro				Neila	4.9
BU-ZHCIE-6	Burgos	Laguna de Bárcena	Laguna de Bárcena (Gayangos)	Ebro				Gayangos	1.2
BU-ZHCIE-4	Burgos	Laguna de Haedillo	Laguna de Haedillo	Duero				Tolbaños de Arriba	4.0
BU-ZHCIE-9	Burgos	Laguna de la Cascada	Laguna de la Cascada	Ebro				Neila	4.8
BU-ZHCIE-3	Burgos	Laguna de la Lengua	Laguna de la Lengua	Duero				Tolbaños de Arriba	4.2
BU-ZHCIE-2	Burgos	Laguna de la Tejera	Laguna de la Tejera	Duero				Tolbaños de Arriba	4.5
BU-ZHCIE-11	Burgos	Laguna de las Pardillas	Laguna de las Pardillas	Ebro				Neila	4.5
BU-41	Burgos	Laguna de los Patos y Brava	Laguna Brava (Lagunas de Neila)	Ebro				Neila	4.4
BU-REFUG-32	Burgos	Laguna de Villanoño (Villadiego)	Laguna de Villanoño (Villadiego)	Duero				Villanoño	0.8
BU-ZHCIE-8	Burgos	Laguna Larga	Laguna Larga	Ebro				Neila	5.4
BU-ZHCIE-12	Burgos	Laguna Muñalba	Laguna Muñalba	Ebro				Neila	7.4
BU-ZHCIE-7	Burgos	Laguna Negra	Laguna Negra	Ebro				Neila	5.6
BU-ZHCIE-1	Burgos	Laguna Pozo Negro	Laguna Pozo Negro	Ebro				Fresneda de la Sierra Tirón	9.0
BU-ZHCIE-5	Burgos	Lagunas de Bárcena	Lagunas de Bárcena (Gayangos)	Ebro				Gayangos	0.7
BU-REFUG-33	Burgos	Lagunas de Villasandino	Lagunas de Villasandino	Duero				Villasandino	2.4
BU-AAL-7	Burgos	Laprima	Laprima	Duero				Hontoria del Pinar	2.8
BU-AAL-20	Burgos	Arroyo de la Llana y Segmento Sin Nombre	Arroyo de la Llana y Segmento Sin Nombre	Duero				Quintanas de Valdelucio	0.9
BU-AAL-62	Burgos	Lobos	Lobos I	Duero	Duero:EA154	rio_principal	13.3	Aldea del Pinar	2.5
BU-AAL-19	Burgos	Lucio	Lucio I	Duero	Duero:EA136	mismo_rio	6.0	Quintanas de Valdelucio	1.2
BU-AAL-4	Burgos	Arroyo Madre de Soto Román	Arroyo Madre de Soto Román	Duero	Duero:EA133	rio_principal	2.9	Hinojal de Riopisuerga	1.2
BU-REFUG-18	Burgos	Mataviejas	Río Mataviejas	Duero	Duero:EA030	rio_principal	5.6	Santibáñez del Val	0.3
BU-AAL-8	Burgos	Mayuelo	Mayuelo	Duero				Hontoria del Pinar	0.8
BU-AAL-61	Burgos	Molinar	Molinar	Ebro	Ebro:A161	rio_principal	5.2	La Aldea	0.8
BU-AAL-23	Burgos	Moralejos	Moralejos	Duero				Villusto	1.8
BU-17	Burgos	Najerilla	Neila	Ebro	Ebro:A048	mismo_rio	25.3	Neila	1.8
BU-REFUG-84	Burgos	Najerilla	Río Najerilla	Ebro	Ebro:A048	mismo_rio	27.7	Neila	0.5
BU-REFUG-90	Burgos	Nava	Embalse del Ebro	Ebro				Arnedo	0.8
BU-AAL-25	Burgos	Arroyo de la Nava	Arroyo de la Nava	Duero	Duero:EA013	rio_principal	0.1	Fuentelcésped	1.5
BU-REFUG-60	Burgos	Nela	Río Nela	Ebro	Ebro:A283	mismo_rio	15.2	Busnela	0.4
BU-10	Burgos	Nela	Quintanabaldo	Ebro	Ebro:A283	mismo_rio	13.4	San Martín de las Ollas	0.4
BU-AAL-81	Burgos	Nela	Nela	Ebro	Ebro:A283	mismo_rio	7.3	Puentedey	0.2
BU-11	Burgos	Nela	Escaño	Ebro	Ebro:A283	mismo_rio	3.6	Escaño	0.2
BU-EFIC-32	Burgos	Nela	Nela I	Ebro	Ebro:A283	mismo_rio	1.5	Lechedo	0.5
BU-AREC-12	Burgos	Nela	Villarcayo	Ebro	Ebro:A283	mismo_rio	0.0	Quintanilla Socigüenza	0.2
BU-AREC-13	Burgos	Nela	Medina	Ebro	Ebro:A283	mismo_rio	4.6	Villarías	1.3
BU-EFIC-33	Burgos	Nela	Nela II	Ebro	Ebro:A092	mismo_rio	5.8	Pradolamata	0.9
BU-AREC-14	Burgos	Nela	Nofuentes	Ebro	Ebro:A092	mismo_rio	0.0	Mijangos	1.4
BU-REFUG-55	Burgos	Arroyo o Rio de Ojeda o Caderechano	Río Cantabrana o Caderechano	Ebro				Quintanaopio	0.1
BU-AAL-86	Burgos	Oca	Oca II	Ebro	Ebro:A093	mismo_rio	0.0	Terminón	0.6
BU-AREC-15	Burgos	Oca	Hermosilla	Ebro	Ebro:A093	mismo_rio	8.7	Barrio de Díaz Ruiz	0.7
BU-AAL-44	Burgos	Oca	Oca I	Ebro	Ebro:A093	mismo_rio	18.1	Valdazo	2.6
BU-REFUG-52	Burgos	Oca	Río Oca	Ebro	Ebro:A093	mismo_rio	30.9	Villalómez	1.3
BU-AREC-29	Burgos	Oca	Embalse de Alba	Ebro	Ebro:A093	mismo_rio	41.6	Villafranca Montes de Oca	3.3
BU-REFUG-99	Burgos	Oca	Río Oca	Ebro	Ebro:A093	mismo_rio	42.9	Villamudria	1.1
BU-AAL-68	Burgos	Odra	Odra I	Duero	Duero:EA018	mismo_rio	34.9	Congosto	0.3
BU-AAL-118	Burgos	Odra	Odra II	Duero	Duero:EA018	mismo_rio	29.3	Villanueva de Odra	2.6
BU-AAL-54	Burgos	Odra	Odra III	Duero	Duero:EA018	mismo_rio	0.0	Villasandino	1.8
BU-REFUG-38	Burgos	Omecillo	Río Omecillo	Ebro	Ebro:A188	mismo_rio	10.0	San Millán de San Zadornil	0.4
BU-REFUG-SA	Burgos	Arroyo Orbaneja	Arroyo Orbaneja del Castillo	Ebro	Ebro:A279	rio_principal	7.2	Orbaneja del Castillo	1.6
BU-AREC-26	Burgos	Ordunte	Ordunte	Cantábrico	Cantábrico:1178	rio_principal	25.0	Ribota	0.9
BU-AREC-27	Burgos	Oroncillo	Bugedo	Ebro	Ebro:A189	mismo_rio	0.0	Valverde de Miranda	1.4
BU-REFUG-39	Burgos	Oroncillo	Río Oroncillo	Ebro	Ebro:A189	mismo_rio	5.4	Villanueva de Teba	2.7
BU-AAL-2	Burgos	Arroyo de Padilla	Arroyo de Padilla	Duero	Duero:EA018	rio_principal	7.5	Villaveta	2.6
BU-AAL-115	Burgos	Arroyo del Pantano	Arroyo del Pantano	Ebro				Villaño de Losa	1.1
BU-REFUG-13	Burgos	Pedroso	Río Pedroso	Duero	Duero:EA123	mismo_rio	11.1	Riocavado de la Sierra	6.9
BU-EFIC-4	Burgos	Pedroso	Pedroso I	Duero	Duero:EA123	mismo_rio	6.6	Barbadillo de Herreros	2.8
BU-25	Burgos	Pedroso	Barbadillo I	Duero	Duero:EA123	mismo_rio	3.7	Barbadillo de Herreros	1.2
BU-24	Burgos	Pedroso	Barbadillo II	Duero	Duero:EA123	mismo_rio	1.4	Barbadillo del Pez	1.5
BU-EFIC-5	Burgos	Pedroso	Pedroso II	Duero	Duero:EA123	mismo_rio	0.0	Barbadillo del Pez	0.6
BU-AREC-16	Burgos	Pedroso	Pedroso	Duero	Duero:EA123	mismo_rio	0.0	Hoyuelos de la Sierra	1.5
BU-26	Burgos	Pedroso	Vizcaínos	Duero	Duero:EA141	mismo_rio	2.0	Arroyo de Salas	2.0
BU-EFIC-6	Burgos	Pedroso	Pedroso III	Duero	Duero:EA141	mismo_rio	0.0	Pinilla de los Moros	0.9
BU-27	Burgos	Pedroso	Barbadillo del Mercado	Duero	Duero:EA141	mismo_rio	0.0	Barbadillo del Mercado	1.7
BU-REFUG-24	Burgos	Peguera	Río Peguera	Duero	Duero:EA508	rio_principal	2.3	Pineda de la Sierra	3.6
BU-EFIC-25	Burgos	Perales	Río Perales	Duero				Zayas de Torre	2.0
BU-AAL-40	Burgos	Arroyo Pichona	Arroyo Pichona	Ebro				Avellanosa de Rioja	1.3
BU-REFUG-96	Burgos	Pico	Río Pico I	Duero				Cardeñuela Riopico	1.2
BU-REFUG-97	Burgos	Pico	Río Pico II	Duero				Castañares	0.7
BU-EFIC-26	Burgos	Pilde	Pilde	Duero				Alcoba de la Torre	0.4
BU-AREC-17	Burgos	Pisuerga	Zarzosa	Duero	Duero:EA133	mismo_rio	2.9	Castrillo de Riopisuerga	0.9
BU-EFIC-36	Burgos	Pisuerga	Pisuerga I	Duero	Duero:EA133	mismo_rio	8.4	Valtierra de Río Pisuerga	1.3
BU-AREC-18	Burgos	Pisuerga	Melgar	Duero	Duero:EA133	mismo_rio	14.6	San Llorente de la Vega	1.5
BU-EFIC-37	Burgos	Pisuerga	Pisuerga II	Duero	Duero:EA029	mismo_rio	10.3	Palacios de Riopisuerga	2.6
BU-AAL-67	Burgos	Arroyo del Pontón	Arroyo del Pontón	Duero				Humada	0.9
BU-REFUG-62	Burgos	Arroyo de los Pozos	Río Pequeño o Arroyo de los Pozos (Villalázara)	Ebro	Ebro:A254	rio_principal	10.3	Villalázara de Montija	1.0
BU-REFUG-36	Burgos	Arroyo de Praderas del Cuco	Arroyo de Praderas del Cuco	Ebro				Robredo de las Pueblas	5.0
BU-AAL-93	Burgos	Pradoluengo	Pradoluengo	Ebro	Ebro:A050	rio_principal	25.1	Villagalijo	1.7
BU-REFUG-82	Burgos	Pradoluengo	Río Pradoluengo	Ebro	Ebro:A050	rio_principal	27.5	Fresneda de la Sierra Tirón	3.1
BU-EFIC-29	Burgos	Puentevilla	Puentevilla	Duero				Gumiel de Izán	1.8
BU-AAL-107	Burgos	Arroyo de Puntillera	Arroyo de Puntillera	Ebro				Robredo de las Pueblas	3.2
BU-AAL-106	Burgos	Purón	Purón	Ebro				Promediano	0.6
BU-EFIC-10	Burgos	Quintanilla	Quintanilla	Duero	Duero:EA123	rio_principal	0.3	Quintanilla de Urrilla	0.2
BU-AAL-32	Burgos	Quintanilleja	Quintanilleja	Ebro				Carrias	0.4
BU-AAL-6	Burgos	Rabanera	Rabanera	Duero				Navas del Pinar	2.5
BU-AAL-36	Burgos	Reláchigo	Reláchigo	Ebro				Redecilla del Camino	0.4
BU-AAL-43	Burgos	Reláchigo	Arroyo Reláchigo	Ebro				Avellanosa de Rioja	0.9
BU-REFUG-9	Burgos	Arroyo de la Reolga	Arroyo de la Reolga	Duero	Duero:EA030	rio_principal	7.6	Lara de los Infantes	1.6
BU-AAL-41	Burgos	Retorto	Retorto	Ebro				Belorado	1.6
BU-AAL-74	Burgos	Revilla	de Revilla	Duero	Duero:EA507	rio_principal	0.3	Lerma	2.3
BU-EFIC-38	Burgos	Riaza	Riaza I	Duero	Duero:EA010	mismo_rio	30.6	Berlangas de Roa	1.7
BU-31	Burgos	Riaza	Hoyales	Duero	Duero:EA010	mismo_rio	27.3	Hoyales de Roa	1.3
BU-AREC-20	Burgos	Riaza	Fuentemolinos	Duero	Duero:EA010	mismo_rio	24.2	Haza	1.0
BU-30	Burgos	Riaza	Haza	Duero	Duero:EA010	mismo_rio	20.2	Adrada de Haza	0.9
BU-AREC-19	Burgos	Riaza	Torregalindo	Duero	Duero:EA010	mismo_rio	17.6	Hontangas	1.6
BU-EFIC-39	Burgos	Riaza	Riaza II	Duero	Duero:EA010	mismo_rio	12.3	Torregalindo	2.0
BU-EFIC-40	Burgos	Riaza	Riaza III	Duero	Duero:EA010	mismo_rio	9.2	Milagros	1.3
BU-EFIC-20	Burgos	Riocerezo	Riocerezo	Duero	Duero:EA159	rio_principal	10.1	Rioseras	1.0
BU-AAL-17	Burgos	Riofresno	Riofresno	Duero	Duero:EA133	rio_principal	10.2	Sotresgudo	1.1
BU-AAL-53	Burgos	Arroyo de Riofresno	Arroyo de Riofresno	Duero	Duero:EA133	rio_principal	8.2	Quintanilla de Río Fresno	1.3
BU-AAL-18	Burgos	Riomance	Riomance	Duero	Duero:EA133	rio_principal	10.4	Sotresgudo	0.4
BU-EFIC-19	Burgos	Rioseras	Rioseras	Duero	Duero:EA159	rio_principal	5.5	Robredo Temiño	1.1
BU-REFUG-78	Burgos	Rojo	Río Rojo	Ebro				Taravero	0.8
BU-REFUG-108	Burgos	Arroyo Rompebarcas	Rompebarcas	Duero	Duero:EA123	rio_principal	7.6	Tolbaños de Abajo	1.0
BU-AAL-113	Burgos	Rudrón	Rudrón I	Ebro	Ebro:A279	mismo_rio	0.0	Valdelateja	0.6
BU-6	Burgos	Rudrón	San Felices	Ebro	Ebro:A279	mismo_rio	0.0	Valdelateja	1.6
BU-AAL-117	Burgos	Rudrón	Rudrón II	Ebro	Ebro:A279	mismo_rio	4.8	Covanera	0.5
BU-5	Burgos	Rudrón	Tubilla del Agua	Ebro	Ebro:A279	mismo_rio	6.6	El Molino	1.8
BU-REFUG-41	Burgos	Rudrón	Río Rudrón	Ebro	Ebro:A279	mismo_rio	13.1	Basconcillos del Tozo	1.5
BU-AAL-34	Burgos	Rudrón	Rudrón III	Ebro	Ebro:A279	mismo_rio	8.3	Bañuelos del Rudrón	1.2
BU-REFUG-31	Burgos	Ruyales	Río Ruyales	Duero				Los Tremellos	1.2
BU-AAL-70	Burgos	Ruyales	Ruyales	Duero				Palacios de Benaver	2.4
BU-AAL-49	Burgos	Saelices	Saelices	Duero				Cabezón de la Sierra	2.8
BU-AAL-72	Burgos	Arroyo de la Salceda	Arroyo de la Salceda	Duero	Duero:EA507	rio_principal	5.6	Castrillo-Solarana	1.8
BU-AAL-69	Burgos	Salguero	Salguero	Duero	Duero:EA032	rio_principal	6.2	Salgüero de Juarros	1.0
BU-REFUG-68	Burgos	Salón	Río Salón	Ebro				La Cerca	0.3
BU-REFUG-49	Burgos	San Antón	Rio San Antón	Ebro				Terradillos de Sedano	1.3
BU-AAL-35	Burgos	San Julián	San Julián	Ebro				San Pedro del Monte	0.7
BU-REFUG-12	Burgos	San Martín	Río San Martín	Duero	Duero:EA028	rio_principal	12.4	San Millán de Lara	1.8
BU-EFIC-1	Burgos	San Martín	San Martín	Duero	Duero:EA028	rio_principal	9.4	Villaespasa	2.0
BU-AAL-13	Burgos	San Miguel	San Miguel	Duero				Cabezón de la Sierra	2.5
BU-AAL-9	Burgos	Arroyo de San Pantaleón	Arroyo de San Pantaleón	Duero				San Pantaleón del Páramo	2.4
BU-REFUG-76	Burgos	Sarasa	Río Sarasa	Ebro				Aguillo	1.4
BU-REFUG-61	Burgos	Saúl	Arroyo Saúl (Nela)	Ebro	Ebro:A283	rio_principal	13.4	Quintanabaldo	0.9
BU-AAL-103	Burgos	Sedanillo o Moradillo	Sedanillo o Moradillo	Ebro				Sedano	1.7
BU-REFUG-46	Burgos	Sedanillo o Moradillo	Río Sedanillo o Moradillo	Ebro				Quintanaloma	1.4
BU-AAL-114	Burgos	Arroyo de las Tejas	Arroyo de las Tejas	Ebro	Ebro:A166	rio_principal	19.6	San Martín de Losa	0.9
BU-REFUG-15	Burgos	Tejero	Rio Tejero	Duero	Duero:EA166	rio_principal	10.4	Huerta de Arriba	0.2
BU-34	Burgos	Tirón	Cerezo del Río Tirón	Ebro	Ebro:A050	mismo_rio	7.7	Cerezo de Río Tirón	0.2
BU-AAL-39	Burgos	Tirón	Tirón II	Ebro	Ebro:A050	mismo_rio	15.3	Belorado	2.0
BU-AREC-21	Burgos	Tirón	Villagalijo	Ebro	Ebro:A050	mismo_rio	20.2	San Miguel de Pedroso	1.1
BU-AAL-60	Burgos	Tirón	Tirón I	Ebro	Ebro:A050	mismo_rio	24.5	San Vicente del Valle	0.5
BU-15	Burgos	Tirón	Fresneda	Ebro	Ebro:A050	mismo_rio	25.9	Fresneda de la Sierra Tirón	2.7
BU-REFUG-79	Burgos	Tirón	Río Tirón	Ebro	Ebro:A050	mismo_rio	30.0	Fresneda de la Sierra Tirón	7.2
BU-AAL-3	Burgos	Torralba	Torralba	Duero				Regumiel de la Sierra	2.9
BU-40	Burgos	Tórtoles	Tórtoles de Esgueva	Duero	Duero:EA528	rio_principal	17.4	Tórtoles de Esgueva	1.7
BU-REFUG-29	Burgos	Tranco	Río Tranco	Duero	Duero:EA109	rio_principal	2.2	Alarcia	4.2
BU-REFUG-65	Burgos	Trema	Río Trema	Ebro	Ebro:A283	rio_principal	7.5	Cornejo	0.2
BU-AAL-80	Burgos	Trema	Trema	Ebro	Ebro:A283	rio_principal	2.5	Torme	0.3
BU-AAL-111	Burgos	Arroyo de los Tres Huertos	Arroyo de los Tres Huertos	Duero				Villusto	1.2
BU-AAL-108	Burgos	Trifón	Trifón	Ebro	Ebro:A026	rio_principal	22.6	Pradilla	0.7
BU-REFUG-67	Burgos	Trueba	Río Trueba	Ebro	Ebro:A254	mismo_rio	17.3	El Rebollar	7.4
BU-EFIC-31	Burgos	Trueba	Trueba	Ebro	Ebro:A254	mismo_rio	12.4	Quintana de los Prados	1.1
BU-12	Burgos	Trueba	Santurde	Ebro	Ebro:A254	mismo_rio	3.2	Quintanilla de Pienza	0.9
BU-AAL-78	Burgos	Trueba	Trueba	Ebro	Ebro:A254	mismo_rio	2.7	Villamezán	0.6
BU-AREC-22	Burgos	Trueba	Trueba	Ebro	Ebro:A254	mismo_rio	0.0	Medina de Pomar	0.5
BU-REFUG-51	Burgos	Tubilla	Río Tubilla del Agua u Hornillo	Ebro	Ebro:A279	rio_principal	7.7	Tubilla del Agua	0.1
BU-REFUG-105	Burgos	Ubierna	Río Ubierna	Duero	Duero:EA159	mismo_rio	16.7	Quintanarrío	0.5
BU-EFIC-18	Burgos	Ubierna	Ubierna	Duero	Duero:EA159	mismo_rio	0.0	Sotopalacios	0.9
BU-REFUG-17	Burgos	Arroyo de la Umbría	Arroyo de la Umbría	Duero	Duero:EA123	rio_principal	7.3	Monterrubio de la Demanda	2.0
BU-REFUG-25	Burgos	Urbel	Río Urbel	Duero				Talamillo del Tozo	1.0
BU-AAL-85	Burgos	Urbel	Urbel I	Duero				Montorio	1.2
BU-19	Burgos	Urbel	Huérmeces	Duero				San Pantaleón del Páramo	2.6
BU-AAL-66	Burgos	Urbel	Urbel II	Duero				Huérmeces	2.2
BU-AREC-23	Burgos	Urbel	Lodoso	Duero				La Nuez de Abajo	0.5
BU-20	Burgos	Urbel	Villarmentero	Duero				Santa María Tajadura	0.8
BU-AAL-59	Burgos	Urbel	Urbel III	Duero				Rabé de las Calzadas	1.4
BU-AAL-42	Burgos	Urbión	Urbión	Ebro				Garganchón	2.4
BU-REFUG-80	Burgos	Urbión	Río Urbión	Ebro				Santa Cruz del Valle Urbión	4.5
BU-AAL-11	Burgos	Valdavia	Valdavia III	Duero	Duero:EA026	mismo_rio	6.8	Osornillo	4.1
BU-AAL-14	Burgos	Arroyo de Valdeltejas	Arroyo de Valdeltejas	Duero	Duero:EA049	rio_principal	15.0	Pinilla Trasmonte	2.0
BU-AAL-29	Burgos	Arroyo de Valdepaúles y arroyo Grande	Arroyo de Valdepaúles y arroyo Grande	Duero	Duero:EA507	rio_principal	7.7	La Veguecilla	1.7
BU-REFUG-26	Burgos	Valdesosondo	Río Valdesosondo	Duero	Duero:EA109	rio_principal	1.9	Urrez	4.0
BU-REFUG-16	Burgos	Valdorcas	Río Valdorcas o Riocabado	Duero	Duero:EA123	rio_principal	3.7	Riocavado de la Sierra	1.6
BU-AAL-97	Burgos	Vallarta	Vallarta	Ebro				Vallarta de Bureba	2.6
BU-REFUG-11	Burgos	Valparaíso	Río Valparaíso	Duero	Duero:EA030	rio_principal	12.3	Rupelo	1.1
BU-EFIC-3	Burgos	Valparaíso	Valparaiso	Duero	Duero:EA030	rio_principal	7.0	Mambrillas de Lara	2.2
BU-AAL-55	Burgos	Arroyo de Vegarroyo	Arroyo de Vegarroyo	Duero	Duero:EA507	rio_principal	5.6	Castrillo-Solarana	2.2
BU-AAL-46	Burgos	Vena	Vena II	Duero	Duero:EA549	mismo_rio	11.4	Quintanapalla	1.4
BU-REFUG-95	Burgos	Vena	Río Vena	Duero	Duero:EA549	mismo_rio	15.7	Olmos de Atapuerca	1.7
BU-AAL-47	Burgos	Vena	Vena I	Duero	Duero:EA549	mismo_rio	0.0	Villímar	1.5
BU-AAL-12	Burgos	Arroyo Viejo	Arroyo Viejo	Duero				Saldaña de Burgos	0.5
BU-AAL-5	Burgos	Arroyo de Villajos	Arroyo de Villajos	Duero	Duero:EA018	rio_principal	5.0	Castrojeriz	0.6
BU-AAL-16	Burgos	Villova	Villova I	Duero	Duero:EA024	rio_principal	3.9	Rebolledillo de la Orden	1.6
BU-AAL-58	Burgos	Zadorra	Zadorra	Ebro	Ebro:A074	mismo_rio	8.5	La Puebla de Arganzón	0.2
BU-REFUG-53	Burgos	Zorita	Río Zorita o de Santa Casilda	Ebro	Ebro:A093	rio_principal	9.0	Quintanilla Caberrojas	0.3
BU-AAL-119	Burgos	Zumel	Zumel	Duero				Regumiel de la Sierra	2.5
BU-REFUG-74	Burgos	Zurbaladay y Río Ascarza	Río Zurbaladay y Río Ascarza	Ebro				Moraza	0.9
LE-AAL-200	León	Arroyo de la Alcantarilla	Arroyo de la Alcantarilla	Duero	Duero:EA532	rio_principal	6.3	Pinos	0.7
LE-5	León	Ancares	Candín	Miño-Sil	Miño-Sil:A022	rio_principal	5.8	Sorbeira	0.6
LE-REFUG-44	León	Ancares	Ancares	Miño-Sil	Miño-Sil:A022	rio_principal	5.5	Lumeras	2.0
LE-AAL-112	León	Ancares	Ancares	Miño-Sil	Miño-Sil:A024	rio_principal	2.5	San Martín de Moreda	0.6
LE-REFUG-4	León	Anciles	Anciles	Duero	Duero:EA102	rio_principal	4.5	Las Salas	4.7
LE-AAL-165	León	Arroyo de Anllarinos	Arroyo de Anllarinos	Miño-Sil	Miño-Sil:A022	rio_principal	9.2	Anllarinos	0.4
LE-AAL-251	León	Arroyo de los Arenales	Arroyo de los Arenales	Duero	Duero:EA074	rio_principal	16.2	Villafer	0.5
LE-AAL-105	León	Argañoso	Argañoso	Duero	Duero:EA156	rio_principal	12.6	Brazuelo	0.9
LE-AAL-74	León	Arroyo de Aviados	Arroyo de Aviados	Duero	Duero:EA068	rio_principal	5.3	La Vecilla	0.4
LE-AAL-95	León	Arroyo de Babardiel	Arroyo de Babardiel	Duero	Duero:EA075	rio_principal	27.0	Turcia	3.2
LE-REFUG-46	León	Balboa	Balboa	Miño-Sil	Miño-Sil:A142	rio_principal	8.8	Ambasmestas	0.2
LE-AAL-121	León	Arroyo de Barbadiel y arroyo de Valdeluengo	Arroyo de Barbadiel y arroyo de Valdeluengo	Duero	Duero:EA075	rio_principal	22.5	La Milla del Río	3.6
LE-AAL-64	León	Arroyo de la Barcena	Arroyo de la Barcena	Duero	Duero:EA138	rio_principal	4.2	Villaceid	0.9
LE-AAL-87	León	Barjas	Barjas	Miño-Sil				Serviz	0.4
LE-AAL-253	León	Arroyo de los Barreros	Arroyo de los Barreros	Duero	Duero:EA074	rio_principal	15.8	Villafer	1.9
LE-REFUG-56	León	Bayo	Presa de Villar de Santiago y Villaseca de Laciana	Miño-Sil	Miño-Sil:N037	rio_principal	28.8	Villaseca de Laciana	1.7
LE-AAL-217	León	Bayo	Bayo II	Miño-Sil	Miño-Sil:N037	rio_principal	27.2	Rioscuro	2.0
LE-AAL-235	León	Bayo	Embalse de Villar de Santiago	Miño-Sil	Miño-Sil:N037	rio_principal	28.8	El Villar de Santiago	0.4
LE-AAL-157	León	Bayo	Bayo I	Miño-Sil	Miño-Sil:N037	rio_principal	28.3	Los Bayos	0.6
LE-REFUG-80	León	Becenes	Becenes	Duero	Duero:EA529	rio_principal	7.8	Pío de Sajambre	3.0
LE-AAL-77	León	Bernesga	Bernesga I	Duero	Duero:EA098	mismo_rio	3.4	Camplongo	0.8
LE-19	León	Bernesga	Bernesga	Duero	Duero:EA098	mismo_rio	0.0	Villamanín de la Tercia	0.6
LE-AAL-173	León	Bernesga	Bernesga II	Duero	Duero:EA098	mismo_rio	3.6	Santa Lucía	0.4
LE-EFIC-38	León	Bernesga	Bernesga I	Duero	Duero:EA098	mismo_rio	8.4	La Pola de Gordón	0.2
LE-AREC-1	León	Bernesga	Bernesga	Duero	Duero:EA510	mismo_rio	6.6	Nocedo de Gordón	0.6
LE-EFIC-42	León	Bernesga	Bernesga II	Duero	Duero:EA510	mismo_rio	3.7	La Robla	0.5
LE-EFIC-39	León	Bernesga	Bernesga III	Duero	Duero:EA510	mismo_rio	0.0	Cuadros	1.3
LE-EFIC-61	León	Bernesga	Ciudad de León	Duero	Duero:EA115	mismo_rio	0.9	Barrio de Pinilla	0.4
LE-EFIC-40	León	Bernesga	Bernesga IV	Duero	Duero:EA119	mismo_rio	0.1	Marialba de la Ribera	0.4
LE-REFUG-16	León	Besandino	Río Grande (Besandino)	Duero	Duero:EA034	mismo_rio	0.0	Valverde de la Sierra	1.0
LE-AAL-277	León	Bobín	Bobín	Miño-Sil	Miño-Sil:A019	rio_principal	4.8	Igüeña	2.5
LE-AAL-229	León	Boeza	Boeza I	Miño-Sil	Miño-Sil:A019	mismo_rio	0.0	Fasgar	3.7
LE-AAL-276	León	Boeza	Quintana	Miño-Sil	Miño-Sil:A019	mismo_rio	2.3	Quintana de Fuseros	1.7
LE-AAL-174	León	Boeza	Boeza II	Miño-Sil	Miño-Sil:A019	mismo_rio	12.8	Almázcara	1.0
LE-AAL-184	León	Bueno	Bueno	Duero	Duero:EA078	rio_principal	0.7	Redipollos	0.9
LE-AAL-213	León	Burbia	Burbia I	Miño-Sil	Miño-Sil:A142	mismo_rio	0.0	Burbia	2.0
LE-3	León	Burbia	Burbia	Miño-Sil	Miño-Sil:A142	mismo_rio	0.0	Paradaseca	1.4
LE-AAL-205	León	Burbia	Burbia II	Miño-Sil	Miño-Sil:A026	mismo_rio	0.1	Puente de Rey	0.2
LE-4	León	Burbia	Villafranca	Miño-Sil	Miño-Sil:A026	mismo_rio	0.0	Corullón	0.8
LE-REFUG-67	León	Burbia	Burbia	Miño-Sil	Miño-Sil:A026	mismo_rio	5.6	Otero	1.0
LE-AREC-26	León	Burbia	Pelgo	Miño-Sil	Miño-Sil:A026	mismo_rio	6.0	Penedelo	0.7
LE-AAL-255	León	Regato del Cabo	Regato del Cabo	Duero	Duero:EA074	rio_principal	16.8	Cimanes de la Vega	1.2
LE-REFUG-50	León	Caboalles o del Puerto	Caboalles (o del Puerto)	Miño-Sil				Caboalles de Arriba	0.8
LE-AAL-236	León	Caboalles o del Puerto	Caboalles (o del Puerto)	Miño-Sil				Villager de Laciana	0.7
LE-EFIC-11	León	Cabrera	Cabrera III	Miño-Sil				Llamas de Cabrera	1.5
LE-AREC-27	León	Cabrera	Cabrera	Miño-Sil				Nogar	0.5
LE-EFIC-45	León	Cabrera	Cabrera II	Miño-Sil				Robledo de Losada	0.6
LE-EFIC-10	León	Cabrera	Cabrera I	Miño-Sil				Ambasaguas	0.5
LE-REFUG-38	León	Arroyo del Cabrito	del Cabrito	Duero	Duero:EA519	rio_principal	9.3	Pobladura de la Sierra	3.2
LE-AAL-148	León	Arroyo del Cabrito	Arroyo del Cabrito	Duero	Duero:EA519	rio_principal	6.3	Molinaferrera	1.5
LE-AAL-266	León	Arroyo de Calderones	Arroyo de Calderones	Duero	Duero:EA711	rio_principal	20.5	Villaornate	1.9
LE-AAL-262	León	Arroyo de los Calderones	Arroyo de los Calderones	Duero	Duero:EA074	rio_principal	19.9	Villaornate	2.7
LE-AAL-224	León	Arroyo de Camplongo	Arroyo de Camplongo	Duero	Duero:EA098	rio_principal	5.9	Tonín	1.1
LE-AAL-120	León	Canseco	Canseco	Duero	Duero:EA542	rio_principal	3.5	Canseco	1.3
LE-REFUG-69	León	Cares	Cares	Cantábrico	Cantábrico:1274	mismo_rio	5.4	Cordiñanes de Valdeón	1.7
LE-AAL-38	León	Arroyo de Carrizales	Arroyo de Carrizales	Duero				Vanidodes	0.6
LE-REFUG-27	León	Arroyo de Carrozal	Carrozal o de la Cantera	Duero	Duero:EA098	rio_principal	5.1	Camplongo	1.3
LE-AAL-261	León	Arroyo de la Carva	Arroyo de la Carva	Duero	Duero:EA074	rio_principal	14.1	Matilla de Arzón	1.7
LE-AAL-76	León	Casares	Embalse de Casares	Duero	Duero:EA514	mismo_rio	0.6	Casares de Arbas	1.2
LE-REFUG-29	León	Casares	Embalse de Casares	Duero	Duero:EA514	mismo_rio	1.1	Cubillas de Arbas	0.2
LE-REFUG-30	León	Casares	Casares o Geras	Duero	Duero:EA514	mismo_rio	0.0	Geras	2.1
LE-EFIC-43	León	Casares	Casares	Duero	Duero:EA514	mismo_rio	2.7	Cabornera	1.0
LE-AAL-129	León	Castrillo	Castrillo	Miño-Sil	Miño-Sil:A019	rio_principal	21.9	Calamocos	0.7
LE-AAL-204	León	Castro	Castro (LE)	Miño-Sil	Miño-Sil:N037	rio_principal	4.9	Toreno	1.0
LE-REFUG-43	León	Cea	Cea	Duero	Duero:EA104	mismo_rio	27.8	La Red de Valdetuéjar	2.4
LE-AAL-47	León	Cea	Cea I	Duero	Duero:EA104	mismo_rio	18.9	Morgovejo	0.6
LE-38	León	Cea	Cea	Duero	Duero:EA104	mismo_rio	13.6	Villamorisca	0.4
LE-AAL-226	León	Cea	Cea II	Duero	Duero:EA104	mismo_rio	5.0	Mondreganes	0.5
LE-AAL-227	León	Cea	Cea III	Duero	Duero:EA104	mismo_rio	0.0	Villaverde de Arcayos	1.0
LE-EFIC-13	León	Cea	Cea I	Duero	Duero:EA073	mismo_rio	0.0	Cea	0.7
LE-AREC-7	León	Cea	Sahagún	Duero	Duero:EA073	mismo_rio	0.2	San Pedro de las Dueñas	2.2
LE-EFIC-14	León	Cea	Cea II	Duero	Duero:EA073	mismo_rio	4.6	San Pedro de las Dueñas	1.5
LE-AREC-8	León	Cea	Galleguillos	Duero	Duero:EA073	mismo_rio	6.8	Galleguillos de Campos	0.7
LE-AAL-31	León	Cea	Cea VI	Duero	Duero:EA516	mismo_rio	0.0	Valderas	2.0
LE-AAL-270	León	Arroyo Cenizales	Arroyo Cenizales	Duero	Duero:EA711	rio_principal	16.9	Algadefe	1.7
LE-REFUG-82	León	Ceranzo	de Cantijón	Duero	Duero:EA550	rio_principal	14.0	Santa Marina de Valdeón	3.9
LE-AAL-272	León	Charcas de Cebrones del Río	Charcas de Cebrones del Río	Duero				Cebrones del Río	1.6
LE-AAL-271	León	Charcas de San Juan de Torres	Charcas de San Juan de Torres	Duero				San Juan de Torres	1.1
LE-AAL-146	León	Arroyo del Charco	Arroyo del Charco	Duero				San Pedro de las Dueñas	2.3
LE-REFUG-42	León	Río Codijal	Cordijal	Duero				Prioro	3.5
LE-AAL-127	León	Codres y arroyo Valdepinilla	Codres y arroyo Valdepinilla	Duero	Duero:EA089	rio_principal	4.7	Castrocontrigo	3.5
LE-AAL-212	León	Arroyo Coladilla	Arroyo Coladilla	Duero	Duero:EA150	rio_principal	4.7	Vegacervera	0.4
LE-AAL-101	León	Colle	Colle	Duero	Duero:EA011	rio_principal	8.5	Veneros	0.3
LE-AAL-103	León	Combarros	Combarros	Duero				Combarros	1.4
LE-AAL-132	León	Corcos	Corcos	Duero	Duero:EA111	rio_principal	15.4	Llamas de Rueda	0.4
LE-AAL-152	León	Arroyo de Correcillas	Arroyo de Correcillas	Duero	Duero:EA150	rio_principal	3.9	Villalfeide	1.7
LE-AAL-52	León	Arroyo del Corro	Arroyo del Corro	Duero	Duero:EA547	rio_principal	0.8	Villar	1.5
LE-AAL-169	León	Cúa	Cúa I	Miño-Sil	Miño-Sil:A022	mismo_rio	9.2	Chano	1.0
LE-AREC-24	León	Cúa	Cúa Norte	Miño-Sil	Miño-Sil:A022	mismo_rio	4.3	San Pedro de Paradela	0.2
LE-AAL-228	León	Cúa	Cúa II	Miño-Sil	Miño-Sil:A024	mismo_rio	0.0	San Vicente	0.7
LE-40	León	Cúa	Cúa Sur	Miño-Sil	Miño-Sil:A024	mismo_rio	6.0	Sorribas	0.6
LE-AAL-230	León	Cúa	Cúa III	Miño-Sil	Miño-Sil:A024	mismo_rio	9.0	Villadepalos	0.6
LE-AAL-114	León	Cuíña	Cuíña	Miño-Sil				Tejedo de Ancares	1.7
LE-EFIC-3	León	Curueño	Curueño I	Duero	Duero:EA063	mismo_rio	0.5	Lugueros	1.1
LE-21	León	Curueño	Tolibia	Duero	Duero:EA063	mismo_rio	0.0	Valdeteja	1.9
LE-EFIC-6	León	Curueño	Curueño II	Duero	Duero:EA068	mismo_rio	0.0	Nocedo de Curueño	1.8
LE-REFUG-26	León	Curueño	Curueño	Duero	Duero:EA068	mismo_rio	0.0	Nocedo de Curueño	0.3
LE-22	León	Curueño	Valdepiélago	Duero	Duero:EA068	mismo_rio	0.5	Montuerto	0.7
LE-AAL-62	León	Curueño	Curueño	Duero	Duero:EA147	mismo_rio	0.0	La Mata de Curueño	0.4
LE-AAL-222	León	das Alzadas de Vilar	das Alzadas de Vilar	Miño-Sil	Miño-Sil:A142	rio_principal	5.6	Tejeira	1.8
LE-AAL-214	León	Das Lamas	Das Lamas	Miño-Sil				Laballos	1.2
LE-AAL-166	León	de Abeceo	de Abeceo	Miño-Sil	Miño-Sil:A022	rio_principal	10.1	Faro	2.7
LE-AAL-57	León	de Ariegos	de Ariegos	Duero	Duero:EA138	rio_principal	0.8	Riello	0.9
LE-AAL-117	León	de Bolouta	de Bolouta	Cantábrico	Cantábrico:1407	rio_principal	15.5	Balouta	1.7
LE-REFUG-79	León	de Cantijón	Cantijón	Cantábrico	Cantábrico:1268	rio_principal	27.9	Santa Marina de Valdeón	3.1
LE-AAL-150	León	de Carracedo y de Prada	de Carracedo y de Prada	Miño-Sil				Carracedo de Compludo	3.1
LE-AAL-90	León	de Castelo	de Castelo	Miño-Sil				Moldes	0.8
LE-AAL-191	León	de Ceide	de Ceide	Duero	Duero:EA138	rio_principal	1.0	Socil	1.0
LE-AAL-16	León	de Ceranzo	de Ceranzo	Duero	Duero:EA550	rio_principal	12.3	Portilla de la Reina	3.6
LE-AAL-88	León	de Corporales	de Corporales	Miño-Sil				Vegas do Seo	0.1
LE-AAL-194	León	de la Carrera	de la Carrera	Duero	Duero:EA532	rio_principal	11.9	Torrestío	1.6
LE-AAL-171	León	de La Fervienza	de La Fervienza	Miño-Sil	Miño-Sil:A022	rio_principal	13.1	Trascastro	1.9
LE-AAL-75	León	de la Losilla	de la Losilla	Duero	Duero:EA011	rio_principal	10.6	La Losilla y San Adrián	0.8
LE-AAL-195	León	de la Majua	de la Majua	Duero	Duero:EA532	rio_principal	6.5	La Majua	1.1
LE-AAL-20	León	de la Puerta	de la Puerta	Duero	Duero:EA529	rio_principal	1.5	Polvoredo	0.2
LE-AAL-113	León	de La Vega	de La Vega	Miño-Sil				Suertes	1.9
LE-AAL-4	León	de la Vega Cea	de la Vega Cea	Duero	Duero:EA529	rio_principal	3.1	Acebedo	0.6
LE-AAL-187	León	de las Huelgas	de las Huelgas	Duero	Duero:EA077	rio_principal	3.9	Veguellina de Cepeda	0.6
LE-AAL-161	León	de Las Vegas	de Las Vegas	Miño-Sil	Miño-Sil:N037	rio_principal	9.0	Páramo del Sil	1.7
LE-AAL-134	León	de Los Mazos	de Los Mazos	Miño-Sil	Miño-Sil:N008	rio_principal	1.6	Melezna	0.7
LE-AAL-125	León	de los Peces	de los Peces	Duero	Duero:EA520	rio_principal	1.4	Robledino	0.6
LE-AAL-80	León	de Maraña	de Maraña	Duero	Duero:EA529	rio_principal	4.6	Maraña	1.6
LE-AAL-116	León	de Moreira	de Moreira	Cantábrico	Cantábrico:1402	rio_principal	9.9	Suárbol	1.1
LE-AAL-58	León	de Olerico	de Olerico	Duero	Duero:EA138	rio_principal	2.6	Oterico	0.4
LE-AAL-203	León	de Pereda	de Pereda	Duero	Duero:EA532	rio_principal	2.2	Abelgas de Luna	0.3
LE-AAL-189	León	de Salce y arroyo del Valle	de Salce y arroyo del Valle	Duero	Duero:EA138	rio_principal	6.2	Salce	1.6
LE-AAL-168	León	de Salentinos o de La Tejera	de Salentinos o de La Tejera	Miño-Sil	Miño-Sil:N037	rio_principal	9.8	Salentinos	0.6
LE-AAL-159	León	de San Justo	de San Justo	Miño-Sil	Miño-Sil:A019	rio_principal	5.8	San Justo de Cabanillas	0.2
LE-REFUG-1	León	de San Pelayo	Valle de San Pelayo	Duero	Duero:EA529	rio_principal	6.4	Vegacerneja	2.7
LE-AAL-202	León	de Santa Marina	de Santa Marina	Duero				Santa Marina de Somoza	0.5
LE-AAL-55	León	de Soto	de Soto	Duero	Duero:EA138	rio_principal	2.5	Villaceid	0.9
LE-AAL-2	León	de Valagar	de Valagar	Duero	Duero:EA529	rio_principal	6.3	La Uña	0.4
LE-AAL-172	León	de Vegas Verdes	de Vegas Verdes	Miño-Sil	Miño-Sil:A022	rio_principal	9.6	Faro	2.1
LE-AAL-56	León	de Velilla	de Velilla	Duero	Duero:EA138	rio_principal	1.0	La Velilla	0.2
LE-AAL-182	León	del Celorno	del Celorno	Duero	Duero:EA078	rio_principal	1.8	Puebla de Lillo	1.3
LE-AAL-43	León	del Collado	del Collado	Duero	Duero:EA138	rio_principal	18.3	Villabandín	0.9
LE-AAL-104	León	del Ganso	del Ganso	Duero				El Ganso	0.5
LE-AAL-69	León	del Lago	del Lago	Duero	Duero:EA089	rio_principal	18.5	Truchillas	2.0
LE-REFUG-71	León	Dobra	Dobra	Cantábrico	Cantábrico:1297	rio_principal	4.2	Soto de Sajambre	3.9
LE-REFUG-14	León	Dueñas	Dueñas	Duero	Duero:EA151	mismo_rio	0.4	Ciguera	1.0
LE-AAL-135	León	Dueñas	Dueñas	Duero	Duero:EA151	mismo_rio	0.0	Salamón	0.8
LE-REFUG-15	León	Arroyo de la Duerna	La Duerna	Duero	Duero:EA103	rio_principal	0.5	Ocejo de la Peña	0.1
LE-AAL-149	León	Duerna	Duerna I	Duero	Duero:EA519	mismo_rio	6.6	Piedras Albas	3.0
LE-9	León	Duerna	Duerna	Duero	Duero:EA519	mismo_rio	0.0	Filiel	1.1
LE-AAL-33	León	Duerna	Duerna II	Duero	Duero:EA519	mismo_rio	0.1	Quintanilla de Somoza	2.1
LE-10	León	Duerna	Priaranza	Duero	Duero:EA520	mismo_rio	3.0	Priaranza de la Valduerna	1.0
LE-AAL-8	León	Duerna	Duerna III	Duero	Duero:EA520	mismo_rio	0.0	Villalís de la Valduerna	0.5
LE-AAL-139	León	Arroyo el Reguero	Arroyo el Reguero	Duero	Duero:EA516	rio_principal	7.3	Gordoncillo	0.6
LE-AAL-245	León	Embalse de Benamarías	Embalse de Benamarías	Duero				Vanidodes	2.1
LE-AAL-65	León	Eria	Eria I	Duero	Duero:EA089	mismo_rio	7.8	Truchas	1.2
LE-AREC-14	León	Eria	Eria	Duero	Duero:EA089	mismo_rio	0.2	Morla de la Valdería	0.8
LE-8	León	Eria	Manzaneda	Duero	Duero:EA089	mismo_rio	5.8	Villar del Monte	1.5
LE-AAL-26	León	Eria	Eria III	Duero	Duero:EA089	mismo_rio	13.8	Castrocalbón	0.7
LE-AAL-237	León	Eria	Eria II	Duero	Duero:EA089	mismo_rio	0.0	Castrocontrigo	0.9
LE-EFIC-54	León	Esla	Esla I	Duero	Duero:EA529	mismo_rio	3.5	La Uña	0.1
LE-30	León	Esla	Acebedo	Duero	Duero:EA529	mismo_rio	0.0	Lario	0.7
LE-AREC-4	León	Esla	Embalse de Riaño	Duero	Duero:EA529	mismo_rio	1.2	Carande	0.3
LE-REFUG-10	León	Esla	Embalse de Riaño	Duero	Duero:EA102	mismo_rio	1.1	Las Salas	1.9
LE-EFIC-19	León	Esla	Esla I	Duero	Duero:EA102	mismo_rio	0.0	Villayandre	0.3
LE-AREC-5	León	Esla	Aleje	Duero	Duero:EA103	mismo_rio	1.6	Verdiago	0.8
LE-REFUG-87	León	Esla	Canal de Aguas Brabas de Sabero-Alejico	Duero	Duero:EA103	mismo_rio	1.4	Alejico	0.3
LE-AREC-46	León	Esla	Aleje II	Duero	Duero:EA103	mismo_rio	0.0	Santa Olaja de la Varga	0.7
LE-EFIC-20	León	Esla	Esla II	Duero	Duero:EA103	mismo_rio	0.6	Cistierna	0.9
LE-REFUG-12	León	Esla	Esla	Duero	Duero:EA103	mismo_rio	5.7	Sorriba	1.3
LE-EFIC-21	León	Esla	Esla III	Duero	Duero:EA103	mismo_rio	5.9	Vidanes	0.4
LE-35	León	Esla	Pesquera	Duero	Duero:EA103	mismo_rio	9.7	Pesquera	1.1
LE-EFIC-22	León	Esla	Esla IV	Duero	Duero:EA103	mismo_rio	15.5	Vega de Monasterio	1.1
LE-36	León	Esla	Gradefes	Duero	Duero:EA111	mismo_rio	17.0	San Cipriano de Rueda	0.8
LE-REFUG-73	León	Esla	Esla II (Coto Gradefes)	Duero	Duero:EA111	mismo_rio	18.5	Sahechores	0.8
LE-EFIC-23	León	Esla	Esla V	Duero	Duero:EA111	mismo_rio	13.1	Villahibiera	1.4
LE-37	León	Esla	Quintana de Rueda	Duero	Duero:EA111	mismo_rio	7.6	Villamondrín de Rueda	0.4
LE-EFIC-24	León	Esla	Esla VI	Duero	Duero:EA111	mismo_rio	0.3	Vega de los Árboles	1.5
LE-REFUG-74	León	Esla	Azud de Villomar	Duero	Duero:EA111	mismo_rio	0.1	Villomar	0.9
LE-EDS-5	León	Esla	Villomar	Duero	Duero:EA111	mismo_rio	0.0	Villafalé	0.6
LE-AREC-6	León	Esla	Mansilla de las Mulas	Duero	Duero:EA111	mismo_rio	4.1	Villacelama	1.5
LE-EFIC-25	León	Esla	Esla VII	Duero	Duero:EA710	mismo_rio	0.1	Villavidel	1.4
LE-REFUG-86	León	Esla	Azud de Villalobar	Duero	Duero:EA710	mismo_rio	0.7	Villalobar	1.3
LE-EFIC-62	León	Esla	Esla X	Duero	Duero:EA710	mismo_rio	0.7	Villalobar	2.2
LE-REFUG-78	León	Esla	Azud de Benamariel	Duero	Duero:EA711	mismo_rio	0.6	Benamariel	1.1
LE-EFIC-46	León	Esla	Esla VIII	Duero	Duero:EA711	mismo_rio	0.1	Cabañas	2.2
LE-AAL-28	León	Esla	Esla II	Duero	Duero:EA711	mismo_rio	9.2	Villaornate	1.8
LE-REFUG-40	León	Espino	Espino	Duero	Duero:EA519	rio_principal	2.5	Boisán	2.9
LE-REFUG-55	León	Fletina	Fletina	Miño-Sil	Miño-Sil:N037	rio_principal	23.5	Caboalles de Arriba	4.2
LE-AAL-46	León	Arroyo de Folledo	Arroyo de Folledo	Duero	Duero:EA514	rio_principal	5.4	Buiza	0.9
LE-AAL-163	León	Fontanina o Arroyo Tejedo	Fontanina o Arroyo Tejedo	Miño-Sil	Miño-Sil:N037	rio_principal	19.0	Tejedo del Sil	1.9
LE-AAL-269	León	Arroyo Fontonillas	Arroyo Fontonillas	Duero	Duero:EA711	rio_principal	10.0	Valencia de Don Juan	2.7
LE-AAL-79	León	Fontún	Fontún	Duero	Duero:EA098	rio_principal	0.0	Villamanín de la Tercia	0.4
LE-AAL-21	León	Arroyo de la Fuenfría	Arroyo de la Fuenfría	Duero	Duero:EA532	rio_principal	12.9	San Félix de Arce	1.2
LE-AAL-49	León	Arroyo de la Fuentona	Arroyo de la Fuentona	Duero	Duero:EA078	rio_principal	1.6	Puebla de Lillo	0.8
LE-REFUG-66	León	Gestoso	Gestoso	Miño-Sil	Miño-Sil:N008	rio_principal	8.6	Gestoso	0.6
LE-REFUG-7	León	Arroyo de Guspiada	Guspiada	Duero	Duero:EA550	rio_principal	4.6	Los Espejos de la Reina	4.1
LE-AAL-98	León	Arroyo de Guspiada	Arroyo de Guspiada	Duero	Duero:EA550	rio_principal	5.0	Barniedo de la Reina	2.3
LE-REFUG-9	León	Hormas	Hormas	Duero	Duero:EA550	rio_principal	2.9	Riaño	3.3
LE-EDS-4	León	Arroyo Huergas, canal Villares y arroyo San Vicente	Antoñán del Valle	Duero	Duero:EA077	rio_principal	13.5	Cogorderos	3.2
LE-AAL-96	León	Arroyo Huergas, canal Villares y arroyo San Vicente	Arroyo Huergas, canal Villares y arroyo San Vicente	Duero	Duero:EA156	rio_principal	3.6	San Cristóbal de la Polantera	0.2
LE-AAL-91	León	Irede	Irede	Duero	Duero:EA122	rio_principal	0.4	Irede de Luna	1.5
LE-AAL-68	León	Iruela	Iruela	Duero	Duero:EA089	rio_principal	18.1	Iruela	2.1
LE-REFUG-18	León	Isoba	Isoba o de San Isidro	Duero	Duero:EA078	rio_principal	9.2	San Isidro	0.2
LE-AAL-183	León	Isoba	Isoba	Duero	Duero:EA078	rio_principal	6.5	Isoba	2.1
LE-AAL-238	León	Jamuz	Jamuz II	Duero	Duero:EA718	mismo_rio	0.1	Santa Elena de Jamuz	0.4
LE-AAL-81	León	Jamuz	Jamuz I	Duero	Duero:EA718	mismo_rio	16.5	Quintanilla de Flórez	1.4
LE-AAL-86	León	Jerga	Jerga	Duero	Duero:EA156	rio_principal	6.2	Valdeviejas	1.1
LE-REFUG-51	León	La Chanada	Chanada	Miño-Sil				Caboalles de Abajo	2.3
LE-AAL-158	León	La Hullera	La Hullera	Miño-Sil	Miño-Sil:N037	rio_principal	30.0	Los Bayos	1.1
LE-ZHCIE-5	León	La Laguna de Lago	Laguna La Laguna Grande o La Laguna de Lago	Duero	Duero:EA532	rio_principal	19.7	Lago de Babia	1.8
LE-AAL-199	León	la Venta Pacinero	la Venta Pacinero	Duero	Duero:EA532	rio_principal	11.9	Torrebarrio	2.8
LE-ARE-2	León	Lago de Carucedo	Lago de Carucedo	Miño-Sil				Lago de Carucedo	0.6
LE-ZHCIE-26	León	Lago de Isoba	Lago de Isoba	Duero				Isoba	1.5
LE-ZHCIE-27	León	Lago de Truchillas	Lago de Truchillas	Duero				Truchillas	5.7
LE-ZHCIE-29	León	Lago del Ausente	Lago del Ausente	Duero				Isoba	2.7
LE-ZHCIE-6	León	Lagos de La Baña	Lagos de La Baña	Miño-Sil				La Baña	7.1
LE-AAL-254	León	Arroyo de la Laguna	Arroyo de la Laguna	Duero	Duero:EA711	rio_principal	15.8	Algadefe	0.9
LE-ZHCIE-1	León	Laguna Amor	Laguna Amor	Duero				San Llorente	2.8
LE-ZHCIE-25	León	Laguna de Cal	Laguna de Cal	Duero				Fontecha	2.1
LE-ZHCIE-36	León	Laguna de Chozas de Arriba	Laguna de Chozas de Arriba	Duero				Chozas de Arriba	1.3
LE-ZHCIE-34	León	Laguna de Cifuentes	Laguna de Cifuentes	Duero				San Llorente	2.9
LE-ZHCIE-4	León	Laguna de Grajalejo de las Matas	Laguna de Grajalejo de las Matas	Duero				Grajalejo de las Matas	1.4
LE-ZHCIE-7	León	Laguna de la Mata	Laguna de la Mata 1	Miño-Sil				Meroy	1.1
LE-ZHCIE-20	León	Laguna de La Raya	Laguna de La Raya o de los Picos	Duero				Valverde-Enrique	2.2
LE-ZHCIE-31	León	Laguna de Lago	Laguna de Lago	Duero				Riolago de Babia	4.8
LE-ZHCIE-14	León	Laguna de Las Verdes	Laguna de Las Verdes	Duero				Torre de Babia	3.8
LE-ZHCIE-2	León	Laguna de Linos	Laguna de Linos	Duero				Valverde-Enrique	1.5
LE-ZHCIE-18	León	Laguna de los Carnachos	Laguna de los Carnachos	Duero				El Burgo Ranero	0.3
LE-ZHCIE-8	León	Laguna de Som	Laguna de Som	Duero				Meizara	1.8
LE-ZHCIE-23	León	Laguna de Villadangos del Páramo	Laguna de Villadangos del Páramo	Duero				Villadangos del Páramo	0.7
LE-ZHCIE-28	León	Laguna de Villagán	Laguna de Llagán o Villagán	Duero				San Miguel de Montañán	1.2
LE-AAL-240	León	Laguna de Villastrigo	Laguna de Villaestrigo	Duero				Villaestrigo del Páramo	0.4
LE-ZHCIE-3	León	Laguna del Gamonal	Laguna del Gamonal	Duero				Quintanilla de los Oteros	2.9
LE-ZHCIE-19	León	Laguna del Miro	Laguna de la Mata 3 o Laguna del Miro	Miño-Sil				Meroy	1.1
LE-ZHCIE-16	León	Laguna del Rey	Laguna del Rey	Duero				Meizara	2.7
LE-ZHCIE-15	León	Laguna del Sierro	Laguna de la Mata 4 o Laguna del Sierro	Miño-Sil				La Vega de los Viejos	0.9
LE-ZHCIE-22	León	Laguna del Troiquín	Laguna de la Mata 2 o Laguna del Troiquín	Miño-Sil				Meroy	0.9
LE-ZHCIE-12	León	Laguna Grande de Bercianos del Real Camino	Laguna Grande de Bercianos del Real Camino	Duero				Bercianos del Real Camino	2.3
LE-ZHCIE-33	León	Laguna Grande de Valverde-Enrique	Laguna Grande de Valverde-Enrique	Duero				Valverde-Enrique	1.8
LE-ZHCIE-35	León	Laguna La Laguna	Laguna La Laguna	Duero				Antimio de Abajo	0.9
LE-ZHCIE-30	León	Laguna La Laguna	Laguna La Laguna	Duero				Palacios de Jamuz	2.4
LE-ZHCIE-24	León	Laguna Malicioso	Laguna Malicioso	Duero				Truchillas	5.0
LE-ZHCIE-11	León	Laguna Pozo Cheiroso	El Miro o Laguna Pozo Cheiroso	Miño-Sil				Valdeprado	2.3
LE-ZHCIE-10	León	Laguna Vallejos	Laguna Vallejos	Duero				San Miguel de Montañán	1.4
LE-ZHCIE-21	León	Laguna Velaza	Laguna Velaza	Duero				Villamuñio	1.6
LE-AAL-241	León	Laguna Zotes del Páramo	Laguna Zotes del Páramo	Duero				Zotes del Páramo	0.2
LE-AAL-246	León	Lagunas artificiales de Marne	Lagunas artificiales de Marne	Duero				Marne	0.7
LE-AAL-247	León	Lagunas artificiales Villaverde de Sandoval	Lagunas artificiales Villaverde de Sandoval	Duero				Villaverde de Sandoval	1.1
LE-ZHCIE-9	León	Lagunas de los Hoyos de Vargas 1	Lagunas de los Hoyos de Vargas 1	Duero				Cardaño de Arriba	4.6
LE-ZHCIE-17	León	Lagunas de los Hoyos de Vargas 2	Lagunas de los Hoyos de Vargas 2	Duero				Cardaño de Arriba	4.8
LE-AAL-243	León	Lagunas de Palanquinos	Lagunas de Palanquinos	Duero				Villarroañe	1.2
LE-AAL-248	León	Lagunas de Saludes de Castroponce	Lagunas de Saludes de Castroponce	Duero				Saludes de Castroponce	2.7
LE-AAL-244	León	Lagunas de Valcabado	Lagunas de Valcabado	Duero				Valcabado del Páramo	1.9
LE-AAL-273	León	Lagunas de Valderrey	Lagunas de Valderrey	Duero				Castrillo de las Piedras	1.2
LE-AAL-242	León	Lagunas del Campo de Villavidel	Lagunas del Campo de Villavidel	Duero				Campo de Villavidel	1.7
LE-ZHCIE-32	León	Lagunas Sentiz	Lagunas Sentiz	Duero				Valdepolo	2.7
LE-AAL-252	León	Arroyo de las Largas	Arroyo de las Largas	Duero	Duero:EA074	rio_principal	14.3	Villafer	2.0
LE-REFUG-6	León	Lechada	Lechada	Duero	Duero:EA550	rio_principal	8.8	Portilla de la Reina	0.8
LE-REFUG-41	León	LLamas	LLamas	Duero	Duero:EA519	rio_principal	4.6	Pozos	5.3
LE-AAL-71	León	Llastres y del Valle	Llastres y  del Valle	Duero	Duero:EA089	rio_principal	13.8	Valdavido	0.2
LE-AAL-197	León	Arroyo de la Loba	Arroyo de la Loba	Duero	Duero:EA532	rio_principal	2.4	Sena de Luna	2.2
LE-EFIC-56	León	Luna	Luna I	Duero	Duero:EA532	mismo_rio	4.9	Huergas de Babia	1.1
LE-13	León	Luna	Villafeliz	Duero	Duero:EA532	mismo_rio	0.0	Villafeliz de Babia	0.8
LE-EFIC-57	León	Luna	Luna II	Duero	Duero:EA532	mismo_rio	0.0	Sena de Luna	1.4
LE-AREC-9	León	Luna	Embalse de Luna	Duero	Duero:EA532	mismo_rio	0.7	Pobladura de Luna	0.9
LE-REFUG-33	León	Luna	Embalse de Barrios de Luna	Duero	Duero:EA188	mismo_rio	0.7	Los Barrios de Luna	0.5
LE-AAL-9	León	Luna	Luna III	Duero	Duero:EA122	mismo_rio	0.0	Mora de Luna	2.3
LE-14	León	Luna	Garaño	Duero	Duero:EA075	mismo_rio	0.0	Vega de Caballeros	1.4
LE-AREC-10	León	Luna	La Magdalena	Duero	Duero:EA075	mismo_rio	4.3	Canales	1.6
LE-AREC-30	León	Luna	Embalse Selga de Ordás	Duero	Duero:EA075	mismo_rio	7.0	Selga de Ordás	1.2
LE-REFUG-34	León	Luna	Contraembalse de Selga de Ordas	Duero	Duero:EA075	mismo_rio	7.0	Selga de Ordás	0.6
LE-15	León	Luna	Rioseco	Duero	Duero:EA075	mismo_rio	8.1	Rioseco de Tapia	1.0
LE-EFIC-15	León	Luna	Luna	Duero	Duero:EA075	mismo_rio	10.4	Villarrodrigo de Ordás	1.1
LE-16	León	Luna	Villarroquel	Duero	Duero:EA075	mismo_rio	16.1	Secarejo	0.9
LE-REFUG-53	León	Arroyo De Matalavilla	Matalavilla	Miño-Sil	Miño-Sil:N037	rio_principal	13.0	Matalavilla	0.3
LE-AAL-215	León	Mazaco	Mazaco	Miño-Sil				Bargelas	0.6
LE-AAL-40	León	Arroyo de la Mediana	Arroyo de la Mediana	Duero	Duero:EA150	rio_principal	1.3	Orzonaga	0.5
LE-AAL-153	León	Meruelo	Meruelo II	Miño-Sil				Molinaseca	1.5
LE-AAL-154	León	Meruelo	Meruelo I	Miño-Sil				Acebo	0.9
LE-REFUG-28	León	Millaró	Millaró	Duero	Duero:EA098	rio_principal	3.7	Millaro	0.1
LE-REFUG-2	León	Arroyo de Mirva	Mirva	Duero	Duero:EA529	rio_principal	1.3	Burón	1.9
LE-AAL-73	León	Arroyo del Molinín	Arroyo del Molinín	Duero	Duero:EA711	rio_principal	3.3	Cabañas	2.2
LE-AAL-39	León	Arroyo de los Molinos	Arroyo de los Molinos (LE)	Duero	Duero:EA150	rio_principal	1.6	Naredo de Fenar	1.1
LE-AAL-141	León	Moro	Moro	Duero	Duero:EA112	rio_principal	4.0	Palazuelo de Eslonza	0.3
LE-AAL-275	León	Arroyo de Muelas	Laguna Brañuelas	Duero				Brañuelas	1.4
LE-REFUG-37	León	Arroyo de Muelas	Muelas	Duero				Brañuelas	2.9
LE-AAL-70	León	Ñácere	Ñácere	Duero	Duero:EA089	rio_principal	8.6	Quintanilla de Yuso	1.9
LE-REFUG-5	León	Naranco	Naranco	Duero	Duero:EA550	rio_principal	9.5	Llánaves de la Reina	1.5
LE-REFUG-32	León	Arroyo de Naves	Añaz o Naves	Duero	Duero:EA532	rio_principal	3.3	Villafeliz de Babia	1.8
LE-AAL-190	León	Negro	Negro	Duero	Duero:EA138	rio_principal	1.5	Santibáñez de la Lomba	1.0
LE-AAL-92	León	Noceda	Noceda	Miño-Sil	Miño-Sil:A019	rio_principal	8.4	Labaniego	1.9
LE-AAL-192	León	Arroyo de Ollero	Arroyo de Ollero	Duero	Duero:EA510	rio_principal	3.3	Sorribos de Alba	0.6
LE-EFIC-58	León	Omaña	Omaña I	Duero	Duero:EA138	mismo_rio	9.4	Villanueva de Omaña	1.8
LE-11	León	Omaña	El Castillo	Duero	Duero:EA138	mismo_rio	4.9	Vegarienza	0.4
LE-EFIC-60	León	Omaña	Omaña II	Duero	Duero:EA138	mismo_rio	2.9	Guisatecha	0.8
LE-12	León	Omaña	La Omañuela	Duero	Duero:EA138	mismo_rio	0.0	Pandorado	0.9
LE-EFIC-59	León	Omaña	Omaña III	Duero	Duero:EA076	mismo_rio	0.0	La Utrera	0.9
LE-AAL-22	León	Arroyo de la Oncina	Arroyo de la Oncina	Duero	Duero:EA710	rio_principal	5.6	Grulleros	1.6
LE-AAL-218	León	Oracheiro o de Sosas	Oracheiro o de Sosas	Miño-Sil	Miño-Sil:N037	rio_principal	27.3	Sosas de Laciana	0.6
LE-EFIC-16	León	Órbigo	Órbigo I	Duero	Duero:EA061	mismo_rio	11.2	Cimanes del Tejar	0.5
LE-EDS-3	León	Órbigo	Villanueva del Carrizo	Duero	Duero:EA061	mismo_rio	6.7	Carrizo de la Ribera	0.8
LE-17	León	Órbigo	Sardonedo	Duero	Duero:EA061	mismo_rio	0.9	Sardonedo	0.7
LE-AREC-11	León	Órbigo	El Balsón	Duero	Duero:EA061	mismo_rio	0.7	Gavilanes de Órbigo	0.9
LE-REFUG-75	León	Órbigo	Órbigo	Duero	Duero:EA061	mismo_rio	0.6	Gavilanes de Órbigo	1.0
LE-EDS-2	León	Órbigo	Santa Marina del Rey	Duero	Duero:EA061	mismo_rio	0.0	Gavilanes de Órbigo	1.3
LE-EFIC-41	León	Órbigo	Órbigo II	Duero	Duero:EA061	mismo_rio	4.6	Puente de Órbigo	0.3
LE-EFIC-37	León	Órbigo	Órbigo III	Duero	Duero:EA061	mismo_rio	5.2	Hospital de Órbigo	0.7
LE-AREC-12	León	Órbigo	Órbigo	Duero	Duero:EA061	mismo_rio	5.6	Castrillo de San Pelayo	0.5
LE-REFUG-76
	León	Órbigo	Órbigo II	Duero	Duero:EA061	mismo_rio	10.9	San Pelayo	0.3
LE-EFIC-17	León	Órbigo	Órbigo IV	Duero	Duero:EA061	mismo_rio	11.0	Villamediana de la Vega	0.8
LE-AREC-31	León	Órbigo	Puente Paulón	Duero	Duero:EA060	mismo_rio	8.1	Soto de la Vega	0.8
LE-EFIC-18	León	Órbigo	Órbigo V	Duero	Duero:EA060	mismo_rio	0.0	San Juan de Torres	1.6
LE-AAL-239	León	Órbigo	Laguna de Altobar de la Encomienda	Duero	Duero:EA060	mismo_rio	9.2	Altobar de la Encomienda	0.7
LE-AAL-5	León	Órbigo	Órbigo I	Duero	Duero:EA060	mismo_rio	9.9	Altobar de la Encomienda	1.7
LE-AAL-196	León	Orugo	Orugo	Duero	Duero:EA532	rio_principal	8.6	Genestosa	0.3
LE-REFUG-3-b	León	Orza	Orza	Duero	Duero:EA535	mismo_rio	8.6	Casasuertes	4.1
LE-REFUG-3	León	Orza	Orza	Duero	Duero:EA535	mismo_rio	2.6	Casasuertes	3.0
LE-AAL-106	León	Orza	Orza	Duero	Duero:EA535	mismo_rio	0.0	Vegacerneja	1.7
LE-AAL-18	León	Arroyo de Oville	Arroyo de Oville	Duero	Duero:EA011	rio_principal	3.3	Remellán	0.8
LE-AAL-177	León	Oza	Oza	Miño-Sil	Miño-Sil:N003	rio_principal	6.9	San Clemente de Valdueza	0.7
LE-AAL-176	León	Ozuela	Ozuela	Miño-Sil	Miño-Sil:N003	rio_principal	4.8	Ozuela	0.9
LE-AAL-160	León	Palacios	Palacios	Miño-Sil	Miño-Sil:N037	rio_principal	15.3	Palacios del Sil	2.1
LE-AAL-119	León	Arroyo de Palomera	Arroyo de Palomera	Duero	Duero:EA542	rio_principal	4.8	Canseco	0.7
LE-AAL-102	León	Arroyo de Pardaminos	Arroyo de Pardaminos	Duero	Duero:EA011	rio_principal	0.2	Poblado del Pantano del Porma	0.4
LE-REFUG-85	León	Arroyo de Pardaminos	Arroyo de Pardaminos	Duero	Duero:EA011	rio_principal	0.9	Poblado del Pantano del Porma	4.0
LE-AAL-82	León	Arroyo de Peñacorada y de la Llama	Arroyo de Peñacorada y de la Llama	Duero	Duero:EA104	rio_principal	12.1	Cebanico	1.8
LE-AAL-207	León	Pequeño	Pequeño (LE)	Duero	Duero:EA089	rio_principal	6.1	Pozos	1.7
LE-AAL-122	León	Arroyo de Piedrasecha	Arroyo de Piedrasecha	Duero				Viñayo	1.0
LE-REFUG-84	León	Arroyo del Pinar	Arroyo del Pinar	Duero	Duero:EA078	rio_principal	8.0	Cofiñal	3.6
LE-AAL-50	León	Arroyo del Pinzón	Arroyo del Pinzón	Duero	Duero:EA078	rio_principal	7.8	Isoba	2.3
LE-AAL-258	León	Arroyo de las Pisonas	Arroyo de las Pisonas	Duero	Duero:EA711	rio_principal	19.2	Villaornate	1.1
LE-AAL-220	León	Porcarizas	Porcarizas	Miño-Sil	Miño-Sil:A142	rio_principal	2.2	Porcarizas	0.1
LE-REFUG-17	León	Porma	Porma	Duero	Duero:EA078	mismo_rio	7.8	Cofiñal	4.9
LE-EFIC-55	León	Porma	Porma	Duero	Duero:EA078	mismo_rio	1.9	Cofiñal	0.5
LE-23	León	Porma	Vegamián	Duero	Duero:EA078	mismo_rio	0.0	San Cibrián de la Somoza	1.9
LE-AREC-2	León	Porma	Embalse del Porma	Duero	Duero:EA011	mismo_rio	0.8	Valdehuesa	1.8
LE-REFUG-21	León	Porma	Embalse del Porma	Duero	Duero:EA011	mismo_rio	0.0	Poblado del Pantano del Porma	0.7
LE-EFIC-31	León	Porma	Porma	Duero	Duero:EA011	mismo_rio	0.3	Poblado del Pantano del Porma	0.9
LE-REFUG-22	León	Porma	Porma II	Duero	Duero:EA011	mismo_rio	8.0	La Mata de la Riba	0.7
LE-25	León	Porma	Vegaquemada	Duero	Duero:EA011	mismo_rio	8.6	Palazuelo de Boñar	1.0
LE-REFUG-23	León	Porma	Porma III	Duero	Duero:EA011	mismo_rio	14.3	Candanedo de Boñar	0.4
LE-AREC-3	León	Porma	Lugán	Duero	Duero:EA011	mismo_rio	14.6	Lugán	0.4
LE-EFIC-33	León	Porma	Porma II	Duero	Duero:EA112	mismo_rio	15.0	Cerezales del Condado	2.6
LE-REFUG-72	León	Porma	Porma V	Duero	Duero:EA112	mismo_rio	12.0	Devesa de Curueño	0.9
LE-26	León	Porma	Cerezales	Duero	Duero:EA112	mismo_rio	9.9	Devesa de Curueño	0.8
LE-ARE-1	León	Porma	Aula del Rio Miguel Delibes	Duero	Duero:EA112	mismo_rio	9.3	Vegas del Condado	0.8
LE-REFUG-24	León	Porma	Porma IV	Duero	Duero:EA112	mismo_rio	8.8	Vegas del Condado	1.3
LE-EFIC-34	León	Porma	Porma III	Duero	Duero:EA112	mismo_rio	6.8	Villanueva del Condado	1.4
LE-27	León	Porma	El Condado I	Duero	Duero:EA112	mismo_rio	2.5	Villafruela del Condado	1.0
LE-EFIC-35	León	Porma	Porma IV	Duero	Duero:EA112	mismo_rio	1.7	Villafruela del Condado	0.7
LE-REFUG-25	León	Porma	Porma VI	Duero	Duero:EA112	mismo_rio	1.8	Castrillo del Condado	0.7
LE-28	León	Porma	El Condado II	Duero	Duero:EA112	mismo_rio	0.0	Santa Olaja de Porma	0.7
LE-EFIC-36	León	Porma	Porma V	Duero	Duero:EA112	mismo_rio	2.4	Villabúrbula	1.3
LE-AREC-29	León	Porma	Marne	Duero	Duero:EA112	mismo_rio	7.4	Nogales de Mansilla	0.7
LE-AAL-36	León	Porquera	Porquera	Duero				Porqueros	1.8
LE-AAL-10	León	Arroyo Portilla	Arroyo Portilla	Duero	Duero:EA075	rio_principal	1.3	Vega de Caballeros	1.4
LE-AAL-89	León	Pousadela	Pousadela	Miño-Sil				San Julián	1.9
LE-ZHCIE-13	León	Pozo Butrero	Pozo Butrero	Duero	Duero:EA550	rio_principal	14.4	Llánaves de la Reina	2.7
LE-AAL-263	León	Arroyo de los Pradicos	Arroyo de los Pradicos	Duero	Duero:EA074	rio_principal	17.0	Villafer	1.9
LE-AAL-186	León	Arroyo de Presilla	Arroyo de Presilla	Duero	Duero:EA077	rio_principal	2.1	Donillas	2.1
LE-REFUG-54	León	Primout	Primout	Miño-Sil	Miño-Sil:N037	rio_principal	3.2	Pardamaza	3.0
LE-REFUG-83	León	Puerma	Puerma	Duero	Duero:EA550	rio_principal	14.6	Santa Marina de Valdeón	3.7
LE-AAL-13	León	Puerma	Puerma	Duero	Duero:EA550	rio_principal	12.3	Portilla de la Reina	4.6
LE-AAL-259	León	Arroyo de la Raya	Arroyo de la Raya	Duero	Duero:EA711	rio_principal	18.4	Villarrabines	1.9
LE-AAL-84	León	Arroyo del Rebedul	Arroyo del Rebedul II	Duero	Duero:EA104	rio_principal	6.3	Canalejas	2.3
LE-AAL-48	León	Arroyo de Rebueno	Arroyo de Rebueno	Duero	Duero:EA078	rio_principal	4.7	Puebla de Lillo	3.2
LE-AAL-97	León	Arroyo Redecillo	Arroyo Redecillo	Duero				Quintanilla del Valle	2.0
LE-AAL-264	León	Arroyo Reguera	Arroyo Reguera	Duero	Duero:EA711	rio_principal	18.1	Castrofuerte	1.7
LE-AAL-140	León	Arroyo de la Reguera	Arroyo de la Reguera	Duero	Duero:EA516	rio_principal	7.4	Gordoncillo	2.2
LE-AAL-53	León	Reguera Viciella	Reguera Viciella	Duero	Duero:EA077	rio_principal	2.4	Abano	0.7
LE-AAL-85	León	Arroyo de los Reguerales	Arroyo de los Reguerales I	Duero				Pobladura de Pelayo García	1.3
LE-AAL-60	León	Reguero de los Muriales	Reguero de los Muriales	Duero	Duero:EA532	rio_principal	8.6	Torrebarrio	0.8
LE-AAL-164	León	Reguero El Cepedal	Reguero El Cepedal	Miño-Sil	Miño-Sil:N037	rio_principal	13.2	Salientes	2.7
LE-AAL-280	León	Arroyo del Reguerón	Embalse de Vegas del Condado	Duero	Duero:EA112	rio_principal	11.4	Santa María del Monte Condado	1.7
LE-AAL-216	León	Arroyo del Reguerón	Arroyo del Reguerón	Duero	Duero:EA112	rio_principal	0.9	Secos del Condado	0.6
LE-REFUG-13	León	Remolina	Remolina	Duero	Duero:EA157	mismo_rio	0.0	Remolina	2.0
LE-REFUG-13-b	León	Remolina	Remolina	Duero	Duero:EA157	mismo_rio	0.1	Las Salas	1.9
LE-REFUG-19	León	Arroyo Respina	Illarga (o Respina)	Duero	Duero:EA078	rio_principal	4.7	Villaverde de la Cuerna	2.8
LE-AAL-142	León	Riacho de la Nava	Riacho de la Nava	Duero	Duero:EA111	rio_principal	14.8	Nava de los Caballeros	0.1
LE-AAL-7	León	Arroyo de Riocamba	Arroyo de Riocamba	Duero	Duero:EA104	rio_principal	0.1	Valdavida	2.5
LE-AAL-94	León	Arroyo de Riofrío	Arroyo de Riof	Duero	Duero:EA075	rio_principal	20.4	Riofrío	1.5
LE-AAL-193	León	Arroyo de Riolago	Arroyo de Riolago	Duero	Duero:EA532	rio_principal	9.3	Riolago de Babia	0.5
LE-AAL-136	León	Arroyo de Riosequín	Arroyo de Riosequín	Duero	Duero:EA510	rio_principal	8.5	Campo y Santibáñez	1.3
LE-AAL-138	León	Riosequino	Riosequino	Duero				Riosequino de Torío	0.5
LE-AAL-3	León	Riosol	Riosol	Duero	Duero:EA529	rio_principal	8.1	Maraña	2.1
LE-AAL-225	León	Rodiezmo	Rodiezmo	Duero	Duero:EA098	rio_principal	0.4	Rodiezmo	1.1
LE-AAL-37	León	Arroyo de Rodrigatos	Arroyo de Rodrigatos	Duero				Benamarías	0.8
LE-AAL-67	León	Arroyo de las Rubias	Arroyo de las Rubias	Duero	Duero:EA089	rio_principal	18.0	Corporales	3.4
LE-AAL-145	León	Arroyo del Rujidero	Arroyo del Rujidero	Duero	Duero:EA073	rio_principal	14.7	Joarilla de las Matas	1.9
LE-AAL-44	León	Arroyo de Sabugo	Arroyo de Sabugo	Duero	Duero:EA138	rio_principal	12.0	Sabugo	1.0
LE-AAL-17	León	Salceda	Salceda	Duero	Duero:EA550	rio_principal	8.5	Portilla de la Reina	1.2
LE-AAL-23	León	Arroyo del Salguiral	Arroyo del Salguiral	Duero				Vanidodes	1.2
LE-REFUG-52	León	Arroyo de San Miguel	San Miguel	Miño-Sil				Orallo	3.0
LE-AAL-278	León	Arroyo San Miguel	Arroyo San Miguel	Miño-Sil	Miño-Sil:A019	rio_principal	5.5	Igüeña	1.6
LE-AAL-6	León	Arroyo de San Pedro	Arroyo de San Pedro (LE)	Duero	Duero:EA104	rio_principal	12.1	Calaveras de Arriba	0.2
LE-AAL-115	León	Seco	Seco (LE)	Miño-Sil				Pereda	1.6
LE-REFUG-70	León	Sella	Sella	Cantábrico	Cantábrico:1297	mismo_rio	0.0	Pío de Sajambre	1.8
LE-AAL-133	León	Selmo	Selmo	Miño-Sil	Miño-Sil:N008	mismo_rio	0.0	Castropetre	1.0
LE-AAL-250	León	Sequillo	Sequillo I	Duero				Riosequillo	1.2
LE-AAL-249	León	Sequillo	Sequillo III	Duero	Duero:EA124	mismo_rio	45.9	Escobar de Campos	0.9
LE-AAL-128	León	Arroyo Serranos	Arroyo Serranos	Duero	Duero:EA089	rio_principal	4.0	Torneros de la Valdería	2.6
LE-AAL-41	León	Arroyo Sierra Valle de Fenar	Arroyo Sierra Valle de Fenar	Duero	Duero:EA150	rio_principal	1.2	Naredo de Fenar	0.3
LE-REFUG-68	León	Sil	Sil	Miño-Sil	Miño-Sil:N037	mismo_rio	34.7	La Cueta	0.3
LE-AAL-111	León	Sil	Sil I	Miño-Sil	Miño-Sil:N037	mismo_rio	32.4	Piedrafita de Babia	1.7
LE-AAL-219	León	Sil	Sil I	Miño-Sil	Miño-Sil:N037	mismo_rio	25.7	Robles de Laciana	0.5
LE-AREC-42	León	Sil	Embalse de las Rozas	Miño-Sil	Miño-Sil:N037	mismo_rio	22.2	Rabanal de Abajo	0.2
LE-REFUG-57	León	Sil	Embalse de las Rozas	Miño-Sil	Miño-Sil:N037	mismo_rio	22.0	Villarino del Sil	0.9
LE-EFIC-7	León	Sil	Sil I	Miño-Sil	Miño-Sil:N037	mismo_rio	19.0	Villarino del Sil	1.2
LE-AREC-15	León	Sil	Palacios del Sil	Miño-Sil	Miño-Sil:N037	mismo_rio	14.4	Palacios del Sil	1.1
LE-EFIC-8	León	Sil	Sil II	Miño-Sil	Miño-Sil:N037	mismo_rio	11.0	Palacios del Sil	2.6
LE-AREC-19	León	Sil	Ondinas	Miño-Sil	Miño-Sil:N037	mismo_rio	10.5	Susañe del Sil	2.9
LE-REFUG-58	León	Sil	Embalse de las Ondinas	Miño-Sil	Miño-Sil:N037	mismo_rio	10.4	Susañe del Sil	2.3
LE-EFIC-9	León	Sil	Sil III	Miño-Sil	Miño-Sil:N037	mismo_rio	0.0	Santa Cruz del Sil	1.2
LE-41	León	Sil	Toreno	Miño-Sil	Miño-Sil:N037	mismo_rio	4.9	Toreno	0.6
LE-AREC-45	León	Sil	Embalse de Bárcena	Miño-Sil	Miño-Sil:N003	mismo_rio	4.0	Santa Marina del Sil	0.6
LE-REFUG-60	León	Sil	Embalse de Bárcena	Miño-Sil	Miño-Sil:N003	mismo_rio	3.8	Santo Tomás de las Ollas	2.9
LE-AREC-44	León	Sil	Embalse de la Fuente del Azufre	Miño-Sil	Miño-Sil:N003	mismo_rio	1.6	Santo Tomás de las Ollas	1.6
LE-REFUG-61	León	Sil	Embalse de la Fuente del Azufre	Miño-Sil	Miño-Sil:N003	mismo_rio	1.3	Santo Tomás de las Ollas	1.0
LE-EFIC-27	León	Sil	Sil V	Miño-Sil	Miño-Sil:N003	mismo_rio	0.0	Compostilla	0.9
LE-EDS-1	León	Sil	Ponferrada	Miño-Sil	Miño-Sil:N003	mismo_rio	0.0	La Martina	1.0
LE-AREC-32	León	Sil	Sil	Miño-Sil	Miño-Sil:N003	mismo_rio	15.4	Requejo	0.9
LE-EFIC-28	León	Sil	Sil VI	Miño-Sil	Miño-Sil:N003	mismo_rio	5.8	Villaverde de la Abadía	1.1
LE-EFIC-29	León	Sil	Sil VII	Miño-Sil	Miño-Sil:A030	mismo_rio	14.0	Carril	0.7
LE-AAL-123	León	Sil	Embalse de Campañana	Miño-Sil	Miño-Sil:N003	mismo_rio	14.1	Carucedo	1.9
LE-AREC-23	León	Sil	Peñarrubia	Miño-Sil	Miño-Sil:A030	mismo_rio	12.8	Cancela	0.5
LE-AAL-279	León	Sil	Campañana	Miño-Sil	Miño-Sil:N003	mismo_rio	15.7	Carucedo	1.0
LE-REFUG-63	León	Sil	Embalse de Peñarrubia	Miño-Sil	Miño-Sil:A030	mismo_rio	12.6	Salas de la Ribera	2.3
LE-EFIC-30	León	Sil	Sil VIII	Miño-Sil	Miño-Sil:A030	mismo_rio	10.9	Salas de la Ribera	0.5
LE-AAL-185	León	Silván	Silván	Duero	Duero:EA078	rio_principal	0.7	Puebla de Lillo	0.2
LE-AAL-19	León	Arroyo Solayomba	Arroyo Solayomba	Duero	Duero:EA011	rio_principal	6.5	Boñar	0.9
LE-AAL-181	León	Solle	Solle	Duero	Duero:EA078	rio_principal	1.1	San Cibrián de la Somoza	0.3
LE-REFUG-49	León	Sosas	Sosas	Miño-Sil	Miño-Sil:N037	rio_principal	29.4	Lumajo	5.2
LE-AAL-265	León	Arroyo Soto de Rey	Arroyo Soto de Rey	Duero	Duero:EA711	rio_principal	13.8	Toral de los Guzmanes	3.8
LE-REFUG-45	León	Suertes	Suertes o de la Vega	Miño-Sil	Miño-Sil:A022	rio_principal	8.7	Candín	1.0
LE-AAL-221	León	Tejeira	Tejeira	Miño-Sil	Miño-Sil:A142	rio_principal	1.0	Porcarizas	3.1
LE-AAL-208	León	Arroyo de la Tiembla	Arroyo de la Tiembla	Duero	Duero:EA089	rio_principal	21.7	Villarino	4.2
LE-AAL-78	León	Arroyo Tonín	Arroyo Tonín	Duero	Duero:EA098	rio_principal	7.9	Tonín	0.5
LE-EFIC-49	León	Torío	Torío I	Duero	Duero:EA542	mismo_rio	0.4	Villanueva de Pontedo	0.3
LE-20	León	Torío	Felmín	Duero	Duero:EA542	mismo_rio	0.0	Felmín	0.8
LE-REFUG-31	León	Torío	Torío	Duero	Duero:EA542	mismo_rio	4.0	Felmín	1.5
LE-EFIC-47	León	Torío	Torío II	Duero	Duero:EA150	mismo_rio	0.0	Serrilla	0.3
LE-EFIC-48	León	Torío	Torío III	Duero	Duero:EA150	mismo_rio	0.6	Palazuelo de Torío	0.6
LE-AAL-109	León	Arroyo de Torre	Arroyo de Torre	Duero	Duero:EA532	rio_principal	10.3	Torre de Babia	1.0
LE-AAL-25	León	Torre	Torre	Duero	Duero:EA075	rio_principal	6.1	Carrocera	1.2
LE-AAL-198	León	Torrestío	de Torrestío	Duero	Duero:EA532	rio_principal	4.0	San Emiliano	0.3
LE-AAL-260	León	Arroyo de Trasderey	Arroyo de Trasderey	Duero	Duero:EA711	rio_principal	10.5	Valencia de Don Juan	3.3
LE-AAL-256	León	Arroyo de la Traviesa	Arroyo de la Traviesa	Duero	Duero:EA711	rio_principal	17.2	Algadefe	1.7
LE-AAL-170	León	Trayecto	del Trayecto	Miño-Sil	Miño-Sil:A022	rio_principal	12.7	Peranzanes	2.0
LE-REFUG-64	León	Tremor	Tremor	Miño-Sil	Miño-Sil:N036	mismo_rio	0.5	Pobladura de las Regueras	3.6
LE-AAL-231	León	Tremor	Tremor	Miño-Sil	Miño-Sil:N036	mismo_rio	0.0	La Granja de San Vicente	2.1
LE-AAL-66	León	Truchillas	Truchillas	Duero	Duero:EA089	rio_principal	15.0	Truchillas	0.8
LE-AAL-210	León	Tuejar	Tuejar	Duero	Duero:EA104	rio_principal	19.7	Renedo de Valdetuéjar	1.1
LE-REFUG-81	León	Tuerto	Tuerto	Duero				Cuénabres	4.0
LE-AAL-107	León	Tuerto	Tuerto (LE)	Duero				Retuerto	1.4
LE-AREC-13	León	Tuerto	Villameca	Duero	Duero:EA077	mismo_rio	0.3	Palaciosmil	1.5
LE-REFUG-36	León	Tuerto	Embalse de Villameca	Duero	Duero:EA077	mismo_rio	0.1	Villameca	0.9
LE-AAL-223	León	Tuerto	Embalse de Villagatón	Duero	Duero:EA547	mismo_rio	6.0	Villagatón	1.1
LE-EFIC-44	León	Tuerto	Tuerto I	Duero	Duero:EA077	mismo_rio	0.0	Castrillos de Cepeda	0.2
LE-EFIC-12	León	Tuerto	Tuerto II	Duero	Duero:EA156	mismo_rio	0.0	Barrientos	0.4
LE-AAL-61	León	Turienzo	Turienzo	Duero	Duero:EA156	rio_principal	4.9	San Martín del Agostedo	0.9
LE-AAL-206	León	Valcarce	Valcarce I	Miño-Sil				Ambasmestas	0.7
LE-2	León	Valcarce	Pereje	Miño-Sil				Pereje	0.8
LE-AAL-233	León	Valcarce	Valcarce II	Miño-Sil				Villafranca del Bierzo	1.4
LE-AAL-209	León	Arroyo de Valcuende	Arroyo de Valcuende I	Duero	Duero:EA104	rio_principal	18.7	Valcuende	0.9
LE-AAL-83	León	Arroyo de Valcuende	Arroyo de Valcuende III	Duero	Duero:EA104	rio_principal	6.3	Calaveras de Arriba	1.0
LE-AAL-188	León	Valdaín	Valdaín	Duero	Duero:EA138	rio_principal	7.3	Garueña	0.6
LE-AAL-267	León	Arroyo Valdelapega	Arroyo Valdelapega	Duero	Duero:EA711	rio_principal	12.5	Fáfilas	3.3
LE-AAL-27	León	Arroyo de Valdelimbre	Arroyo de Valdelimbre	Duero	Duero:EA082	rio_principal	20.3	Castrocalbón	2.5
LE-AAL-137	León	Valdellorna	Valdellorna	Duero	Duero:EA103	rio_principal	7.0	San Bartolomé de Rueda	0.4
LE-AAL-34	León	Arroyo de Valdemedián	Arroyo de Valdemedián	Duero	Duero:EA519	rio_principal	0.6	Boisán	0.9
LE-AAL-162	León	Arroyo De Valdeprado	de Valdeprado	Miño-Sil	Miño-Sil:N037	rio_principal	7.0	Valdeprado	2.1
LE-AAL-130	León	Valderaduey	Valderaduey I	Duero	Duero:EA105	mismo_rio	6.3	Sotillo de Cea	0.2
LE-REFUG-35	León	Valdesamario	Valdesamario (o de Ponjos)	Duero	Duero:EA076	rio_principal	2.7	Barrio la Parte	1.4
LE-AAL-234	León	Arroyo de Valdesamario	Arroyo de Valdesamario	Duero	Duero:EA076	rio_principal	2.8	Barrio la Parte	2.7
LE-EFIC-5	León	Arroyo de Valdeteja	Arroyo de Valdeteja	Duero	Duero:EA063	rio_principal	2.8	Valverde de Curueño	1.0
LE-AAL-42	León	Arroyo Valdeyeguas	Arroyo Valdeyeguas	Duero	Duero:EA138	rio_principal	18.3	Villabandín	0.6
LE-AAL-175	León	Valdueza	Valdueza	Miño-Sil	Miño-Sil:A019	rio_principal	29.5	San Esteban de Valdueza	0.6
LE-AAL-100	León	Arroyo del Valle	Arroyo del Valle  (LE)	Duero	Duero:EA550	rio_principal	0.1	Siero de la Reina	2.5
LE-AAL-211	León	Arroyo del Valle	Arroyo del Valle (LE)	Duero	Duero:EA104	rio_principal	26.6	Morgovejo	1.6
LE-AAL-51	León	Valle	Valle	Duero	Duero:EA547	rio_principal	0.0	Villar	1.7
LE-AAL-281	León	Valle de Valdespina	Embalse de Barrio	Duero	Duero:EA112	rio_principal	11.5	Castro del Condado	1.6
LE-AAL-268	León	Arroyo Valle del Amor	Arroyo Valle del Amor	Duero	Duero:EA711	rio_principal	11.3	Valencia de Don Juan	2.6
LE-AAL-32	León	Arroyo Valle del Bosque	Arroyo Valle del Bosque	Duero	Duero:EA111	rio_principal	17.1	Valdealcón	0.7
LE-AAL-59	León	Arroyo del Valle Lomberas	Arroyo del Valle Lomberas	Duero	Duero:EA510	rio_principal	4.0	Alcedo de Alba	1.7
LE-AAL-35	León	Arroyo del Valle Prado	Arroyo del Valle Prado	Duero	Duero:EA519	rio_principal	1.9	Filiel	1.0
LE-AAL-201	León	Valle Seco	Valle Seco	Duero	Duero:EA147	rio_principal	6.9	La Mata de Curueño	1.8
LE-AAL-108	León	Arroyo del Valle Valdearcos y arroyo de Navalzarza	Arroyo del Valle Valdearcos y arroyo de Navalzarza	Duero	Duero:EA711	rio_principal	1.1	Malillos de los Oteros	2.3
LE-AAL-147	León	Arroyo del Valle y arroyo Canal Presa del Bernesga	Arroyo del Valle y arroyo Canal Presa del Bernesga	Duero	Duero:EA119	rio_principal	1.1	Trobajo del Cerecedo	0.4
LE-AAL-155	León	Vallegordo	Vallegordo	Duero	Duero:EA138	rio_principal	9.2	Barrio de la Puente	1.0
LE-AAL-131	León	Arroyo Vallehondo	Arroyo Vallehondo	Duero				Canalejas	5.9
LE-AAL-11	León	Arroyo del Vallón	Arroyo del Vallón	Duero	Duero:EA075	rio_principal	26.9	Riofrío	2.6
LE-AAL-144	León	Arroyo de Valmadrigal y arroyo de la Vega	Arroyo de Valmadrigal y arroyo de la Vega I	Duero	Duero:EA073	rio_principal	19.8	La Veguellina	1.4
LE-AAL-143	León	Arroyo de Valmadrigal y arroyo de la Vega	Arroyo de Valmadrigal y arroyo de la Vega II	Duero	Duero:EA073	rio_principal	22.8	Izagre	0.9
LE-AAL-99	León	Valponguero	Valponguero	Duero	Duero:EA550	rio_principal	3.6	Barniedo de la Reina	1.8
LE-REFUG-8	León	Valponguero	Valponguero	Duero	Duero:EA550	rio_principal	5.8	Barniedo de la Reina	3.4
LE-AREC-43	León	Valseco	Embalse de Matalavilla	Miño-Sil	Miño-Sil:N037	rio_principal	10.5	Valseco	1.7
LE-REFUG-59	León	Arroyo de Valseco	Embalse de Matalavilla	Miño-Sil	Miño-Sil:N037	rio_principal	10.4	Matalavilla	2.5
LE-AAL-167	León	Arroyo de Valseco	Arroyo de Valseco	Miño-Sil	Miño-Sil:N037	rio_principal	9.8	Matalavilla	2.9
LE-AREC-28	León	Valtabuyo	Valtabuyo	Duero				Tabuyo del Monte	3.2
LE-AAL-124	León	Valtabuyo	Valtabuyo	Duero	Duero:EA718	rio_principal	12.8	Quintanilla de Flórez	2.5
LE-AAL-118	León	Valverdín	Valverdín	Duero	Duero:EA542	rio_principal	0.4	Pedrosa	0.1
LE-AAL-93	León	Velasco	Velasco	Miño-Sil	Miño-Sil:N037	rio_principal	6.4	Villar de las Traviesas	1.9
LE-AAL-257	León	Arroyo de las Vías	Arroyo de las Vías	Duero	Duero:EA711	rio_principal	16.1	Castrofuerte	2.3
LE-AAL-30	León	Arroyo Viceo	Arroyo Viceo	Duero	Duero:EA150	rio_principal	6.9	Matueca de Torío	0.8
LE-AAL-126	León	Arroyo del Villar	Arroyo del Villar	Duero	Duero:EA089	rio_principal	9.1	Nogarejas	2.5
LE-AAL-63	León	Arroyo Villar de Ciervos	Arroyo Villar de Ciervos	Duero				Turienzo de los Caballeros	0.8
LE-AAL-72	León	Arroyo de Villarias	Arroyo de Villarias	Duero	Duero:EA063	rio_principal	0.1	La Braña	2.1
LE-EFIC-51	León	Yuso	Yuso I	Duero	Duero:EA550	mismo_rio	9.5	Portilla de la Reina	1.5
LE-EFIC-50	León	Yuso	Yuso II	Duero	Duero:EA550	mismo_rio	9.1	Portilla de la Reina	0.4
LE-31	León	Yuso	Tierra de la Reina	Duero	Duero:EA550	mismo_rio	5.6	Portilla de la Reina	2.1
LE-EFIC-52	León	Yuso	Yuso III	Duero	Duero:EA550	mismo_rio	3.6	Barniedo de la Reina	1.2
LE-32	León	Yuso	Boca de Huérgano	Duero	Duero:EA550	mismo_rio	0.0	Villafrea de la Reina	0.8
LE-EFIC-53	León	Yuso	Yuso IV	Duero	Duero:EA550	mismo_rio	0.0	Boca de Huérgano	0.4
P-REFUG-2	Palencia	Agüero	Arroyo de Agüero	Duero	Duero:EA106	rio_principal	4.9	Santibáñez de Resoba	1.1
P-AAL-43	Palencia	Aguijón	Aguijón II	Duero				Meneses de Campos	2.6
P-REFUG-8	Palencia	Arauz	Arroyo Arauz	Duero	Duero:EA512	rio_principal	7.6	Lores	6.2
P-2	Palencia	Arauz	Arauz	Duero	Duero:EA512	rio_principal	7.2	Lores	6.3
P-AAL-56	Palencia	Arlanza	Arlanza V	Duero	Duero:EA031	mismo_rio	2.1	Palenzuela	0.7
P-AAL-88	Palencia	Arlanza	Arlanza VI	Duero	Duero:EA036	mismo_rio	0.1	Dehesa de Villandrando	1.3
P-AAL-25	Palencia	Arlanzón	Arlanzón IV	Duero	Duero:EA116	mismo_rio	16.2	Villodrigo	0.5
P-AAL-24	Palencia	Arlanzón	Arlanzón VI	Duero	Duero:EA116	mismo_rio	23.2	Palenzuela	2.7
P-AAL-36	Palencia	Arroyos Madre, Fuente Palacios y Espinosilla	Arroyos Madre,  Fuente Palacios y  Espinosilla	Duero	Duero:EA029	rio_principal	6.0	Astudillo	1.9
P-AAL-37	Palencia	Avión	Avión I	Duero				Fresno del Río	5.4
P-AAL-72	Palencia	Avión	Avión II	Duero				Valderrábano	1.5
P-AAL-62	Palencia	Arroyo del Azadón	Arroyo del Azadón	Duero				Meneses de Campos	2.2
P-REFUG-20	Palencia	Besandino	Arroyo Besandino	Duero	Duero:EA035	mismo_rio	0.0	Velilla del Río Carrión	2.7
P-AAL-40	Palencia	Boedo	Boedo I	Duero				Roscales de la Peña	5.0
P-AAL-73	Palencia	Boedo	Boedo II	Duero				Calahorra de Boedo	1.1
P-AAL-57	Palencia	Burejo	Burejo I	Duero	Duero:EA019	rio_principal	11.0	Amayuelas de Ojeda	0.2
P-AAL-89	Palencia	Burejo	Burejo II	Duero	Duero:EA133	rio_principal	4.4	San Pedro de Ojeda	1.3
P-ARE-1	Palencia	Burejo	Centro del Cangrejo del Río	Duero	Duero:EA133	rio_principal	3.9	Herrera de Pisuerga	0.6
P-AAL-77	Palencia	Burejo	Burejo III	Duero	Duero:EA133	rio_principal	3.2	Herrera de Pisuerga	1.0
P-REFUG-5	Palencia	Camesa	Río Camesa	Duero	Duero:EA131	mismo_rio	19.0	Salcedillo	0.1
P-AAL-2	Palencia	Camesa	Camesa	Duero	Duero:EA131	mismo_rio	0.0	Porquera de los Infantes	0.7
P-AAL-86	Palencia	Canal de Castilla	AAL-Canal de Castilla I	Duero				Herrera de Pisuerga	1.9
P-AAL-87	Palencia	Canal de Castilla	AAL-Canal de Castilla III	Duero				Olmos de Pisuerga	0.7
P-AAL-85	Palencia	Canal de Castilla	AAL-Canal de Castilla V	Duero				Las Cabañas de Castilla	1.2
P-AAL-84	Palencia	Canal de Castilla	AAL-Canal de Castilla VI	Duero				Husillos	2.6
P-AAL-82	Palencia	Arroyo Cañamares	Arroyo del Sotillo	Duero				Dehesa de Romanos	1.8
P-AAL-65	Palencia	Arroyo de la Cárcava	Arroyo de la Cárcava	Duero	Duero:EA024	rio_principal	7.1	San Andrés de Arroyo	1.1
P-REFUG-11	Palencia	Cardaño	Río Cardaño I	Duero	Duero:EA511	mismo_rio	4.9	Cardaño de Arriba	1.8
P-1	Palencia	Cardaño	Cardaño	Duero	Duero:EA511	mismo_rio	0.0	Cardaño de Arriba	1.3
P-REFUG-12	Palencia	Cardaño	Río Cardaño II	Duero	Duero:EA511	mismo_rio	1.7	Cardaño de Arriba	2.7
P-REFUG-6	Palencia	Carrión	Río Carrión I	Duero	Duero:EA512	mismo_rio	5.8	Vidrieros	6.6
P-3	Palencia	Carrión	Pineda	Duero	Duero:EA512	mismo_rio	5.8	Vidrieros	5.5
P-REFUG-7	Palencia	Carrión	Río Carrión II	Duero	Duero:EA512	mismo_rio	4.8	Vidrieros	3.3
P-AAL-23	Palencia	Carrión	Carrión I	Duero	Duero:EA512	mismo_rio	1.6	Vidrieros	0.8
P-REFUG-9	Palencia	Carrión	Río Carrión III	Duero	Duero:EA512	mismo_rio	0.2	Santibáñez de Resoba	3.4
P-4	Palencia	Carrión	Vidrieros	Duero	Duero:EA512	mismo_rio	2.8	Santibáñez de Resoba	3.0
P-AAL-93	Palencia	Carrión	Triollo	Duero	Duero:EA512	mismo_rio	0.1	Vidrieros	1.2
P-AREC-21	Palencia	Carrión	Embalse de Camporredondo	Duero	Duero:EA108	mismo_rio	0.7	Alba de los Cardaños	0.7
P-REFUG-24	Palencia	Carrión	Embalse de Camporredondo	Duero	Duero:EA108	mismo_rio	0.7	Alba de los Cardaños	0.8
P-REFUG-25	Palencia	Carrión	Embalse de Compuerto	Duero	Duero:EA108	mismo_rio	0.4	Otero de Guardo	1.9
P-AREC-13	Palencia	Carrión	Embalse de Compuerto	Duero	Duero:EA108	mismo_rio	0.0	Otero de Guardo	1.2
P-5	Palencia	Carrión	Velilla	Duero	Duero:EA037	mismo_rio	0.0	Velilla del Río Carrión	2.1
P-EFIC-10	Palencia	Carrión	Carrión I	Duero	Duero:EA134	mismo_rio	2.1	Velilla del Río Carrión	0.3
P-AAL-92	Palencia	Carrión	Embalse de Velilla	Duero	Duero:EA134	mismo_rio	0.5	Velilla del Río Carrión	2.0
P-AREC-3	Palencia	Carrión	Guardo	Duero	Duero:EA134	mismo_rio	0.1	Guardo	0.5
P-EFIC-11	Palencia	Carrión	Carrión II	Duero	Duero:EA134	mismo_rio	3.7	Mantinos	1.4
P-EDS-1	Palencia	Carrión	Carrión	Duero	Duero:EA134	mismo_rio	6.0	Mantinos	1.6
P-EFIC-12	Palencia	Carrión	Carrión III	Duero	Duero:EA023	mismo_rio	8.4	Villalba de Guardo	2.3
P-EDS-2	Palencia	Carrión	Pino del Río	Duero	Duero:EA023	mismo_rio	4.1	Pino del Río	2.3
P-REFUG-10	Palencia	Carrión	Río Carrión IV	Duero	Duero:EA023	mismo_rio	3.5	Pino del Río	1.4
P-AREC-4	Palencia	Carrión	Celadilla	Duero	Duero:EA023	mismo_rio	0.0	Acera de la Vega	1.1
P-EFIC-13	Palencia	Carrión	Carrión IV	Duero	Duero:EA023	mismo_rio	1.3	Valcabadillo	1.4
P-AREC-20	Palencia	Carrión	La Vega	Duero	Duero:EA023	mismo_rio	9.5	Saldaña	0.6
P-7	Palencia	Carrión	Saldaña	Duero	Duero:EA023	mismo_rio	11.3	Lobera de la Vega	0.9
P-EFIC-14	Palencia	Carrión	Carrión V	Duero	Duero:EA023	mismo_rio	16.9	Renedo de la Vega	1.8
P-8	Palencia	Carrión	La Serna	Duero	Duero:EA040	mismo_rio	14.5	Nogal de las Huertas	0.7
P-9	Palencia	Carrión	Carrión	Duero	Duero:EA040	mismo_rio	10.1	Población de Soto	2.0
P-EFIC-15	Palencia	Carrión	Carrión VI	Duero	Duero:EA040	mismo_rio	0.0	Ribas de Campos	1.9
P-AAL-14	Palencia	Carrión	Carrión II	Duero	Duero:EA042	mismo_rio	0.1	La Verdeguera	2.9
P-REFUG-30	Palencia	Castillería	Castillería	Duero	Duero:EA181	mismo_rio	1.8	San Felices de Castillería	1.3
P-AAL-12	Palencia	Castillería	Castillería	Duero	Duero:EA181	mismo_rio	0.2	San Felices de Castillería	1.1
P-REFUG-22	Palencia	Cayuela	Arroyo Cayuela	Cantábrico				Piedrasluengas	1.0
P-AAL-28	Palencia	Arroyo de Cevico y arroyo de Cerrato	Arroyo de Cevico y arroyo de Cerrato II	Duero	Duero:EA043	rio_principal	15.3	Castrillo de Onielo	1.1
P-ZHCCC-11	Palencia	Charca Cascariillo	Charca Cascarrillo	Duero				Paredes de Nava	3.5
P-ZHCIE-12	Palencia	Charca de Arroyales	Charca de Arroyales	Duero				Amayuelas de Arriba	1.4
P-ZHCIE-11	Palencia	Charca de Besana	Charca de Besana	Duero				Amayuelas de Abajo	1.7
P-ZHCCC-4	Palencia	Charca de Boadilla	Charca de Boadilla	Duero				Boadilla del Camino	1.6
P-ZHCCC-13	Palencia	Charca de Carremazuecos	Charca de Carremazuecos	Duero				Villalumbroso	4.4
P-ZHCIE-27	Palencia	Charca de Casa Blanca	Charca de Casa Blanca	Duero				La Verdeguera	3.3
P-ZHCIE-23	Palencia	Charca de Fuentemimbre	Charca de Fuentemimbre	Duero				Ribas de Campos	2.7
P-ZHCIE-38	Palencia	Charca de la Exclusa nº4	Charca de la Exclusa nº4	Duero				Castil de Vela	2.5
P-ZHCIE-33	Palencia	Charca de la Membrilla	Charca de la Membrilla	Duero				Capillas	2.4
P-ZHCIE-28	Palencia	Charca de la Raya	Charca de la Raya	Duero				La Verdeguera	3.0
P-ZHCIE-29	Palencia	Charca de las Casas del Rey	Charca de las Casas del Rey	Duero				Paredes de Nava	2.7
P-ZHCIE-21	Palencia	Charca de los Corrales	Charca de los Corrales	Duero				Amayuelas de Arriba	1.8
P-ZHCCC-7	Palencia	Charca de Los Valles	Charca de los Valles	Duero				Amayuelas de Abajo	2.0
P-ZHCCC-1	Palencia	Charca de Majuelungato/Herrer	Charca de Majuelungato	Duero				Las Cabañas de Castilla	1.8
P-ZHCIE-35	Palencia	Charca de Parporquero I	Charca de Parporquero I	Duero				Capillas	2.6
P-ZHCIE-36	Palencia	Charca de Parporquero II	Charca de Parporquero II	Duero				Capillas	2.9
P-ZHCCC-14	Palencia	Charca de Relatora	Charca de Relatora	Duero				Villalumbroso	5.0
P-ZHCIE-26	Palencia	Charca de Reyerta	Charca de Reyerta	Duero				Husillos	2.6
P-ZHCIE-SA	Palencia	Charca de Rosalejo	Charca de Rosalejo	Duero				Castil de Vela	3.2
P-ZHCIE-13	Palencia	Charca de Rueda	Charca de Rueda	Duero				Amayuelas de Abajo	1.2
P-ZHCIE-17	Palencia	Charca de Valdemora	Charca de Valdemora	Duero				Requena de Campos	2.8
P-ZHCIE-8	Palencia	Charca de Valdemudo	Charca de Valdemudo	Duero				La Venta	1.1
P-ZHCIE-34	Palencia	Charca del Arroyales	Charca del Arroyal	Duero				Capillas	0.8
P-ZHCCC-8	Palencia	Charca del Gallo	Charca del Gallo	Duero				Ribas de Campos	2.2
P-ZHCIE-25	Palencia	Charca del Hoyo de San Andres	Charca del Hoyo de San Andres	Duero				La Venta	2.1
P-ZHCIE-15	Palencia	Charca del Juncal	Charca del Juncal	Duero				Requena de Campos	1.5
P-ZHCCC-9	Palencia	Charca del Olmo	Charca del Olmo	Duero				Grijota	2.3
P-ZHCIE-24	Palencia	Charca del Paramillo	Charca del Paramillo	Duero				La Venta	1.0
P-ZHCIE-16	Palencia	Charca del Rosillo	Charca del Rosillo	Duero				Requena de Campos	1.0
P-ZHCIE-10	Palencia	Charca del Tencario	Charca del Tencario	Duero				Ribas de Campos	1.9
P-ZHCCC-10	Palencia	Charca del Tizón	Charca del Tizón	Duero				Becerril de Campos	1.8
P-ZHCCC-2	Palencia	Charca del Valdegara	Charca de Valdelgara I	Duero				Las Cabañas de Castilla	3.1
P-ZHCCC-3	Palencia	Charca del Valdegara	Charca de Valdelgara II	Duero				Requena de Campos	1.9
P-ZHCCC-5	Palencia	Charca El Salmón	Charca El Salmón	Duero				Piña de Campos	1.8
P-ZHCCC-6	Palencia	Charca La Majada	Charca La Majada	Duero				Piña de Campos	1.4
P-ZHCIE-32	Palencia	Charcas del Cruce	Charcas del Cruce	Duero				Capillas	3.1
P-REFUG-19	Palencia	Chico	Río Chico	Duero				Cardaño de Abajo	1.8
P-AAL-55	Palencia	Arroyo de Cornoncillo	Arroyo de Cornoncillo	Duero				Cornoncillo	1.3
P-AAL-33	Palencia	Arroyo de Corvio	Arroyo de Corvio	Duero	Duero:EA020	rio_principal	0.4	Corvio	1.2
P-AAL-70	Palencia	Arroyo del Cubo	Arroyo del Cubo	Duero				Villaverde de la Peña	1.1
P-REFUG-32	Palencia	Arroyo de las Cuevas	Embalse de las Cuevas	Duero				Pisón de Castrejón	1.6
P-AAL-46	Palencia	Arroyo de las Cuevas	Arroyo de las Cuevas	Duero				Barajores de la Peña	1.0
P-AAL-58	Palencia	de las Heras	de las Heras	Duero				Villanueva de Arriba	0.9
P-REFUG-31	Palencia	de Resoba	de Resoba	Duero	Duero:EA106	rio_principal	0.5	Resoba	1.2
P-EFIC-1	Palencia	Ebro	Ebro I	Ebro	Ebro:A026	mismo_rio	17.7	Báscones de Ebro	0.4
P-EFIC-2	Palencia	Ebro	Ebro II	Ebro	Ebro:A026	mismo_rio	19.1	Cuillas del Valle	1.0
P-AAL-29	Palencia	Esgueva	Esgueva III	Duero	Duero:EA528	mismo_rio	9.4	Castrillo de Don Juan	0.5
P-AAL-26	Palencia	Franco y arroyo del Campanario	Franco y arroyo del Campanario IV	Duero				Cobos de Cerrato	0.2
P-AAL-27	Palencia	Franco y arroyo del Campanario	Franco y arroyo del Campanario II	Duero				Espinosa de Cerrato	0.2
P-REFUG-28	Palencia	Arroyo de Herreruela	Arroyo de Herreruela	Duero	Duero:EA181	rio_principal	5.2	Herreruela de Castillería	0.7
P-AAL-53	Palencia	Arroyo de Herreruela	Arroyo de Herreruela	Duero	Duero:EA181	rio_principal	1.8	San Felices de Castillería	1.4
P-AAL-44	Palencia	Arroyo de Hijedo	Arroyo de Hijedo	Ebro				Báscones de Ebro	2.2
P-AAL-81	Palencia	Arroyo del Indiviso	Indiviso	Duero	Duero:EA024	rio_principal	13.3	Micieces de Ojeda	1.7
P-AAL-75	Palencia	Izán	Izán I	Duero	Duero:EA023	rio_principal	9.7	Lagunilla de la Vega	0.4
P-AAL-76	Palencia	Izán	Izán II	Duero	Duero:EA040	rio_principal	6.9	Calzada de los Molinos	1.3
P-ZHCIE-4	Palencia	Lago del Pozo de Curavacas	Lago del Pozo Curavacas	Duero				Vidrieros	5.5
P-ZHCIE-31	Palencia	Laguna de Abarca	Laguna de Abarca	Duero				Abarca de Campos	0.3
P-ZHCIE-39	Palencia	Laguna de Belmonte	Laguna de Belmonte	Duero				Belmonte de Campos	1.4
P-ZHCIE-14	Palencia	Laguna de Cabañas	Laguna de Cabañas	Duero				Las Cabañas de Castilla	1.2
P-ZHCIE-2	Palencia	Laguna de Fuentes Carrionas	Laguna de Fuentes Carrionas	Duero				Cardaño de Arriba	5.2
P-ZHCIE-6	Palencia	Laguna de la Nava	Laguna de la Nava	Duero				Fuentes de Nava	3.3
P-ZHCIE-1	Palencia	Laguna de las Lomas	Laguna de las Lomas	Duero				Cardaño de Arriba	4.5
P-ZHCIE-18	Palencia	Laguna de Ontanillas	Laguna de Ontanillas	Duero				Frómista	1.3
P-ZHCIE-5	Palencia	Laguna de Pozo Oscuro	Laguna del Pozo Oscuro	Duero				Vidrieros	3.2
P-ZHCIE-19	Palencia	Laguna de Ucieza	Laguna de Ucieza	Duero				Población de Campos	3.3
P-ZHCIE-20	Palencia	Laguna de Valchivita	Laguna de Valchivita	Duero				Piña de Campos	1.7
P-ZHCIE-7	Palencia	Laguna del Deseo	Laguna del Deseo	Duero				Frechilla	5.1
P-ZHCIE-22	Palencia	Laguna del Lomo	Laguna del Lomo	Duero				Amayuelas de Abajo	2.5
P-ZHCIE-9	Palencia	Lagunas de Ribas	Laguna de Ribas	Duero				Ribas de Campos	2.0
P-ZHCIE-3	Palencia	Lagunas del Ves	Lagunas del Vés	Duero				Cardaño de Arriba	4.3
P-AAL-71	Palencia	Lores	Lores	Duero	Duero:EA536	rio_principal	2.5	Lores	1.4
P-AAL-30	Palencia	Lucio	Lucio II	Duero	Duero:EA136	mismo_rio	0.0	Renedo de la Inera	0.5
P-AAL-34	Palencia	Arroyo de los Madrazos	Arroyo de los Madrazos I	Duero	Duero:EA043	rio_principal	13.9	Alba de Cerrato	1.0
P-REFUG-15	Palencia	Miranda	Arroyo de Miranda	Duero	Duero:EA108	rio_principal	3.9	La Lastra	4.3
P-AAL-64	Palencia	Arroyo del Molino	Arroyo del Molino	Duero	Duero:EA019	rio_principal	3.0	San Cebrián de Mudá	0.9
P-REFUG-29	Palencia	Arroyo de Monderio	Arroyo de Monderio	Duero	Duero:EA533	mismo_rio	0.0	Polentinos	2.2
P-AAL-5	Palencia	Monegro	Monegro	Duero	Duero:EA020	rio_principal	8.0	Santa María de Mave	1.0
P-AAL-48	Palencia	Arroyo de Mudá	Arroyo de Mudá	Duero	Duero:EA019	rio_principal	2.2	Rueda de Pisuerga	1.3
P-AAL-80	Palencia	Payo	Payo	Duero	Duero:EA024	rio_principal	13.3	Payo de Ojeda	1.4
P-AAL-45	Palencia	Pequeño	Pequeño (PA)	Duero				Tabanera de Valdavia	3.3
P-REFUG-3	Palencia	Pisuerga	Río Pisuerga	Duero	Duero:EA536	mismo_rio	0.8	Areños	1.0
P-AAL-91	Palencia	Pisuerga	San Salvador	Duero	Duero:EA536	mismo_rio	1.1	Areños	1.1
P-AAL-78	Palencia	Pisuerga	Pisuerga I	Duero	Duero:EA536	mismo_rio	0.0	San Salvador de Cantamuda	1.8
P-AREC-12	Palencia	Pisuerga	Embalse de Requejada	Duero	Duero:EA106	mismo_rio	2.0	Vañes	1.2
P-REFUG-26	Palencia	Pisuerga	Embalse de Requejada	Duero	Duero:EA106	mismo_rio	0.8	Resoba	2.8
P-EFIC-16	Palencia	Pisuerga	Pisuerga VIII	Duero	Duero:EA106	mismo_rio	0.5	Resoba	2.4
P-EFIC-3	Palencia	Pisuerga	Pisuerga I	Duero	Duero:EA106	mismo_rio	0.0	Cervera de Pisuerga	0.6
P-12	Palencia	Pisuerga	Quintanaluengos	Duero	Duero:EA019	mismo_rio	0.0	Rueda de Pisuerga	0.3
P-AREC-7	Palencia	Pisuerga	Salinas	Duero	Duero:EA019	mismo_rio	0.0	Salinas de Pisuerga	0.3
P-AREC-16	Palencia	Pisuerga	Embalse de Aguilar	Duero	Duero:EA020	mismo_rio	0.5	Renedo de Zalima	2.9
P-EFIC-4	Palencia	Pisuerga	Pisuerga II	Duero	Duero:EA020	mismo_rio	0.0	Aguilar de Campoo	1.3
P-AREC-8	Palencia	Pisuerga	Aguilar	Duero	Duero:EA020	mismo_rio	1.7	Aguilar de Campoo	0.5
P-EFIC-5	Palencia	Pisuerga	Pisuerga III	Duero	Duero:EA020	mismo_rio	2.0	Aguilar de Campoo	1.6
P-AREC-9	Palencia	Pisuerga	La Horadada	Duero	Duero:EA020	mismo_rio	3.4	Villaescusa de las Torres	0.7
P-EFIC-6	Palencia	Pisuerga	Pisuerga IV	Duero	Duero:EA024	mismo_rio	1.7	Puebla de San Vicente	1.1
P-AREC-10	Palencia	Pisuerga	Nogales	Duero	Duero:EA024	mismo_rio	0.1	Alar del Rey	0.4
P-EFIC-7	Palencia	Pisuerga	Pisuerga V	Duero	Duero:EA024	mismo_rio	1.9	San Quirce del Río Pisuerga	2.0
P-AREC-19	Palencia	Pisuerga	Herrera	Duero	Duero:EA133	mismo_rio	0.0	Herrera de Pisuerga	1.7
P-EFIC-8	Palencia	Pisuerga	Pisuerga VI	Duero	Duero:EA133	mismo_rio	0.5	Hinojal de Riopisuerga	0.7
P-EFIC-9	Palencia	Pisuerga	Pisuerga VII	Duero	Duero:EA029	mismo_rio	6.0	Villodre	1.5
P-AAL-8	Palencia	Pisuerga	Pisuerga III	Duero	Duero:EA029	mismo_rio	0.0	Reinoso de Cerrato	1.5
P-AAL-16	Palencia	Arroyo de la Pradera	Arroyo de la Pradera	Duero	Duero:EA019	rio_principal	3.0	Mudá	0.6
P-AAL-38	Palencia	Arroyo del Prado	Arroyo del Prado	Duero	Duero:EA029	rio_principal	18.4	Baltanás	1.7
P-AAL-10	Palencia	Arroyo de los Prados	Arroyo de los Prados	Duero	Duero:EA131	rio_principal	12.3	Matabuena	0.6
P-AAL-15	Palencia	Arroyo de Quintanamarco	Arroyo de Quintanamarco	Duero				Meneses de Campos	2.9
P-AAL-7	Palencia	Arroyo de Quintanas	Arroyo de Quintanas	Duero	Duero:EA131	rio_principal	9.2	Canduela	0.7
P-AAL-32	Palencia	Arroyo del Rebedul	Arroyo del Rebedul I	Duero	Duero:EA104	rio_principal	15.8	San Pedro de Cansoles	2.8
P-AAL-42	Palencia	Retortillo	Retortillo	Duero				Paredes de Nava	4.4
P-AAL-6	Palencia	Ritobas	Ritobas	Duero	Duero:EA020	rio_principal	3.3	Valoria de Aguilar	0.8
P-REFUG-1	Palencia	Rivera	Río Rivera	Duero	Duero:EA539	mismo_rio	1.0	Rebanal de las Llantas	0.2
P-11	Palencia	Rivera	Ventanilla	Duero	Duero:EA539	mismo_rio	0.0	San Martín de los Herreros	1.3
P-REFUG-27	Palencia	Rivera	Embalse de Ruesga	Duero	Duero:EA107	mismo_rio	0.1	Ventanilla	1.6
P-AREC-15	Palencia	Rivera	Embalse de Ruesga	Duero	Duero:EA107	mismo_rio	0.2	Ruesga	1.4
P-AAL-90	Palencia	Rivera	Rivera	Duero	Duero:EA022	mismo_rio	0.0	Cervera de Pisuerga	1.1
P-AAL-74	Palencia	Arroyo Rivera	Arroyo Rivera	Duero	Duero:EA022	mismo_rio	39.1	Pedrosa de la Vega	1.3
P-REFUG-4	Palencia	Rubagón	Río Rubagón	Duero	Duero:EA169	mismo_rio	10.8	Brañosera	1.0
P-AAL-3	Palencia	Rubagón	Rubagón	Duero	Duero:EA169	mismo_rio	0.0	Cillamayor	0.7
P-AAL-4	Palencia	Rupión	Rupión	Duero				Báscones de Valdivia	0.6
P-AAL-61	Palencia	Arroyo del Salón	Arroyo del Salón	Duero				Cascón de la Nava	2.4
P-AAL-39	Palencia	Arroyo del Salón y arroyo Saetín	Arroyo del Salón y arroyo Saetín	Duero				Torremormojón	1.2
P-AAL-22	Palencia	Arroyo de San Román	Arroyo de San Román	Duero				Las Heras de la Peña	0.5
P-AAL-79	Palencia	Sequillo	Sequillo II	Duero				San Nicolás del Real Camino	0.4
P-AAL-11	Palencia	Sequillo	Sequillo IV	Duero	Duero:EA124	mismo_rio	30.4	Villacidaler	2.2
P-AAL-66	Palencia	Arroyo del Sotillo	Arroyo del Sotillo	Duero				Villaneceriel de Boedo	0.4
P-AAL-17	Palencia	Tarabás	Tarabás	Duero	Duero:EA019	rio_principal	6.6	Perazancas de Ojeda	0.7
P-ZHCIE-30	Palencia	Toja del Pescador	Toja del Pescador	Duero				Villalumbroso	5.5
P-ZHCCC-12	Palencia	Tojo Jordán	Tojo Jordán	Duero				Paredes de Nava	3.1
P-AAL-19	Palencia	Ucieza	Ucieza I	Duero	Duero:EA041	mismo_rio	5.1	Bahillo	1.1
P-AAL-35	Palencia	Ucieza	Ucieza II	Duero	Duero:EA041	mismo_rio	0.1	Población de Campos	2.7
P-REFUG-18	Palencia	Valcobero	Arroyo de Valcobero	Duero	Duero:EA037	rio_principal	2.5	Valcobero	2.3
P-AAL-31	Palencia	Arroyo de Valcuende	Arroyo de Valcuende II	Duero	Duero:EA104	rio_principal	17.2	San Pedro de Cansoles	0.8
P-AAL-20	Palencia	Valdavia	Valdavia I	Duero	Duero:EA026	mismo_rio	40.1	Respenda de la Peña	0.7
P-AREC-5	Palencia	Valdavia	Valdavia	Duero	Duero:EA026	mismo_rio	36.3	Baños de la Peña	0.5
P-AAL-9	Palencia	Valdavia	Valdavia II	Duero	Duero:EA026	mismo_rio	0.0	Arenillas de Nuño Pérez	1.1
P-AAL-67	Palencia	Valdecuriada y arroyo de Valdeperal	Valdecuriada y arroyo de Valdeperal	Duero	Duero:EA041	rio_principal	15.4	Relea	0.4
P-AAL-41	Palencia	Valdeginate	Valdeginate	Duero	Duero:EA135	mismo_rio	0.1	Castromocho	0.3
P-REFUG-13	Palencia	Valdenievas	Arroyo de Valdenievas	Duero	Duero:EA512	rio_principal	1.6	Vidrieros	2.7
P-REFUG-17	Palencia	Valderriones	Arroyo de Valderriones	Duero	Duero:EA106	rio_principal	10.5	La Lastra	1.6
P-AAL-51	Palencia	Arroyo de Valdesgares	Arroyo de Valdesgares	Duero	Duero:EA022	rio_principal	1.5	La Estación	1.2
P-REFUG-14	Palencia	Arroyo de Valdetriollo	Arroyo de Valdetriollo	Duero	Duero:EA512	rio_principal	1.1	Triollo	1.8
P-AAL-60	Palencia	Vallarna	Vallarna	Duero	Duero:EA029	rio_principal	17.5	Las Cabañas de Castilla	1.8
P-AAL-50	Palencia	Arroyo de Vallespinoso	Arroyo de Vallespinoso	Duero	Duero:EA019	rio_principal	2.6	Rueda de Pisuerga	0.9
P-AAL-52	Palencia	Arroyo de Valsadornín	Arroyo de Valsadornín	Duero	Duero:EA106	rio_principal	5.1	Valsadornín	1.5
P-REFUG-16	Palencia	Arroyo Valsurbio	Arroyo Valsurbio	Duero	Duero:EA108	rio_principal	0.5	Camporredondo de Alba	3.7
P-AAL-59	Palencia	Arroyo de la Vega y arroyo del Castillo	Arroyo de la Vega y arroyo del Castillo	Duero	Duero:EA036	rio_principal	3.2	Torquemada	3.6
P-AAL-21	Palencia	Arroyo de Villafría	Arroyo de Villafría I	Duero				Aviñante de la Peña	0.3
P-AAL-69	Palencia	Arroyo de Villafría	Embalse de Villafría	Duero				Tarilonte de la Peña	1.7
P-AAL-68	Palencia	Arroyo de Villafría	Arroyo de Villafría II	Duero				Villalbeto de la Peña	1.0
P-AAL-18	Palencia	Arroyo de Villalobón	Arroyo de Villalobón	Duero	Duero:EA042	rio_principal	4.1	Villalobón	1.4
P-AAL-63	Palencia	Villavega	Villavega	Duero	Duero:EA024	rio_principal	6.4	Villavega de Ojeda	0.2
P-AAL-1	Palencia	Villova	Villova II	Duero	Duero:EA024	rio_principal	3.8	Villela	0.4
SA-AAL-143	Salamanca	Acequia del Granizo y arroyo de las Aguas Amargas	Acequia del Granizo y arroyo de las Aguas Amargas	Duero				Escuernavacas	1.5
SA-REFUG-7	Salamanca	Agadón	Río Agadón	Duero	Duero:EA501	mismo_rio	14.0	Monsagro	2.0
SA-AAL-41	Salamanca	Agadón	Agadón	Duero	Duero:EA501	mismo_rio	0.1	Serradilla del Llano	1.6
SA-AAL-115	Salamanca	Agadones	Agadones	Duero				Herguijuela de Ciudad Rodrigo	1.1
SA-AAL-11	Salamanca	Agudín	Agudín II	Duero				Pedraza de Alba	3.0
SA-AAL-15	Salamanca	Águeda	Águeda III	Duero	Duero:EA505	mismo_rio	0.0	Villar de la Yegua	4.1
SA-AAL-2	Salamanca	Águeda	Embalse del  Águeda	Duero	Duero:EA092	mismo_rio	0.6	La Encina	2.2
SA-AAL-63	Salamanca	Águeda	Águeda II	Duero	Duero:EA503	mismo_rio	0.0	Herguijuela de Ciudad Rodrigo	2.6
SA-AAL-64	Salamanca	Águeda	Embalse de Irueña	Duero	Duero:EA503	mismo_rio	0.3	Robleda	3.2
SA-AAL-83	Salamanca	Águeda	Águeda I	Duero	Duero:EA502	mismo_rio	0.4	El Payo	5.1
SA-REFUG-3	Salamanca	Águeda	Ríos Rubioso y Payo	Duero	Duero:EA502	mismo_rio	10.2	El Payo	3.7
SA-REFUG-1	Salamanca	Águeda	Río Águeda	Duero	Duero:EA502	mismo_rio	14.0	Navasfrías	2.1
SA-REFUG-2	Salamanca	Águeda	Arroyo Ladrón	Duero	Duero:EA502	mismo_rio	14.1	Navasfrías	1.9
SA-AAL-82	Salamanca	Alagón	Alagón	Tajo	Tajo:AR35	mismo_rio	0.0	Monleón	0.8
SA-REFUG-9	Salamanca	Alagón	Rio Batuecas	Tajo	Tajo:AR35	mismo_rio	16.6	La Alberca	4.2
SA-AAL-104	Salamanca	Rivera de la Alamedilla	Rivera de la Alamedilla	Duero				La Alamedilla	4.2
SA-AAL-149	Salamanca	Arroyo de Albericocas	Arroyo de Albericocas	Duero				Carrascalejo de Huebra	2.4
SA-APP-4	Salamanca	Arroyo Aldehuela	Embalse de Aldehuela	Tajo	Tajo:AR35	rio_principal	22.7	Membribe	2.6
SA-AAL-61	Salamanca	Alhándiga	Alhándiga	Duero	Duero:EA149	mismo_rio	0.0	Castillejo	1.6
SA-AAL-5	Salamanca	Almar	Almar III	Duero	Duero:EA712	mismo_rio	0.0	Ventosa del Río Almar	3.3
SA-AAL-30	Salamanca	Arroyo de Altejos y aroyo de Lámina	Arroyo de Altejos y aroyo de Lámina	Duero				Zarzoso	2.0
SA-EFIC-5	Salamanca	Angostura	Embalse de Navamuño	Tajo	Tajo:AR37	rio_principal	21.1	Puerto de Béjar	4.4
SA-AAL-37	Salamanca	Arroyo de Arganza	Arroyo de Arganza	Duero				La Estación	0.7
SA-AAL-125	Salamanca	Arroyo de Arganza y arroyo del Moral	Arroyo de Arganza y arroyo del Moral	Duero				Vecinos	3.8
SA-REFUG-5	Salamanca	Arroyo Arropeones	Arroyo Arropeones	Duero	Duero:EA502	rio_principal	7.0	Peñaparda	5.3
SA-AAL-76	Salamanca	Rivera de Azaba	Rivera de Azaba	Duero				Espeja	4.6
SA-AAL-4	Salamanca	Badillo	Badillo	Duero	Duero:EA501	rio_principal	0.0	Villarejo	2.3
SA-REFUG-17	Salamanca	Arroyo Barquillo	Arroyo Barquillo	Tajo	Tajo:AR37	rio_principal	24.5	Candelario	1.5
SA-AAL-71	Salamanca	Arroyo de la Barranca	Arroyo de la Barranca	Duero				El Cabaco	0.2
SA-AAL-109	Salamanca	Rivera del Batán	Rivera del Batán	Duero				Puebla de Azaba	2.3
SA-AAL-8	Salamanca	Becedillas	Becedillas II	Duero				El Barquillo	0.9
SA-AAL-112	Salamanca	Arroyo de Bercimuelle	Arroyo de Bercimuelle	Duero	Duero:EA081	rio_principal	0.2	Bercimuelle	1.2
SA-AAL-17	Salamanca	Rivera del Berrocal	Rivera del Berrocal	Duero				Nuevo Poblado	3.7
SA-AAL-90	Salamanca	Arroyo del Bodón	Arroyo del Bodón	Duero	Duero:EA137	rio_principal	1.6	Polígono Industrial la Viña	1.5
SA-AAL-65	Salamanca	Arroyo Bogajuelo	Arroyo Bogajuelo	Duero				Bogajo	1.8
SA-AAL-14	Salamanca	Burguillo	Burguillo	Duero				Villarejo	1.2
SA-AAL-138	Salamanca	Rivera Cabeza	Rivera Cabeza	Duero				La Peña	2.7
SA-AAL-121	Salamanca	Rivera de Cabrillas y arroyo de Valhondo	Rivera de Cabrillas y arroyo de Valhondo	Duero				Cabrillas	1.2
SA-AAL-147	Salamanca	Arroyo Caganchas	Arroyo Caganchas	Duero				Retortillo	2.4
SA-AAL-131	Salamanca	Camaces	Camaces	Duero				Cerralbo	6.0
SA-AAL-110	Salamanca	Rivera del Campo	Rivera del Campo	Duero				Fuentes de Oñoro	0.4
SA-AAL-123	Salamanca	Rivera Campocerrado	Rivera Campocerrado	Duero				Retortillo	5.0
SA-AAL-45	Salamanca	Rivera de Campos Carniceros	Rivera de Campos Carniceros	Duero	Duero:EA505	rio_principal	14.8	Bañobárez	4.3
SA-AAL-68	Salamanca	Arroyo de Caña	Arroyo de Caña	Duero				Casasola de la Encomienda	2.4
SA-AAL-157	Salamanca	Arroyo Cañada	Arroyo Cañada	Duero				Escurial de la Sierra	3.2
SA-AAL-31	Salamanca	Rivera de Cañedo	Rivera de Cañedo	Duero	Duero:EA546	rio_principal	1.7	San Pelayo de Guareña	0.8
SA-AAL-101	Salamanca	Arroyo de la Carbonera	Arroyo de la Carbonera	Duero	Duero:EA094	rio_principal	5.2	Picones	1.4
SA-ZHCIE-11	Salamanca	Arroyo de la Carbonera	Laguna de la Zarza	Duero				Boada	3.4
SA-AAL-111	Salamanca	Regato de Carmeldo de Martín Pérez	Regato de Carmeldo de Martín Pérez	Duero	Duero:EA140	rio_principal	3.8	El Tomillar	3.6
SA-AAL-159	Salamanca	Arroyo de Carralafuente	Arroyo de Carralafuente	Duero	Duero:EA087	rio_principal	19.6	Topas	2.4
SA-AAL-53	Salamanca	Rivera de los Casales	Rivera de los Casales	Duero				Villarmuerto	2.1
SA-AAL-127	Salamanca	Arroyo de Cerrado	Arroyo de Cerrado	Duero	Duero:EA149	rio_principal	8.4	Pizarral	1.9
SA-ZHCIE-3	Salamanca	Charca de la Cervera	Charca de la Cervera	Duero				Aldehuela de Yeltes	2.4
SA-ZHCIE-8	Salamanca	Charca del Campo	Charca del Campo	Duero				Doñinos de Ledesma	3.6
SA-APP-5	Salamanca	Charca la Cerámica	Charca la Cerámica	Duero				Quejigal	0.6
SA-APP-6	Salamanca	Charcas Dos Encinas	Charcas Dos Encinas	Duero				Aldehuela de Yeltes	1.7
SA-APP-2	Salamanca	Charcas Vecinos	Charcas Vecinos	Duero				Vecinos	1.5
SA-AAL-54	Salamanca	Rivera Chica	Rivera Chica	Duero				Barceíno	0.8
SA-AAL-43	Salamanca	Chico de Porteros	Chico de Porteros	Duero	Duero:EA501	rio_principal	4.9	Serradilla del Llano	3.8
SA-AAL-133	Salamanca	Regato de Chivarro	Regato de Chivarro	Duero	Duero:EA149	rio_principal	5.1	Castillejo	2.6
SA-REFUG-21	Salamanca	Arroyo del Colodrero	Arroyo del Colodrero	Duero	Duero:EA503	rio_principal	6.3	El Sahugo	3.3
SA-AAL-7	Salamanca	Corneja	Corneja II	Duero				Navamorales	2.2
SA-AAL-153	Salamanca	Arroyo de la Cruz del Monte	Arroyo de la Cruz del Monte	Duero	Duero:EA081	rio_principal	7.6	Santibáñez de Béjar	1.6
SA-AAL-50	Salamanca	Arroyo Cubo	Arroyo Cubo	Duero				Barbalos	1.0
SA-EFIC-4	Salamanca	Cuerpo de Hombre	Cuerpo de Hombre II	Tajo	Tajo:AR37	mismo_rio	13.2	La Calzada de Béjar	2.1
SA-EFIC-3	Salamanca	Cuerpo de Hombre	Cuerpo de Hombre I	Tajo	Tajo:AR37	mismo_rio	22.2	Candelario	0.9
SA-AAL-95	Salamanca	Cuerpo de Hombre	Cuerpo de Hombre	Tajo	Tajo:AR37	mismo_rio	0.0	Valdelageve	1.2
SA-REFUG-14	Salamanca	Cuerpo de Hombre	Río Cuerpo de Hombre	Tajo	Tajo:AR37	mismo_rio	23.1	Candelario	6.2
SA-ZHCIE-10	Salamanca	Cuerpo de Hombre	Lagunillas de Hoya Moros	Tajo	Tajo:AR37	mismo_rio	25.3	Candelario	6.7
SA-AAL-139	Salamanca	de la Cañada	de la Cañada	Duero				Peñaparda	2.6
SA-AAL-148	Salamanca	de las Mayas	de las Mayas	Duero	Duero:EA168	rio_principal	0.1	Robleda	2.9
SA-AAL-13	Salamanca	de las Vegas	de las Vegas	Duero	Duero:EA501	rio_principal	0.1	Agallas	2.7
SA-AAL-134	Salamanca	de Revilla de Pedro Fuertes	de Revilla de Pedro Fuertes	Duero	Duero:EA140	rio_principal	11.6	Navahombela	3.2
SA-ARE-1	Salamanca	Arroyo de la Dehesa – Azud de Ríolobos	Azud de Riolobos	Duero				Pedrezuela de San Bricio	0.3
SA-AAL-146	Salamanca	Rivera de Dos Casas	Rivera de Dos Casas	Duero	Duero:EA505	rio_principal	9.3	Villar de Ciervo	4.2
SA-AAL-27	Salamanca	Duero	Embalse de Aldeadávila	Duero	Duero:EA524	mismo_rio	23.0	Salto de Aldeadávila	2.5
SA-AAL-25	Salamanca	Duero	Embalse de Saucelle	Duero	Duero:EA524	mismo_rio	2.3	Salto de Saucelle	2.7
SA-AAL-169	Salamanca	Duero	Embalse de Pociño	Duero	Duero:EA524	mismo_rio	0.0	Salto de Saucelle	0.4
SA-AAL-120	Salamanca	Arroyo de El Maillo	Arroyo de El Maillo	Duero				Puebla de Yeltes	3.2
SA-AAL-107	Salamanca	Arroyo de la Encina	Arroyo de la Encina	Duero	Duero:EA087	rio_principal	8.6	Urbanización El Arroyo	1.7
SA-AAL-129	Salamanca	Arroyo del Encinar	Arroyo del Encinar	Duero	Duero:EA094	rio_principal	12.8	Yecla de Yeltes	1.3
SA-AAL-42	Salamanca	Rivera de Fradamora	Rivera de Fradamora	Duero	Duero:EA092	rio_principal	0.4	Zamarra	2.5
SA-REFUG-10	Salamanca	Francia	Rio Francia	Tajo				El Casarito	2.8
SA-AAL-20	Salamanca	Francia	Francia	Tajo				Las Casas del Conde	1.4
SA-AAL-122	Salamanca	Arroyo de la Fresneda	Arroyo de la Fresneda	Duero				Sepulcro-Hilario	5.2
SA-AAL-23	Salamanca	Rivera de la Fresneda	Rivera de la Fresneda	Duero				La Alberguería de Argañán	1.4
SA-AAL-57	Salamanca	Regato de Fresno	Regato de Fresno	Duero	Duero:EA140	rio_principal	1.2	Fresno Alhándiga	2.2
SA-AAL-140	Salamanca	Frío	Frío I (SA)	Duero				Villasrubias	1.4
SA-AAL-108	Salamanca	Rivera de Froya	Rivera de Froya	Duero	Duero:EA524	rio_principal	2.7	Hinojosa de Duero	0.5
SA-AAL-102	Salamanca	Rivera de Gallegos	Rivera de Gallegos	Duero	Duero:EA505	rio_principal	1.3	Gallegos de Argañán	1.0
SA-AAL-10	Salamanca	Gamo	Gamo II	Duero				Gajates	1.1
SA-AAL-93	Salamanca	Gavilanes	Gavilanes	Duero				Sancti-Spíritus	2.4
SA-AAL-91	Salamanca	Arroyo de Gavilanes y arroyo de Vallef	Arroyo de Gavilanes y arroyo de Vallef	Duero				Bocacara	2.9
SA-AAL-52	Salamanca	Rivera Grande	Rivera Grande	Duero				Majuges	1.6
SA-AAL-100	Salamanca	Arroyo Grande	Arroyo Grande (SA)	Duero	Duero:EA094	rio_principal	5.1	Barreras	2.3
SA-AAL-151	Salamanca	Arroyo Grande	Arroyo Grande (SA)	Duero	Duero:EA094	rio_principal	3.2	Saldeana	0.7
SA-AAL-44	Salamanca	Rivera de la Granja	Rivera de la Granja	Duero	Duero:EA505	rio_principal	14.2	Paradinas de Abajo	7.3
SA-AAL-130	Salamanca	Arroyo de la Guadaña	Arroyo de la Guadaña	Duero	Duero:EA087	rio_principal	19.0	Topas	3.1
SA-AAL-1	Salamanca	Guareña	Guareña I	Duero	Duero:EA129	mismo_rio	40.7	El Pedroso de la Armuña	3.6
SA-AAL-74	Salamanca	Arroyo de los Haces	Arroyo de los Haces	Duero				El Milano	2.3
SA-AAL-49	Salamanca	Arroyo Hojita	Arroyo Hojita	Duero				Corral de Garcíñigo	2.3
SA-AAL-51	Salamanca	Huebra	Huebra	Duero	Duero:EA094	mismo_rio	0.0	El Cubo de Don Sancho	0.9
SA-REFUG-11	Salamanca	Huebra	Yeltes	Duero				Cilleros de la Bastida	0.3
SA-AAL-81	Salamanca	Arroyo de Huelmos y arroyo Negrillos	Arroyo de Huelmos y arroyo Negrillos	Duero				Villalba de los Llanos	0.9
SA-AAL-160	Salamanca	Arroyo de Izcala	Arroyo de Izcala	Duero	Duero:EA087	rio_principal	26.7	El Cubo de Tierra del Vino	5.6
SA-REFUG-16	Salamanca	Arroyo de la Jarilla	Arroyo de la Jarilla	Tajo	Tajo:AR37	rio_principal	22.7	Candelario	3.2
SA-AAL-116	Salamanca	Ladrillar	Ladrillar	Tajo	Tajo:AR38	rio_principal	1.6	Rebollosa	1.9
SA-AAL-183	Salamanca	Laguna Aldearrubia 1	Laguna Aldearrubia 1	Duero				Aldearrubia	1.6
SA-AAL-191	Salamanca	Laguna Aldearrubia 2	Laguna Aldearrubia 2	Duero				Aldealengua	2.6
SA-AAL-174	Salamanca	Laguna Aldeávila de la Ribera	Laguna Aldeávila de la Ribera	Duero				Aldeadávila de la Ribera	2.0
SA-AAL-186	Salamanca	Laguna Arcediano	Laguna Arcediano	Duero				Arcediano	0.7
SA-AAL-175	Salamanca	Laguna Barruecopardo	Laguna Barruecopardo	Duero				Barruecopardo	2.3
SA-ZHCIE-5	Salamanca	Laguna de Boada	Laguna de Boada	Duero				Boada	1.6
SA-ZHCIE-7	Salamanca	Laguna de la Cervera	Laguna de la Cervera	Duero				Paradinas de Abajo	5.9
SA-ZHCIE-4	Salamanca	Laguna de los Lavajales	Laguna de los Lavajales	Duero				Rágama	3.8
SA-AAL-173	Salamanca	Laguna de Pajares 1	Laguna de Pajares 1	Duero				Pajares de la Laguna	1.3
SA-ZHCIE-9	Salamanca	Laguna de San Marcos	Laguna de San Marcos	Tajo				La Alberca	2.4
SA-AAL-176	Salamanca	Laguna de Tabera de Abajo	Laguna de Tabera de Abajo	Duero				Cabeza de Diego Gómez	2.5
SA-AAL-189	Salamanca	Laguna del Cañipón	Laguna del Cañipón	Duero				Cantalapiedra	2.8
SA-ZHCIE-2	Salamanca	Laguna del Cristo	Laguna del Cristo	Duero				Aldehuela de Yeltes	2.3
SA-AAL-192	Salamanca	Laguna Gomecello	Laguna Gomecello	Duero				Gomecello	1.5
SA-ZHCIE-6	Salamanca	Laguna Grande de Campanero	Laguna Grande de Campanero	Duero				Paradinas de Abajo	2.8
SA-AAL-182	Salamanca	Laguna La Orbada	Laguna La Orbada	Duero				La Orbada	1.9
SA-AAL-184	Salamanca	Laguna Moriscos	Laguna Moriscos	Duero				Castellanos de Moriscos	2.5
SA-AAL-185	Salamanca	Laguna Pedrosillo el Ralo	Laguna Pedrosillo el Ralo	Duero				Pedrosillo el Ralo	1.9
SA-AAL-181	Salamanca	Laguna Pitiegua	Laguna Pitiegua	Duero				Villanueva de los Pavones	2.0
SA-AAL-179	Salamanca	Laguna San Pelayo de Guareña	Laguna San Pelayo de Guareña	Duero				San Pelayo de Guareña	2.3
SA-AAL-190	Salamanca	Laguna Villarino de los Aires	Laguna Villarino de los Aires	Duero				Ahigal de Villarino	2.9
SA-AAL-177	Salamanca	Laguna Villarmuerto	Laguna Villarmuerto	Duero				Villargordo	1.6
SA-AAL-178	Salamanca	Lagunas de Almendra	Lagunas de Almendra	Duero				Trabanca	3.7
SA-AAL-180	Salamanca	Lagunas de Palencia de Negrilla	Lagunas de Palencia de Negrilla	Duero				Palencia de Negrilla	1.1
SA-AAL-172	Salamanca	Lagunas de Rágama	Lagunas de Rágama	Duero				Rágama	1.8
SA-AAL-84	Salamanca	Rivera de Lajeosa	Rivera de Lajeosa	Duero	Duero:EA502	rio_principal	8.8	Navasfrías	5.1
SA-AAL-12	Salamanca	Arroyo de Larrodrigo	Arroyo de Larrodrigo II	Duero	Duero:EA140	rio_principal	11.6	El Tomillar	4.3
SA-AAL-103	Salamanca	Rivera de Madriegue	Rivera de Madriegue	Duero				Campillo de Azaba	2.0
SA-AAL-36	Salamanca	Arroyo de Maniel	Arroyo de Maniel	Duero				Ardonsillero	3.2
SA-REFUG-15	Salamanca	Arroyo del Manzanar (de la caseta)	Arroyo del Manzanar (de la caseta)	Tajo	Tajo:AR37	rio_principal	22.9	Candelario	4.1
SA-AAL-6	Salamanca	Margañán	Margañán II	Duero	Duero:EA189	mismo_rio	0.0	Macotera	3.2
SA-AAL-158	Salamanca	Arroyo de Marigallega	Arroyo de Marigallega	Duero				Tejeda	1.7
SA-AAL-22	Salamanca	Arroyo de Martín Rodrigo	Arroyo de Martín Rodrigo	Duero				Puebla de Azaba	2.2
SA-AAL-80	Salamanca	Mazores	Mazores I	Duero				Villaflores	3.1
SA-AAL-132	Salamanca	Arroyo de los Mendigos	Arroyo de los Mendigos	Duero	Duero:EA149	rio_principal	4.5	Pedrosillo de los Aires	1.5
SA-AAL-126	Salamanca	Arroyo de los Milanos de las Tisneras	Arroyo de los Milanos de las Tisneras	Tajo				Mogarraz	1.3
SA-REFUG-12	Salamanca	Arroyo de los Milanos y Arroyo Arromilano (Endrinales)	Arroyo de los Milanos y Arroyo Arromilano (Endrinales)	Tajo				Mogarraz	0.6
SA-AAL-16	Salamanca	Rivera de la Mimbre	Rivera de la Mimbre	Duero				Nuevo Poblado	4.3
SA-AAL-97	Salamanca	Morasverdes	MorasverdesII	Duero				Dios le Guarde	1.1
SA-AAL-38	Salamanca	Morasverdes	Morasverdes I	Duero				Morasverdes	1.9
SA-REFUG-8	Salamanca	Morasverdes	Río Morasverdes	Duero				El Maíllo	4.0
SA-AAL-117	Salamanca	Morgáez	Morgáez	Duero				Sobradillo	3.0
SA-APP-3	Salamanca	Arroyo del Moro	Lagunas "Dehesa de San Joaquín de Huelmos"	Duero	Duero:EA087	rio_principal	22.0	Huelmos de San Joaquín	0.2
SA-REFUG-4	Salamanca	Arroyo Muerto	Arroyo Muerto (Río de la Cañada o de Peñaparda)	Duero	Duero:EA502	rio_principal	9.2	El Payo	5.7
SA-AAL-165	Salamanca	Arroyo Nava	Arroyo Nava	Duero	Duero:EA524	rio_principal	10.1	Vilvestre	2.6
SA-AAL-62	Salamanca	Arroyo de Navacervera	Arroyo de Navacervera	Duero	Duero:EA503	rio_principal	2.0	Herguijuela de Ciudad Rodrigo	2.9
SA-AAL-60	Salamanca	Arroyo de Navalcuervo	Arroyo de Navalcuervo	Duero	Duero:EA149	rio_principal	11.8	Berrocal de Salvatierra	3.0
SA-AAL-156	Salamanca	Arroyo de Navarredonda	Arroyo de Navarredonda	Duero				Coquilla de Huebra	2.9
SA-AAL-9	Salamanca	Navazamplón	Navazamplón II	Duero	Duero:EA712	rio_principal	15.9	Mancera de Abajo	1.9
SA-AAL-70	Salamanca	Oblea	Oblea	Duero				La Moralita	1.8
SA-REFUG-18	Salamanca	Arroyo del Oso	Arroyo del Oso	Tajo	Tajo:AR37	rio_principal	25.5	Navacarros	2.2
SA-AAL-187	Salamanca	Pajares de la Laguna 2	Pajares de la Laguna 2	Duero	Duero:EA545	rio_principal	17.2	Pajares de la Laguna	0.7
SA-AAL-188	Salamanca	Pajares de la Laguna 3	Pajares de la Laguna 3	Duero	Duero:EA545	rio_principal	18.6	Pajares de la Laguna	1.3
SA-AAL-118	Salamanca	Rivera de Palomares	Rivera de Palomares II	Duero	Duero:EA546	rio_principal	12.2	Moraleja de Sayago	5.4
SA-AAL-24	Salamanca	Rivera de los Pasiles	Rivera Pasiles	Duero				Puebla de Azaba	0.5
SA-AAL-3	Salamanca	Payo	del Payo	Duero	Duero:EA502	rio_principal	6.3	El Payo	3.7
SA-AAL-171	Salamanca	Arroyo de Peña Hueca	Arroyo de Peña Hueca	Duero				Morasverdes	4.2
SA-AAL-124	Salamanca	Arroyo de Peñagorda	Arroyo de Peñagorda	Duero	Duero:EA546	rio_principal	12.4	Gejo de Diego Gómez	2.0
SA-AAL-141	Salamanca	Perosín	de Perosín	Duero				Peñaparda	1.0
SA-REFUG-19	Salamanca	Perosín	Río Perosín (Barrancones)	Duero	Duero:EA502	rio_principal	7.7	El Payo	2.8
SA-AAL-163	Salamanca	Arroyo Picón del Cuervo	Arroyo Picón del Cuervo	Duero				La Vídola	1.9
SA-APP-1	Salamanca	Regato de Porteros	Laguna Regato Proteros	Duero	Duero:EA546	rio_principal	15.9	Urbanización Oasis Golf	2.4
SA-AAL-40	Salamanca	Arroyo del Portillo	Arroyo del Portillo	Duero	Duero:EA140	rio_principal	9.6	Herrezuelo	1.2
SA-AAL-79	Salamanca	Poveda	Poveda	Duero				Vallesa de la Guareña	4.7
SA-AAL-46	Salamanca	Arroyo del Prado	Arroyo del Prado	Duero	Duero:EA546	rio_principal	13.7	Carnero	1.9
SA-AAL-98	Salamanca	Rivera de Puentes Luengas	Rivera de Puentes Luengas	Duero	Duero:EA546	rio_principal	4.6	Gejuelo del Barro	5.1
SA-AAL-99	Salamanca	Arroyo de la Rebofa	Arroyo de la Rebofa	Duero	Duero:EA094	rio_principal	4.9	Picones	1.7
SA-AAL-136	Salamanca	Reguera de la Cabeza de Iruelos	Rivera de Cabeza de Iruelos	Duero				Cabeza de Framontanos	1.9
SA-AAL-75	Salamanca	Regato de la Retuerta del Vallecabo	Regato de la Retuerta del Vallecabo	Duero				Fuentes de Masueco	2.5
SA-AAL-119	Salamanca	Arroyo de la Ribera	Arroyo de la Ribera (SA)	Duero				Cerralbo	5.0
SA-AAL-59	Salamanca	Arroyo de la Ribera	Arroyo de la Ribera (SA)	Duero	Duero:EA149	rio_principal	11.8	Palacios de Salvatierra	0.8
SA-REFUG-6	Salamanca	Riofrío	Río Riofrío	Duero				Villasrubias	4.9
SA-AAL-77	Salamanca	Riolobos	Riolobos	Duero				Poveda de las Cintas	3.1
SA-AAL-21	Salamanca	Rivera del Risco de los Pasiles	Rivera del Risco de los Pasiles	Duero				La Alberguería de Argañán	1.8
SA-AAL-55	Salamanca	Arroyo de la Rivera de las Casas	Arroyo de la  Rivera de las Casas	Duero	Duero:EA531	rio_principal	4.7	Saucelle	2.7
SA-AAL-166	Salamanca	Arroyo de la Rivera del Lugar	Arroyo de la Rivera del Lugar	Duero				Villar de Ciervo	2.4
SA-AAL-114	Salamanca	Arroyo de Rivera la Chica	Arroyo de Rivera la Chica	Duero	Duero:EA546	rio_principal	12.0	Golpejas	2.2
SA-AAL-86	Salamanca	Riveras de Cabrillas y de Campocerrado	Riveras de Cabrillas y de Campocerrado	Duero				Castraz	4.1
SA-AAL-137	Salamanca	Arroyo del Roble y regato del Valle de las Abubillas	Arroyo del Roble y regato del Valle de las Abubillas	Duero				La Peña	2.5
SA-AAL-47	Salamanca	Arroyo de Rodasvalle	Arroyo de Rodasvalle	Duero	Duero:EA087	rio_principal	12.4	San Julián de Valmuza	1.4
SA-AAL-85	Salamanca	Arroyo del Rolloso	Arroyo del Rolloso	Duero	Duero:EA502	rio_principal	2.2	Casillas de Flores	5.0
SA-AAL-26	Salamanca	Arroyo de Ropinal	Arroyo de Ropinal	Duero	Duero:EA524	rio_principal	20.5	Salto de Aldeadávila	2.0
SA-AAL-161	Salamanca	Arroyo de San Cristobal	Arroyo de San Cristobal II	Duero	Duero:EA087	rio_principal	26.7	El Cubo de Tierra del Vino	5.8
SA-AAL-162	Salamanca	Arroyo de San Cristobal	Arroyo de San Cristobal III	Duero	Duero:EA087	rio_principal	20.0	Topas	1.9
SA-AAL-89	Salamanca	Arroyo de San Giraldo	Arroyo de San Giraldo	Duero	Duero:EA137	rio_principal	4.0	Ciudad Rodrigo	3.0
SA-AAL-67	Salamanca	Rivera de Sanchón	Rivera del Sanchón	Duero				Carrasco	0.6
SA-AAL-94	Salamanca	Sangusín	Sangusín	Tajo	Tajo:AR35	rio_principal	3.9	Valdefuentes de Sangusín	2.3
SA-AAL-144	Salamanca	Arroyo Santo	Arroyo Santo	Duero				Puebla de Azaba	0.9
SA-AAL-167	Salamanca	Rivera de Sardón de Mazán y rivera de Tremendal	Rivera de Sardón de Mazán y rivera de Tremendal	Duero	Duero:EA546	rio_principal	13.0	Peñalvo	1.5
SA-AAL-96	Salamanca	Arroyo de la Saucera	Arroyo de la Saucera	Duero	Duero:EA094	rio_principal	28.1	El Cubo de Don Sancho	1.3
SA-AAL-78	Salamanca	Seco	Seco (SA)	Duero	Duero:EA546	rio_principal	13.0	Canillas de Abajo	0.6
SA-AAL-106	Salamanca	Rivera del Sestil	Rivera del Sestil	Duero				La Alamedilla	5.9
SA-AAL-105	Salamanca	Rivera Sestil	Rivera Sestil	Duero				Ituero de Azaba	3.9
SA-AAL-92	Salamanca	Tenebrilla	Tenebrilla III	Duero				Tenebrón	3.2
SA-AAL-128	Salamanca	Tenebrilla	Tenebrilla II	Duero				Tenebrón	4.0
SA-AAL-170	Salamanca	Tenebrilla	Tenebrilla I	Duero				Morasverdes	5.0
SA-AAL-152	Salamanca	Ribera de Tordelalosa	Ribera de Tordelalosa	Duero	Duero:EA087	rio_principal	17.8	Tornadizos	2.6
SA-AAL-168	Salamanca	Tormes	Embalse de Almendra (SA)	Duero	Duero:EA546	mismo_rio	1.2	Villaseco de los Reyes	4.4
SA-AAL-39	Salamanca	Tormes	Tormes VI	Duero	Duero:EA546	mismo_rio	0.1	Juzbado	0.6
SA-EDS-3	Salamanca	Tormes	Tormes III	Duero	Duero:EA087	mismo_rio	6.2	Los Álamos	1.0
SA-AAL-29	Salamanca	Tormes	Tormes V	Duero	Duero:EA087	mismo_rio	0.1	Arenal del Ángel	1.1
SA-6	Salamanca	Tormes	Villagonzalo II	Duero	Duero:EA545	mismo_rio	0.1	Cilloruelo	1.1
SA-AAL-113	Salamanca	Tormes	Tormes IV	Duero	Duero:EA545	mismo_rio	4.5	Villagonzalo de Tormes	1.0
SA-AAL-18	Salamanca	Tormes	Embalse de Villagonzalo	Duero	Duero:EA545	mismo_rio	6.7	Alba de Tormes	2.0
SA-EDS-6	Salamanca	Tormes	Alba de Tormes	Duero	Duero:EA140	mismo_rio	6.9	Portillo	1.0
SA-EFIC-2	Salamanca	Tormes	Tormes II	Duero	Duero:EA140	mismo_rio	5.6	Éjeme	0.9
SA-3	Salamanca	Tormes	Galisancho	Duero	Duero:EA140	mismo_rio	2.5	Galisancho	0.5
SA-2	Salamanca	Tormes	Tormes	Duero	Duero:EA140	mismo_rio	0.0	Santa Teresa	1.2
SA-EDS-1	Salamanca	Tormes	Tormes I	Duero	Duero:EA140	mismo_rio	0.4	Santa Teresa	1.9
SA-1	Salamanca	Tormes	El Chorrón	Duero	Duero:EA140	mismo_rio	2.9	La Maya	1.5
SA-EDS-4	Salamanca	Tormes	Embalse de Santa Teresa I	Duero	Duero:EA140	mismo_rio	5.5	Pelayos	2.7
SA-AAL-34	Salamanca	Tormes	Embalse de Santa Teresa	Duero	Duero:EA140	mismo_rio	5.1	Montejo	2.0
SA-EDS-5	Salamanca	Tormes	Embalse de Santa Teresa II	Duero	Duero:EA081	mismo_rio	9.4	Guijo de Ávila	2.6
SA-ARE-2	Salamanca	Tormes	San Fernando	Duero	Duero:EA081	mismo_rio	2.9	Cespedosa de Tormes	3.5
SA-AAL-87	Salamanca	Tormes	Embalse de San Fernando	Duero	Duero:EA081	mismo_rio	0.0	Puente del Congosto	1.4
SA-AAL-193	Salamanca	Tormes	Tormes III	Duero	Duero:EA081	mismo_rio	0.2	Puente del Congosto	0.5
SA-EFIC-1	Salamanca	Tormes	Tormes I	Duero	Duero:EA081	mismo_rio	1.5	La Casilla	1.7
SA-AAL-69	Salamanca	Arroyo Tumbafrailes	Arroyo Tumbafrailes	Duero				Buenamadre	0.3
SA-AAL-28	Salamanca	Turones	Turones	Duero				Aldea del Obispo	1.8
SA-AAL-135	Salamanca	Uces	de las Uces	Duero				Cabeza del Caballo	3.5
SA-AAL-150	Salamanca	Arroyo de Valdeahigal	Arroyo de Valdeahigal	Duero	Duero:EA094	rio_principal	4.0	Saldeana	1.3
SA-AAL-56	Salamanca	Arroyo de Valdecepo	Arroyo de Valdecepo	Duero	Duero:EA094	rio_principal	4.1	Saldeana	2.2
SA-AAL-88	Salamanca	Arroyo Valdeguilera	Arroyo Valdeguilera	Duero	Duero:EA094	rio_principal	28.6	Cipérez	3.5
SA-AAL-35	Salamanca	Regato de Valdelafuente	Regato de Valdelafuente	Duero				Robliza de Cojos	3.3
SA-AAL-164	Salamanca	Regato del Valle de las Abubillas	Regato del Valle de las Abubillas	Duero				La Vídola	2.7
SA-AAL-155	Salamanca	Arroyo de los Valles	Arroyo de los Valles	Duero				Tamames	3.1
SA-AAL-48	Salamanca	Rivera de la Valmuza	Rivera de la Valmuza	Duero	Duero:EA546	rio_principal	2.7	Carrascal de Pericalvo	2.5
SA-AAL-154	Salamanca	Valvanera	Valvanera	Duero	Duero:EA081	rio_principal	5.0	Santibáñez de Béjar	1.7
SA-AAL-58	Salamanca	Arroyo de Varazas	Arroyo de Varazas	Duero				La Sagrada	1.3
SA-AAL-32	Salamanca	Arroyo de la Vega	Arroyo de la Vega (SA)	Duero	Duero:EA546	rio_principal	13.9	Torresmenudas	0.4
SA-AAL-142	Salamanca	Rivera de Villamuerto	Rivera de Villamuerto	Duero				Villarmuerto	1.7
SA-AAL-19	Salamanca	Yeltes	Yeltes	Duero				Castraz	2.4
SA-AAL-66	Salamanca	Zamplón	Zamplón	Duero	Duero:EA712	rio_principal	14.1	Bóveda del Río Almar	1.2
SA-AAL-72	Salamanca	Arroyo de Zarzosillo	Arroyo de Zarzosillo	Duero				Zarzoso	2.8
SA-AAL-33	Salamanca	Arroyo del Zurguen	Arroyo del Zurguen	Duero	Duero:EA087	rio_principal	2.0	Miranda de Azán	2.5
SG-AAL-77	Segovia	Acebedas	Embalse de Puente Alta o Revenga	Duero	Duero:EA525	rio_principal	6.5	Revenga	1.1
SG-REFUG-19	Segovia	Acebedas	Acebedas	Duero	Duero:EA525	rio_principal	5.4	Revenga	3.8
SG-AAL-12	Segovia	Adaja	Adaja V	Duero	Duero:EA158	mismo_rio	7.6	Donhierro	2.3
SG-AAL-51	Segovia	Arroyo de los Adjuntos	Arroyo de los Adjuntos	Duero	Duero:EA161	rio_principal	5.7	Fuente el Olmo de Fuentidueña	2.1
SG-AAL-5	Segovia	Aguisejo	Aguisejo II	Duero	Duero:EA538	rio_principal	0.4	Ayllón	0.9
SG-AREC-5	Segovia	Aguisejo	Aguisejo I	Duero	Duero:EA538	rio_principal	12.2	Santibáñez de Ayllón	1.7
SG-REFUG-1	Segovia	Aguisejo	Río Aguisejo	Duero	Duero:EA009	rio_principal	17.2	Grado del Pico	0.7
SG-AAL-31	Segovia	Arroyo del Arenal	Arroyo del Arenal	Duero				Aldeonsancho	2.3
SG-AAL-24	Segovia	Ayuso y  de la Hoz	Ayuso y  de la Hoz	Duero	Duero:EA012	rio_principal	0.5	El Olmillo	0.7
SG-AAL-6	Segovia	Ayuso y arroyos Seco y de la Rotura	Ayuso y arroyos Seco y de la Rotura	Duero				Aldeanueva del Campanario	0.7
SG-AAL-35	Segovia	Arroyo de la Balisa	Arroyo de la Balisa	Duero	Duero:EA114	rio_principal	0.3	Domingo García	4.5
SG-REFUG-25	Segovia	Arroyo de Blascomalo	Arroyo de Blascomalo	Duero	Duero:EA525	rio_principal	15.5	Estación de El Espinar	4.6
SG-AAL-69	Segovia	Arroyo Botijas y arroyo del Pozuelo	Arroyo Botijas y arroyo del Pozuelo I	Duero	Duero:EA013	rio_principal	23.0	Cuevas de Provanco	2.1
SG-AAL-50	Segovia	Arroyo de las Bragadas	Arroyo de las Bragadas	Duero	Duero:EA161	rio_principal	4.6	Fuente el Olmo de Fuentidueña	0.6
SG-AAL-72	Segovia	Arroyo de los Caces	Arroyo de los Caces	Duero	Duero:EA114	rio_principal	23.1	Balisa	0.8
SG-REFUG-16	Segovia	Cambrones	Río Cambrones I (Arroyo de Siete Arroyos)	Duero	Duero:EA182	mismo_rio	4.8	La Atalaya	6.1
SG-14	Segovia	Cambrones	Cambrones	Duero	Duero:EA182	mismo_rio	2.0	San Ildefonso o La Granja	4.0
SG-REFUG-51	Segovia	Cambrones	Río Cambrones II	Duero	Duero:EA182	mismo_rio	0.0	San Ildefonso o La Granja	1.1
SG-AAL-14	Segovia	Arroyo Cardeña	Arroyo Cardeña	Duero	Duero:EA047	rio_principal	6.6	Blascoeles	3.0
SG-REFUG-29	Segovia	Arroyo de la Casilla	Arroyo de la Casilla y arroyo del Descargadero	Duero				Las Navas del Marqués	5.1
SG-AAL-33	Segovia	Caslilla	Caslilla	Duero				Perorrubio	1.1
SG-AAL-39	Segovia	Cega	Cega IV	Duero	Duero:EA518	mismo_rio	5.5	San Cristóbal de Cuéllar	3.0
SG-16	Segovia	Cega	Puente Segoviano	Duero	Duero:EA517	mismo_rio	12.8	Dehesa Mayor	3.6
SG-AAL-85	Segovia	Cega	Cega III	Duero	Duero:EA517	mismo_rio	10.3	Frumales	6.4
SG-10	Segovia	Cega	Las Pegueras	Duero	Duero:EA517	mismo_rio	5.3	Zarzuela del Pinar	5.2
SG-AAL-56	Segovia	Cega	Cega II	Duero	Duero:EA517	mismo_rio	4.4	Lastras de Cuéllar	3.6
SG-9	Segovia	Cega	La Serreta	Duero	Duero:EA517	mismo_rio	0.0	Lastras de Cuéllar	3.0
SG-EFIC-3	Segovia	Cega	Cega III	Duero	Duero:EA517	mismo_rio	0.1	Lastras de Cuéllar	4.6
SG-ARE-1	Segovia	Cega	Cega	Duero	Duero:EA517	mismo_rio	4.0	Aguilafuente	6.3
SG-EFIC-2	Segovia	Cega	Cega II	Duero	Duero:EA016	mismo_rio	5.2	Veganzones	1.7
SG-8	Segovia	Cega	Pajares	Duero	Duero:EA016	mismo_rio	1.5	Arevalillo de Cega	1.8
SG-EFIC-1	Segovia	Cega	Cega I	Duero	Duero:EA016	mismo_rio	0.0	Pajares de Pedraza	0.3
SG-7	Segovia	Cega	La Velilla	Duero	Duero:EA016	mismo_rio	1.7	La Velilla	0.8
SG-AREC-2	Segovia	Cega	Torre Val	Duero	Duero:EA016	mismo_rio	3.9	Requijada	2.3
SG-AAL-79	Segovia	Cega	Cega I	Duero	Duero:EA183	mismo_rio	0.0	Navafría	1.8
SG-EDS-1	Segovia	Cega	Cega	Duero	Duero:EA183	mismo_rio	1.4	Navafría	1.8
SG-REFUG-10	Segovia	Cega	Río Cega	Duero	Duero:EA183	mismo_rio	4.3	Navafría	5.7
SG-AAL-20	Segovia	Ceguilla	Ceguilla	Duero	Duero:EA183	rio_principal	2.2	Galíndez	1.1
SG-REFUG-8	Segovia	Ceguilla	Río Ceguilla, del Puerto o de las Pozas	Duero	Duero:EA183	rio_principal	1.9	Ceguilla	0.4
SG-18	Segovia	Ceguilla	Río Ceguilla, del Puerto o de las Pozas	Duero	Duero:EA183	rio_principal	3.4	Navafría	2.7
SG-REFUG-62	Segovia	Ceguilla	Río Ceguilla, del Puerto o de las Pozas	Duero	Duero:EA183	rio_principal	4.0	Navafría	5.4
SG-AAL-21	Segovia	Arroyo de los Cercos	Arroyo de los Cercos	Duero	Duero:EA114	rio_principal	14.9	Hoyuelos	2.1
SG-AAL-34	Segovia	Cerezuelo	Cerezuelo	Duero	Duero:EA012	rio_principal	11.2	Cerezo de Abajo	1.7
SG-AAL-37	Segovia	Arroyo Cerquilla	Arroyo Cerquilla	Duero	Duero:EA517	rio_principal	12.9	Dehesa Mayor	0.9
SG-REFUG-61	Segovia	Charca de la Dehesa	Charca de la Dehesa	Duero				La Mata	1.4
SG-AAL-58	Segovia	Ciguiñuela	Ciguiñuela	Duero				Urbanización Montecorredores	0.9
SG-AAL-27	Segovia	Cobos	Cobos	Duero				El Negredo	0.5
SG-AAL-38	Segovia	Arroyo Collalbillas y cauce secundario	Arroyo Collalbillas y cauce secundario	Duero	Duero:EA517	rio_principal	17.1	Dehesa	0.3
SG-REFUG-9	Segovia	de las Truchas	Río de las Truchas	Duero	Duero:EA183	rio_principal	2.7	Navafría	2.5
SG-AAL-25	Segovia	de Santa Águeda y Sordillo	de Santa Águeda y  Sordillo	Duero	Duero:EA016	rio_principal	0.3	Requijada	1.3
SG-AAL-7	Segovia	Arroyo de la Dehesa de la Vega	Arroyo de la Dehesa de la Vega	Duero				Campo de San Pedro	1.0
SG-AAL-52	Segovia	Duratón	Duratón VI	Duero	Duero:EA161	mismo_rio	1.3	Vivar de Fuentidueña	0.6
SG-AAL-86	Segovia	Duratón	Duratón V	Duero	Duero:EA161	mismo_rio	0.0	Fuentidueña	1.0
SG-AAL-11	Segovia	Duratón	Embalse de Las Vencías	Duero	Duero:EA161	mismo_rio	0.7	San Miguel de Bernuy	0.7
SG-AAL-8	Segovia	Duratón	Duratón IV	Duero	Duero:EA161	mismo_rio	4.8	Carrascal del Río	1.3
SG-2	Segovia	Duratón	Sepúlveda	Duero	Duero:EA012	mismo_rio	0.0	Sepúlveda	0.3
SG-AAL-9	Segovia	Duratón	Embalse de Burgomillodo	Duero	Duero:EA012	mismo_rio	10.3	Sebúlcor	3.4
SG-AAL-87	Segovia	Duratón	Duratón III	Duero	Duero:EA012	mismo_rio	2.2	Villar de Sobrepeña	1.6
SG-AAL-88	Segovia	Duratón	Duratón II	Duero	Duero:EA012	mismo_rio	1.6	Duratón	1.8
SG-AAL-43	Segovia	Duratón	Duratón I	Duero	Duero:EA012	mismo_rio	5.2	Los Cortos	1.5
SG-AAL-4	Segovia	Eresma	Eresma II	Duero	Duero:EA053	mismo_rio	0.0	Bernardos	3.2
SG-ARE-2	Segovia	Eresma	Eresma	Duero	Duero:EA050	mismo_rio	0.0	Las Serillas	0.9
SG-EFIC-7	Segovia	Eresma	Eresma I	Duero	Duero:EA526	mismo_rio	0.0	Tabanera del Monte	0.9
SG-AREC-4	Segovia	Eresma	Pontón Alto	Duero	Duero:EA526	mismo_rio	1.3	Parque Robledo	1.8
SG-REFUG-18	Segovia	Eresma	Eresma (Embalse del Pontón Alto)	Duero	Duero:EA525	mismo_rio	1.6	San Ildefonso o La Granja	2.0
SG-REFUG-17	Segovia	Eresma	Eresma	Duero	Duero:EA525	mismo_rio	0.9	San Ildefonso o La Granja	1.8
SG-REFUG-53	Segovia	Arroyo Fontarrón	Arroyo Fontarrón	Duero	Duero:EA009	rio_principal	4.0	Riofrío de Riaza	1.4
SG-ALL-90	Segovia	Arroyo del Fresno	Arroyo del Fresno	Duero	Duero:EA009	rio_principal	4.1	Cascajares	0.6
SG-AAL-70	Segovia	Frío	Frío II (SG)	Duero				Riofrío	0.7
SG-AAL-76	Segovia	Frío	Frío I (SG)	Duero				Revenga	1.1
SG-AAL-10	Segovia	Arroyo de la Garganta	Arroyo de la Garganta	Duero	Duero:EA012	rio_principal	15.1	Rosuero	1.5
SG-REFUG-5	Segovia	Arroyo de la Garganta	Río de la Garganta	Duero	Duero:EA012	rio_principal	19.7	Rosuero	3.3
SG-AAL-45	Segovia	Gudillos	Gudillos	Duero	Duero:EA055	rio_principal	3.2	Estación de El Espinar	1.5
SG-AAL-78	Segovia	Herreros	Herreros	Duero				Madrona	2.6
SG-AAL-23	Segovia	Arroyo de la Hoz	Arroyo de la Hoz	Duero	Duero:EA161	rio_principal	8.4	Laguna de Contreras	0.7
SG-AAL-42	Segovia	Arroyo Jaramiel	Arroyo Jaramiel I (SG)	Duero				Remondo	2.8
SG-ZHCIE-15	Segovia	Laguna de Barrancalejo	Laguna de Barrancalejo	Duero				Fuenterrebollo	1.6
SG-ZHCIE-5	Segovia	Laguna de la Cerrada	Laguna de la Cerrada	Duero				Cantalejo	5.2
SG-ZHCIE-19	Segovia	Laguna de la Tremedosa	Laguna de la Tremedosa	Duero				Fuenterrebollo	4.1
SG-ZHCIE-2	Segovia	Laguna de la Vega	Laguna de la Vega	Duero				Navas de Oro	1.0
SG-ZHCIE-1	Segovia	Laguna de las Eras	Laguna de las Eras	Duero				Villagonzalo de Coca	0.6
SG-ZHCIE-16	Segovia	Laguna de las Zorreras	Laguna de las Zorreras	Duero				Fuenterrebollo	1.8
SG-REFUG-13	Segovia	Laguna de Lastras de Cuéllar	Laguna de Lastras de Cuéllar	Duero				Hontalbilla	4.1
SG-ZHCIE-18	Segovia	Laguna de los Hombres	Laguna de los Hombres	Duero				Fuenterrebollo	3.5
SG-ZHCIE-17	Segovia	Laguna de los Navamazos	Laguna de los Navazos	Duero				Fuenterrebollo	2.7
SG-ZHCIE-13	Segovia	Laguna de los Pollos	Laguna de los Pollos	Duero				Cantalejo	3.7
SG-ZHCIE-14	Segovia	Laguna de los Sotillos Encimeros	Laguna de los Sotillos Encimeros	Duero				Cabezuela	4.0
SG-ZHCIE-12	Segovia	Laguna de Matisalvador	Laguna de Matisalvador	Duero				Cantalejo	4.8
SG-ZHCIE-9	Segovia	Laguna de Navacornales	Laguna de Navacornales	Duero				Cantalejo	4.7
SG-ZHCIE-8	Segovia	Laguna de Navaelsoto	Laguna de Navaelsoto	Duero				Fuenterrebollo	4.8
SG-ZHCIE-4	Segovia	Laguna de Navahornos	Laguna de Navahornos	Duero				Fuenterrebollo	5.4
SG-ZHCIE-6	Segovia	Laguna de Navalagrulla	Laguna de Navalagrulla	Duero				Cantalejo	4.7
SG-ZHCIE-7	Segovia	Laguna de Navalayegua	Laguna de Navalayegua	Duero				Cantalejo	5.3
SG-ZHCIE-20	Segovia	Laguna de Navalisteva	Laguna de Navalisteva	Duero				Fuenterrebollo	3.3
SG-ZHCIE-11	Segovia	Laguna del Sapo	Laguna del Sapo	Duero				Cantalejo	5.2
SG-ZHCIE-10	Segovia	Laguna del Sotillo Bajero	Laguna del Sotillo Bajero	Duero				Cabezuela	4.3
SG-ZHCIE-21	Segovia	Laguna Grande	Laguna Grande	Duero				Navalilla	2.5
SG-ZHCIE-3	Segovia	Laguna Muña	Laguna Muña	Duero				Fuenterrebollo	5.8
SG-AAL-13	Segovia	Arroyo de Magdalena	Arroyo de Magdalena	Duero	Duero:EA047	rio_principal	18.3	Peromingo	1.0
SG-REFUG-28	Segovia	Arroyo de Magdalena	Embalse de Torrelara	Duero	Duero:EA047	rio_principal	18.2	El Monte	2.1
SG-AAL-60	Segovia	Arroyo Malavacas	Arroyo Malavacas	Duero				Riofrío	1.2
SG-AAL-18	Segovia	Malucas	Malucas	Duero				San Martín	1.1
SG-AAL-40	Segovia	Arroyo Marieles	Arroyo Marieles	Duero				Chañe	1.2
SG-AAL-15	Segovia	Arroyo de Martín Miguel	Arroyo de Martín Miguel	Duero	Duero:EA052	rio_principal	11.1	Juarros de Riomoros	1.1
SG-AAL-53	Segovia	Milanillos	Milanillos	Duero				Madrona	1.1
SG-REFUG-23	Segovia	Milanillos	Milanillos	Duero				Ortigosa del Monte	2.7
SG-AAL-16	Segovia	Moros	Moros V	Duero	Duero:EA052	mismo_rio	0.0	Juarros de Riomoros	0.2
SG-AAL-81	Segovia	Moros	Moros IV	Duero	Duero:EA052	mismo_rio	0.2	Valdeprados	1.0
SG-AAL-89	Segovia	Moros	Moros III	Duero	Duero:EA055	mismo_rio	2.2	Vegas de Matute	2.0
SG-EFIC-6	Segovia	Moros	Embalse de los Angeles	Duero	Duero:EA055	mismo_rio	1.1	Vegas de Matute	2.5
SG-17	Segovia	Moros	El Espinar	Duero	Duero:EA051	mismo_rio	5.6	Ortigosa del Monte	8.8
SG-AAL-82	Segovia	Moros	Embalse de Carrascal	Duero	Duero:EA055	mismo_rio	1.4	Los Ángeles de San Rafael	2.9
SG-AAL-48	Segovia	Moros	Moros II	Duero	Duero:EA055	mismo_rio	0.0	Prados	3.2
SG-REFUG-21	Segovia	Moros	Moros	Duero	Duero:EA051	mismo_rio	1.0	Estación de El Espinar	5.2
SG-AAL-46	Segovia	Moros	Moros I	Duero	Duero:EA051	mismo_rio	0.0	Estación de El Espinar	2.7
SG-AREC-3	Segovia	Moros	Molino La Villa	Duero	Duero:EA051	mismo_rio	1.6	Prados	1.3
SG-AAL-83	Segovia	Peces	Peces	Duero				Navas de Riofrío	0.9
SG-REFUG-20	Segovia	Peces	Peces	Duero				Navas de Riofrío	2.6
SG-REFUG-22	Segovia	Arroyo de la Peña del oso y Arroyo de las Víboras	Arroyo de las Víboras y Peña del Oso	Duero				Navas de Riofrío	3.7
SG-AAL-32	Segovia	Pirón	Pirón II	Duero	Duero:EA057	mismo_rio	11.3	Samboal	3.9
SG-EFIC-4	Segovia	Pirón	Pirón	Duero	Duero:EA057	mismo_rio	0.0	Villovela de Pirón	2.6
SG-11	Segovia	Pirón	Villovela	Duero	Duero:EA057	mismo_rio	0.2	Parral de Villovela	0.4
SG-AAL-17	Segovia	Pirón	Pirón I	Duero	Duero:EA057	mismo_rio	5.0	Peñarrubias de Pirón	1.6
SG-12	Segovia	Pirón	Aprisqueras	Duero	Duero:EA057	mismo_rio	21.7	La Torre	6.3
SG-REFUG-15	Segovia	Pirón	Pirón	Duero	Duero:EA057	mismo_rio	22.0	Sotosalbos	6.8
SG-AAL-63	Segovia	Pontón	Pontón	Duero	Duero:EA016	rio_principal	3.1	Orejanilla	0.5
SG-AAL-84	Segovia	Arroyo de los Pontones	Arroyo de los Pontones	Duero	Duero:EA052	rio_principal	8.5	Abades	1.9
SG-AAL-64	Segovia	Arroyo Pozaliño	Arroyo Pozaliño	Duero				Navalmanzano	0.2
SG-AAL-68	Segovia	Arroyo del Pozo	Arroyo del Pozo	Duero	Duero:EA161	rio_principal	5.4	Pecharromán	0.9
SG-AAL-71	Segovia	Arroyo de la Presa	Arroyo de la Presa	Duero	Duero:EA114	rio_principal	23.1	Balisa	0.8
SG-AAL-67	Segovia	Arroyo del Recorvo	Arroyo del Recorvo	Duero	Duero:EA161	rio_principal	6.3	Sacramenia	1.8
SG-AAL-49	Segovia	Riaguas	Riaguas	Duero				Riahuelas	0.9
SG-AREC-1	Segovia	Riaza	Montejo de la Vega	Duero	Duero:EA010	mismo_rio	7.7	Montejo de la Vega de la Serrezuela	1.0
SG-EFIC-5	Segovia	Riaza	Riaza III	Duero	Duero:EA010	mismo_rio	0.0	Montejo de la Vega de la Serrezuela	4.2
SG-AAL-2	Segovia	Riaza	Embalse de Linares del Arroyo	Duero	Duero:EA552	mismo_rio	0.3	Maderuelo	1.6
SG-AAL-1	Segovia	Riaza	Riaza II	Duero	Duero:EA538	mismo_rio	0.0	Aldealengua de Santa María	0.8
SG-AAL-28	Segovia	Riaza	Riaza I	Duero	Duero:EA009	mismo_rio	0.0	Cinco Villas	1.1
SG-1	Segovia	Riaza	Riofrío de Riaza	Duero	Duero:EA009	mismo_rio	5.6	Riofrío de Riaza	1.7
SG-REFUG-2	Segovia	Riaza	Río Riaza	Duero	Duero:EA009	mismo_rio	6.3	Riofrío de Riaza	2.0
SG-AAL-54	Segovia	Arroyo de Roda	Arroyo de Roda	Duero	Duero:EA050	rio_principal	8.5	Los Huertos	1.6
SG-AAL-55	Segovia	Sacramenia	Sacramenia	Duero	Duero:EA161	rio_principal	6.4	Sacramenia	2.4
SG-AAL-74	Segovia	San Juan	San Juan II	Duero	Duero:EA012	rio_principal	8.3	Villar de Sobrepeña	2.9
SG-AAL-19	Segovia	San Juan	San Juan I	Duero	Duero:EA012	rio_principal	6.2	Valdesaz	2.0
SG-REFUG-6	Segovia	San Juan	San Juan	Duero	Duero:EA012	rio_principal	18.0	Prádena	1.1
SG-AAL-59	Segovia	Arroyo de San Pedro	Arroyo de San Pedro (SG)	Duero				La Losa	0.5
SG-AAL-80	Segovia	Arroyo de Santa Ana	Arroyo de Santa Ana	Duero	Duero:EA517	rio_principal	7.1	Veganzones	2.2
SG-REFUG-24	Segovia	Arroyo del Santo	Arroyo del Santo	Duero	Duero:EA525	rio_principal	19.7	Prados	1.1
SG-AAL-29	Segovia	Serrano	Serrano	Duero				Castillejo de Mesleón	0.7
SG-AAL-41	Segovia	Arroyo de la Sierpe	Arroyo de la Sierpe	Duero				Chañe	2.3
SG-AAL-47	Segovia	Arroyo de la Soledad	Arroyo de la Soledad	Duero	Duero:EA055	rio_principal	3.9	El Espinar	1.6
SG-AAL-73	Segovia	Arroyo de Sotosalbos	Arroyo de Sotosalbos	Duero	Duero:EA057	rio_principal	13.0	Santo Domingo de Pirón	1.7
SG-AAL-75	Segovia	Arroyo Tejadilla	Arroyo Tejadilla	Duero	Duero:EA050	rio_principal	0.7	Perogordo	1.3
SG-REFUG-4	Segovia	Arroyo de la Tejera	Arroyo de la Tejera	Duero	Duero:EA009	rio_principal	5.9	Riofrío de Riaza	1.8
SG-AAL-44	Segovia	Arroyo de la Tejera	Arroyo de la Tejera	Duero	Duero:EA055	rio_principal	1.2	El Espinar	2.7
SG-REFUG-26	Segovia	Arroyo Tuerto	Arroyo Tuerto	Duero				Navalperal de Pinares	5.4
SG-REFUG-12	Segovia	Arroyo Vadillo	Arroyo Vadillo	Duero	Duero:EA016	rio_principal	3.6	Pedraza	0.9
SG-AAL-62	Segovia	Arroyo Vadillo	Arroyo del Vadillo	Duero	Duero:EA183	rio_principal	6.1	Rades de Abajo	2.0
SG-AAL-3	Segovia	Arroyo de las Vegas y arroyo del Bálsamo	Arroyo de las Vegas y arroyo del Bálsamo	Duero				Aldeonte	0.9
SG-AAL-36	Segovia	Viejo	Viejo (SG)	Duero	Duero:EA057	rio_principal	6.2	Berrocal	1.7
SG-REFUG-14	Segovia	Arroyo Viejo	Arroyo Viejo	Duero	Duero:EA183	rio_principal	6.9	Collado Hermoso	4.3
SG-REFUG-3	Segovia	Villacorta	Río Villacorta	Duero				Villacorta	1.7
SG-AAL-26	Segovia	Villacortilla	Villacortilla	Duero				Estebanvela	1.8
SG-AAL-57	Segovia	Viñegra	Viñegra	Duero				Monterrubio	2.5
SG-AAL-22	Segovia	Voltoya	Voltoya II	Duero	Duero:EA114	mismo_rio	0.0	Juarros de Voltoya	1.9
SG-REFUG-27	Segovia	Voltoya	Voltoya	Duero	Duero:EA047	mismo_rio	10.8	Aldeavieja	8.5
SG-AAL-30	Segovia	Zorita	Zorita	Duero				Marugán	3.8
SO-REFUG-25	Soria	Abión	Abión I	Duero	Duero:EA153	mismo_rio	0.2	Muriel de la Fuente	0.9
SO-7	Soria	Abión	Muriel de la Fuente	Duero	Duero:EA153	mismo_rio	0.0	Abioncillo de Calatañazor	1.0
SO-AAL-41	Soria	Abión	Abión II	Duero	Duero:EA153	mismo_rio	4.3	Torreblacos	0.8
SO-AREC-12	Soria	Abión	Velasco	Duero	Duero:EA153	mismo_rio	11.8	Santiuste	0.7
SO-AREC-18	Soria	Abión	Osma	Duero	Duero:EA153	mismo_rio	22.5	El Burgo de Osma	1.0
SO-AAL-25	Soria	Arroyo de Alepud	Arroyo de Alepud	Duero				Cabanillas	2.5
SO-EFIC-16	Soria	Alhama	Alhama	Ebro	Ebro:A251	mismo_rio	8.7	Magaña	1.2
SO-EFIC-10	Soria	Araviana	Araviana	Duero				Noviercas	1.1
SO-AAL-26	Soria	Arroyos del Curato, de la Laguna y de las Vegas	Arroyos del Curato, de la Laguna y de las Vegas	Duero				Cabrejas del Campo	0.3
SO-EFIC-39	Soria	Baos	Baos	Ebro	Ebro:A044	rio_principal	7.1	Santa Cruz de Yanguas	0.6
SO-REFUG-32	Soria	Barranco de Agromonte	Agramonte	Ebro	Ebro:A174	rio_principal	9.1	Aldehuela de Ágreda	4.4
SO-REFUG-39	Soria	Blanco	Canal del Blanco	Ebro	Ebro:A167	mismo_rio	0.1	Somaén	1.5
SO-REFUG-37	Soria	Blanco	Canal de la Chorronera	Ebro	Ebro:A167	mismo_rio	4.2	Velilla de Medinaceli	1.5
SO-EFIC-37	Soria	Blanco	Río Blanco	Ebro	Ebro:A167	mismo_rio	0.0	Urex de Medinaceli	0.2
SO-AAL-1	Soria	Bordecorex	Bordecorex	Duero				Alcubilla de las Peñas	4.5
SO-EFIC-21	Soria	Cañada de Beltrán	Cañada de Beltrán	Ebro				Deza	4.1
SO-AAL-44	Soria	Caracena	Caracena II	Duero				Vildé	0.8
SO-AAL-45	Soria	Caracena	Embalse de Vilde	Duero				Villanueva de Gormaz	1.8
SO-AAL-57	Soria	Caracena	Caracena I	Duero				Villanueva de Gormaz	1.6
SO-REFUG-31	Soria	Caracena	Caracena	Duero				Caracena	0.3
SO-AAL-3	Soria	Arroyo de la Carrera	Arroyo de la Carrera	Duero				Aldealpozo	2.1
SO-AAL-14	Soria	Arroyo de la Caseta	Arroyo de la Caseta	Duero				Los Villares de Soria	1.0
SO-AAL-59	Soria	Castro	Castro (SO)	Duero				Ventosa de Fuentepinilla	1.9
SO-AAL-22	Soria	Chico	Chico (SO)	Duero				Aldealseñor	0.3
SO-AAL-49	Soria	Chico	Chico (SO)	Duero				Talveila	2.2
SO-AREC-20	Soria	Cidacos	Cidacos II	Ebro	Ebro:A044	mismo_rio	3.4	La Vega	3.4
SO-EFIC-42	Soria	Cidacos	Cidacos	Ebro	Ebro:A044	mismo_rio	0.0	La Vega	2.2
SO-EFIC-15	Soria	Cidacos	Cidacos	Ebro	Ebro:A044	mismo_rio	0.3	Los Campos	0.4
SO-AAL-63	Soria	de Alboreca	de Alboreca	Tajo				Ventosa del Ducado	2.3
SO-EFIC-20	Soria	de la Casa o Val	Río de la Casa o Val	Ebro				Muro	3.2
SO-AAL-35	Soria	del Berral	del Berral	Tajo				Romanillos de Medinaceli	4.0
SO-EFIC-1	Soria	Duero	Duero I	Duero	Duero:EA101	mismo_rio	13.5	Duruelo de la Sierra	0.4
SO-AREC-1	Soria	Duero	Campamento Covaleda	Duero	Duero:EA101	mismo_rio	11.5	Duruelo de la Sierra	1.8
SO-REFUG-2	Soria	Duero	Duero	Duero	Duero:EA101	mismo_rio	6.4	Covaleda	3.2
SO-EFIC-2	Soria	Duero	Duero II	Duero	Duero:EA101	mismo_rio	8.0	Covaleda	2.1
SO-1	Soria	Duero	Covaleda	Duero	Duero:EA101	mismo_rio	3.7	Covaleda	3.8
SO-AREC-2	Soria	Duero	Salduero-Molinos	Duero	Duero:EA101	mismo_rio	0.0	Salduero	0.5
SO-AREC-3	Soria	Duero	Vilviestre	Duero	Duero:EA001	mismo_rio	3.3	Vilviestre de los Nabos	1.3
SO-EFIC-25	Soria	Duero	Duero I	Duero	Duero:EA001	mismo_rio	0.0	Vilviestre de los Nabos	2.3
SO-11	Soria	Duero	Langosto	Duero	Duero:EA001	mismo_rio	6.3	Hinojosa de la Sierra	0.5
SO-ARE-9	Soria	Duero	Embalse de la Cuerda del Pozo	Duero	Duero:EA101	mismo_rio	0.5	Molinos de Duero	3.4
SO-AREC-4	Soria	Duero	Buitrago	Duero	Duero:EA002	mismo_rio	7.1	Dombellas	2.8
SO-EDS-2	Soria	Duero	Duero I	Duero	Duero:EA002	mismo_rio	3.4	Tardesillas	3.6
SO-EFIC-26	Soria	Duero	Duero II	Duero	Duero:EA002	mismo_rio	1.6	Garray	2.1
SO-AREC-14	Soria	Duero	Garray-Soria	Duero	Duero:EA002	mismo_rio	0.1	Las Casas	2.3
SO-AAL-68	Soria	Duero	Duero I	Duero	Duero:EA002	mismo_rio	3.4	Soria	0.9
SO-ARE-10	Soria	Duero	Embalse de los Rábanos	Duero	Duero:EA002	mismo_rio	4.7	Los Rábanos	0.5
SO-AREC-15	Soria	Duero	Tardajos	Duero	Duero:EA162	mismo_rio	0.6	Tardajos de Duero	3.1
SO-EFIC-27	Soria	Duero	Duero III	Duero	Duero:EA162	mismo_rio	0.0	Ribarroya	1.3
SO-AREC-16	Soria	Duero	Almarail	Duero	Duero:EA162	mismo_rio	4.7	Riotuerto	1.7
SO-EFIC-36	Soria	Duero	Duero II	Duero	Duero:EA163	mismo_rio	0.0	Baniel	3.5
SO-AAL-18	Soria	Duero	Duero III	Duero	Duero:EA004	mismo_rio	0.0	Recuerda	1.5
SO-AAL-69	Soria	Ebrillos	Ebrillos	Duero				Salduero	7.0
SO-REFUG-12	Soria	Ebrillos	Ebrillos	Duero				Cabrejas del Pinar	3.7
SO-AAL-5	Soria	Escalote	Escalote	Duero				Caltojar	0.5
SO-AAL-38	Soria	Fuentepinilla	Fuentepinilla	Duero	Duero:EA004	rio_principal	16.7	Valderrueda	1.7
SO-AAL-61	Soria	Golmayo	Golmayo	Duero	Duero:EA002	rio_principal	5.2	Urbanización Las Camaretas	1.7
SO-AAL-9	Soria	Arroyo de las Hazas y arroyo de la Laguna	Arroyo de las Hazas y arroyo de la Laguna	Duero				Pinilla del Campo	2.0
SO-EFIC-13	Soria	Henar	Henar	Ebro	Ebro:A057	rio_principal	1.3	Miñana	2.5
SO-AAL-67	Soria	Arroyo del Henar	Arroyo del Henar (SO)	Duero				Torremocha de Ayllón	2.6
SO-AAL-30	Soria	Arroyo de la Hocecilla	Arroyo de la Hocecilla	Duero				Marazovel	3.0
SO-AAL-37	Soria	Arroyo de la Hoz de San Miguel	Arroyo de la Hoz de San Miguel	Duero				Paones	2.6
SO-AAL-29	Soria	Arroyo de las Huertas	Arroyo de las Huertas	Duero				Cardejón	1.7
SO-EFIC-24	Soria	Isuela	Isuela	Duero				Beratón	1.2
SO-AAL-36	Soria	Izana	Izana	Duero	Duero:EA163	rio_principal	10.2	Tardelcuende	1.6
SO-AREC-9	Soria	Jalón	Jalón	Ebro	Ebro:A058	mismo_rio	7.0	Montuenga de Soria	2.7
SO-AAL-31	Soria	Jalón	Jalón	Ebro	Ebro:A058	mismo_rio	4.5	Arcos de Jalón	0.1
SO-AREC-8	Soria	Jalón	Jubera	Ebro	Ebro:A058	mismo_rio	0.0	Jubera	0.2
SO-EFIC-12	Soria	Jalón	Jalón II	Ebro	Ebro:A058	mismo_rio	0.6	Somaén	0.6
SO-EFIC-11	Soria	Jalón	Jalón I	Ebro	Ebro:A058	mismo_rio	5.3	Estación	0.8
SO-REFUG-36	Soria	Jalón	Jalón	Ebro	Ebro:A058	mismo_rio	8.7	Esteras de Medinaceli	1.7
SO-EFIC-9	Soria	Laguna de Cebollera	Laguna de Cebollera	Duero				Molinos de Razón	6.7
SO-ZHCIE-11	Soria	Laguna de El Royo	Laguna de El Royo	Duero				Vilviestre de los Nabos	1.6
SO-ARE-2	Soria	Laguna de las Islas	Laguna de las Islas	Duero				Almazán	0.6
SO-ZHCIE-2	Soria	Laguna de los Llanos de la Herrada	Laguna de los Llanos de la Herrada	Duero				Alconaba	4.2
SO-ZHCIE-6	Soria	Laguna de Mojón Alto	Laguna de Mojón Alto	Duero				Duruelo de la Sierra	5.8
SO-ZHCIE-4	Soria	Laguna Helada	Laguna Helada	Duero				Santa Inés	5.0
SO-ZHCIE-12	Soria	Laguna Honda	Laguna Honda	Duero				Alconaba	2.8
SO-ZHCIE-3	Soria	Laguna Larga	Laguna Larga	Duero				Valdespina	2.2
SO-EFIC-30	Soria	Laguna Negra	Laguna Negra	Duero				Santa Inés	3.8
SO-EFIC-17	Soria	Linares	Linares	Ebro	Ebro:A043	mismo_rio	0.0	San Pedro Manrique	0.3
SO-AAL-17	Soria	Lobos	Lobos II	Duero	Duero:EA154	rio_principal	9.5	Arganza	3.5
SO-AAL-19	Soria	Madre	Madre	Duero	Duero:EA162	rio_principal	1.5	Alconaba	2.6
SO-AAL-43	Soria	Madre de Rejas	Madre de Rejas	Duero				Villálvaro	1.1
SO-AAL-47	Soria	Arroyo de Majallana	Arroyo de Majallana	Duero				Muriel de la Fuente	2.3
SO-EFIC-14	Soria	Manubles	Manubles	Ebro	Ebro:A287	mismo_rio	7.7	Borobia	2.2
SO-EFIC-38	Soria	Manzano o Río Añamaza	Río Manzano o Río Añamaza	Ebro				Dévanos	2.7
SO-EFIC-22	Soria	Manzano o Río Añamaza	Río Manzano o Río Añamaza	Ebro				Muro	3.0
SO-AAL-51	Soria	Arroyo de la Mata	Arroyo de la Mata (SO)	Duero				Navaleno	2.4
SO-REFUG-34	Soria	Mayor	Mayor o Montenegro	Ebro				Montenegro de Cameros	0.5
SO-AAL-56	Soria	Mazo	Mazo	Duero	Duero:EA162	rio_principal	8.4	Lubia	0.4
SO-AAL-20	Soria	Merdancho	Merdancho	Duero				Renieblas	1.9
SO-AAL-40	Soria	Milanos,  arroyo Valdemuriel y Barranco de Herreros	Milanos,  arroyo Valdemuriel y Barranco de Herreros	Duero	Duero:EA153	rio_principal	4.7	Aldehuela de Calatañazor	1.4
SO-AAL-23	Soria	Moñigón	Moñigón	Duero				Torretartajo	0.3
SO-AAL-66	Soria	Arroyo del Monte	Arroyo del Monte	Duero				Piquera de San Esteban	2.2
SO-AAL-24	Soria	Morón	Morón	Duero				Morón de Almazán	2.3
SO-AAL-39	Soria	Muriel Viejo	de Muriel Viejo	Duero				Muriel de la Fuente	2.0
SO-EFIC-18	Soria	Nágima	Nágima	Ebro	Ebro:A147	mismo_rio	6.4	Torlengua	1.9
SO-ZHCIE-1	Soria	Nágima	Embalse de Monteagudo de las Vicarías	Ebro	Ebro:A147	mismo_rio	10.4	Fuentelmonge	3.1
SO-ARE-8	Soria	Nágima	Embalse de Monteagudo de las Vicarías II	Ebro	Ebro:A147	mismo_rio	9.5	Monteagudo de las Vicarías	2.7
SO-AAL-53	Soria	Navaleno	Navaleno	Duero				San Leonardo de Yagüe	0.3
SO-AAL-11	Soria	Arroyo del Ojuelo	Arroyo del Ojuelo	Duero				San Leonardo de Yagüe	1.6
SO-EFIC-40	Soria	Ostaza	Cidacos	Ebro				Camporredondo	0.6
SO-AAL-32	Soria	Arroyo Parado	Arroyo Parado	Duero				Arenillas	0.9
SO-AAL-54	Soria	Pedrajas	Pedrajas	Duero				Toledillo	2.3
SO-AAL-58	Soria	Pedro	Pedro (SO)	Duero				Torremocha de Ayllón	3.1
SO-AAL-6	Soria	Arroyo de Peñas Rubias	Arroyo de Peñas Rubias	Duero				Abioncillo de Calatañazor	3.5
SO-AAL-8	Soria	Arroyo de los Pozuelos	Arroyo de los Pozuelos	Duero				Tajahuerce	2.0
SO-EFIC-23	Soria	Queiles	Queiles	Ebro	Ebro:A174	mismo_rio	3.8	Vozmediano	1.8
SO-ZHCIE-10	Soria	Razón	Lagunas del Castillo	Duero				El Quintanarejo	4.9
SO-REFUG-16	Soria	Razón	Razón	Duero				El Quintanarejo	6.2
SO-EFIC-32	Soria	Razón	Razón II	Duero				Sotillo del Rincón	2.8
SO-EFIC-3	Soria	Razón	Razón I	Duero				El Royo	4.9
SO-EFIC-7	Soria	Razón	Razón IV	Duero				Aldehuela del Rincón	1.0
SO-AREC-6	Soria	Razón	Razón	Duero				Rebollar	1.9
SO-EFIC-19	Soria	Regatillo	Regatillo	Ebro				Cihuela	5.1
SO-REFUG-9	Soria	Revinuesa	Revinuesa	Duero	Duero:EA000	mismo_rio	0.2	Santa Inés	2.9
SO-ZHCIE-8	Soria	Revinuesa	Laguna del Buey	Ebro				Santa Inés	4.6
SO-ZHCIE-9	Soria	Revinuesa	Laguna Verde	Duero	Duero:EA000	mismo_rio	11.3	Santa Inés	3.9
SO-ZHCIE-5	Soria	Revinuesa	Laguna del Hornillo	Duero	Duero:EA000	mismo_rio	10.6	Santa Inés	5.2
SO-ZHCIE-7	Soria	Revinuesa	Laguna de Mansegosa	Duero	Duero:EA000	mismo_rio	7.4	El Quintanarejo	3.0
SO-EFIC-5	Soria	Revinuesa	Revinuesa I	Duero	Duero:EA000	mismo_rio	4.6	El Quintanarejo	1.3
SO-AREC-5	Soria	Revinuesa	Revinuesa	Duero	Duero:EA000	mismo_rio	0.0	Vinuesa	1.9
SO-AAL-64	Soria	Arroyo del río	Arroyo del Río	Duero	Duero:EA004	rio_principal	1.9	Recuerda	1.2
SO-AAL-21	Soria	Rituerto	Rituerto	Duero				Buberos	1.5
SO-AAL-65	Soria	Arroyo Rozarza	Arroyo Rozarza	Duero	Duero:EA001	rio_principal	4.3	Derroñadas	0.8
SO-EFIC-28	Soria	Sequillo	Sequillo	Duero				Valdenebro	1.8
SO-AAL-2	Soria	Sotillo	Sotillo (SO)	Duero				Castilfrío de la Sierra	1.2
SO-AAL-4	Soria	Talegones	Talegones	Duero				Cabreriza	0.8
SO-REFUG-24	Soria	Tera	Tera	Duero	Duero:EA164	mismo_rio	11.9	La Póveda de Soria	3.5
SO-EFIC-4	Soria	Tera	Tera I	Duero	Duero:EA164	mismo_rio	13.3	Barriomartín	2.2
SO-EFIC-8	Soria	Tera	Tera II	Duero	Duero:EA164	mismo_rio	6.2	Cubo de la Sierra	1.7
SO-ZHCIE-13	Soria	Tera	Laguna de los Llanos	Duero	Duero:EA164	mismo_rio	5.8	Espejo de Tera	1.2
SO-2	Soria	Tera	Chavaler	Duero	Duero:EA164	mismo_rio	2.1	Chavaler	1.4
SO-AAL-60	Soria	Tera	Tera (SO)	Duero	Duero:EA164	mismo_rio	0.0	Tardesillas	0.8
SO-AREC-7	Soria	Tera	Tera	Duero	Duero:EA164	mismo_rio	0.0	Garray	0.8
SO-AAL-50	Soria	Tielmes y  Manzanares	Tielmes y  Manzanares	Duero				Hoz de Abajo	0.4
SO-AAL-34	Soria	Torete	Torete	Duero				Fuentegelmes	0.6
SO-REFUG-1	Soria	Triguera	Triguera	Duero				Regumiel de la Sierra	3.5
SO-REFUG-28	Soria	Ucero	Río Lobos	Duero	Duero:EA154	mismo_rio	1.7	Nafría de Ucero	4.2
SO-ARE-1	Soria	Ucero	Aula del Río El Rincón del Ucero	Duero	Duero:EA154	mismo_rio	0.4	Ucero	1.1
SO-REFUG-27	Soria	Ucero	Ucero	Duero	Duero:EA154	mismo_rio	0.1	Ucero	0.3
SO-5	Soria	Ucero	Ucero	Duero	Duero:EA154	mismo_rio	0.0	Valdelinares	1.1
SO-6	Soria	Ucero	Sotos	Duero	Duero:EA154	mismo_rio	3.8	Sotos del Burgo	1.1
SO-AAL-46	Soria	Ucero	Ucero	Duero	Duero:EA005	mismo_rio	0.0	Barcebalejo	1.9
SO-EFIC-29	Soria	Ucero	Ucero	Duero	Duero:EA005	mismo_rio	0.7	La Olmeda	1.1
SO-AREC-17	Soria	Ucero	Olmeda	Duero	Duero:EA005	mismo_rio	3.5	La Rasa	2.0
SO-AAL-62	Soria	Arroyo de Valdanzo	Arroyo de Valdanzo	Duero	Duero:EA522	rio_principal	14.9	Valdanzo	2.4
SO-AAL-52	Soria	Arroyo Valderrueda	Arroyo Valderrueda	Duero				Casarejos	3.9
SO-AAL-55	Soria	Arroyo de Valdesauquillo	Arroyo de Valdesauquillo	Duero				Coscurita	0.8
SO-AAL-33	Soria	Arroyo de Valdevacas	Arroyo de Valdevacas	Duero				Jodra de Cardos	1.8
SO-AAL-42	Soria	Arroyo de la Vega	Arroyo de la Vega (SO)	Duero				Portillo de Soria	0.9
SO-AAL-7	Soria	Arroyo de la Veguilla	Arroyo de la Veguilla	Duero				Barcebalejo	1.4
SO-EFIC-41	Soria	Ventosa	Ventosa	Ebro	Ebro:A251	rio_principal	24.2	Palacio de San Pedro	0.8
SO-AAL-70	Soria	Viejo	Viejo (SO)	Duero				Pinilla de Caradueña	0.9
SO-AAL-27	Soria	Villares	Villares	Duero				Los Villares de Soria	0.8
VA-AAL-25	Valladolid	Adaja	Adaja VI	Duero	Duero:EA167	mismo_rio	0.0	Villalba de Adaja	2.3
VA-AAL-43	Valladolid	Arroyo de la Agudilla y arroyo de Carremolinos	Arroyo de la Agudilla y arroyo de Carremolinos	Duero	Duero:EA551	rio_principal	2.3	Moraleja de las Panaderas	2.1
VA-AAL-3	Valladolid	Aguijón	Aguijón III	Duero				Villanueva de San Mancio	0.7
VA-AAL-22	Valladolid	Aguijón	Aguijón I	Duero				Montealegre de Campos	3.0
VA-AAL-9	Valladolid	Arroyos de la Huelga, del Simplón y del Ramo	Arroyos de la Huelga, del Simplón y  del Ramo	Duero	Duero:EA551	rio_principal	3.8	Rubí de Bracamonte	2.5
VA-AAL-61	Valladolid	Asperilla	Asperilla	Duero	Duero:EA185	rio_principal	13.2	Fuente el Sol	1.5
VA-REFUG-8	Valladolid	Bajoz	Rio Bajoz	Duero				Castromonte	3.0
VA-AAL-72	Valladolid	Bajoz	Santa Espina	Duero				La Santa Espina	3.1
VA-AAL-33	Valladolid	Bajoz	Bajoz I	Duero				Mota del Marqués	2.3
VA-ZHCIE-6	Valladolid	Bodon Blanco	Bodon Blanco	Duero	Duero:EA167	rio_principal	7.6	Fuente-Olmedo	2.0
VA-ZHCIE-7	Valladolid	Bodon Juncial	Bodon Juncial	Duero	Duero:EA167	rio_principal	7.2	Fuente-Olmedo	2.1
VA-AAL-27	Valladolid	Arroyo Botijas y arroyo del Pozuelo	Arroyo Botijas y arroyo del Pozuelo II	Duero	Duero:EA132	rio_principal	20.5	Mélida	1.3
VA-AAL-28	Valladolid	Bustillo	Bustillo I	Duero	Duero:EA126	rio_principal	19.7	Villamuriel de Campos	1.6
P-AAL-83	Valladolid	Canal de Castilla	Canal de Castilla (Ramal de Campos) I	Duero				Fuentes de Nava	3.4
VA-AAL-70	Valladolid	Canal de Castilla	Canal de Castilla (Ramal de Campos) II	Duero				Villanueva de San Mancio	1.5
VA-AAL-71	Valladolid	Canal de Castilla	AAL-Canal de Castilla VII	Duero				Cabezón.Barrio Viejo	1.7
VA-EFIC-1	Valladolid	Cea	Cea IV	Duero	Duero:EA073	mismo_rio	9.8	Melgar de Abajo	0.8
VA-AAL-14	Valladolid	Cea	Cea V	Duero	Duero:EA516	mismo_rio	8.7	Mayorga	1.4
VA-AAL-2	Valladolid	Cea	Cea VI	Duero	Duero:EA516	mismo_rio	2.4	San Miguel del Valle	4.4
VA-AAL-24	Valladolid	Cega	Cega V	Duero	Duero:EA518	mismo_rio	0.1	Las Fuentes	0.2
VA-AAL-66	Valladolid	Arroyo de La Dehesa o Eras	Arroyo de La Dehesa o Eras II	Duero	Duero:EA528	rio_principal	6.9	Encinas de Esgueva	0.5
VA-AAL-67	Valladolid	Arroyo de La Dehesa o Eras	Embalse de Encinas de Esgueva	Duero	Duero:EA528	rio_principal	9.3	Encinas de Esgueva	3.0
VA-AAL-65	Valladolid	Arroyo de La Dehesa o Eras	Arroyo de La Dehesa o Eras I	Duero	Duero:EA528	rio_principal	10.7	Villaescusa de Roa	3.7
VA-AAL-1	Valladolid	Duero	Duero VI	Duero	Duero:EA132	mismo_rio	0.1	Dehesa Peñalba	0.6
VA-EDS-2	Valladolid	Duero	San Miguel del Pino	Duero	Duero:EA054	mismo_rio	1.2	San Miguel del Pino	0.4
VA-AAL-46	Valladolid	Duero	Duero VII	Duero	Duero:EA054	mismo_rio	0.1	Tordesillas	3.1
VA-REFUG-4	Valladolid	Duero	Torrecilla de la Abadesa y Pollos	Duero	Duero:EA054	mismo_rio	18.3	Pollos	4.5
VA-AAL-8	Valladolid	Duero	Duero VIII	Duero	Duero:EA062	mismo_rio	16.6	San Román de Hornija	7.1
VA-AAL-37	Valladolid	Duero	Duero IX	Duero	Duero:EA062	mismo_rio	8.5	Villafranca de Duero	0.2
VA-REFUG-2	Valladolid	Duero	Castronuño 2	Duero	Duero:EA062	mismo_rio	16.7	Castronuño	4.0
VA-REFUG-3	Valladolid	Duero	Castronuño 3	Duero	Duero:EA062	mismo_rio	16.9	Castronuño	3.0
VA-REFUG-1	Valladolid	Duero	Castronuño 1	Duero	Duero:EA062	mismo_rio	15.7	Castronuño	0.7
VA-EDS-1	Valladolid	Duero	Castronuño	Duero	Duero:EA062	mismo_rio	15.7	Castronuño	0.3
VA-AAL-45	Valladolid	Duratón	Duratón VIII	Duero	Duero:EA161	mismo_rio	18.6	Peñafiel	1.0
VA-AAL-6	Valladolid	Duratón	Duratón VII	Duero	Duero:EA161	mismo_rio	10.3	Rábano	0.9
VA-AAL-26	Valladolid	Eresma	Eresma III	Duero	Duero:EA527	mismo_rio	1.8	La Luz	1.3
VA-AAL-20	Valladolid	Esgueva	Esgueva IV	Duero	Duero:EA025	mismo_rio	0.0	Esguevillas de Esgueva	1.8
VA-REFUG-5	Valladolid	Esgueva	Rio Esgueva	Duero	Duero:EA044	mismo_rio	2.1	Valladolid	1.9
VA-AAL-49	Valladolid	Esgueva	Esgueva V	Duero	Duero:EA044	mismo_rio	0.1	Valladolid	2.2
VA-AAL-60	Valladolid	Arroyo de la Gallinera	Arroyo de la Gallinera	Duero	Duero:EA185	rio_principal	9.8	Salvador de Zapardiel	1.2
VA-AAL-48	Valladolid	Guareña	Guareña III	Duero	Duero:EA129	mismo_rio	30.0	Castrillo de la Guareña	3.6
VA-AAL-38	Valladolid	Arroyo del Henar	Arroyo del Henar (VA)	Duero	Duero:EA518	rio_principal	1.7	Santiago del Arroyo	2.4
VA-AAL-36	Valladolid	Arroyo Hornija	Arroyo Hornija	Duero				Castrodeza	1.3
VA-AAL-40	Valladolid	Hornija	Hornija I	Duero				Marzales	0.8
VA-AAL-51	Valladolid	Humedales de los Arenales	Humedales de los Arenales	Duero	Duero:EA185	rio_principal	11.7	Muriel de Zapardiel	1.7
VA-AAL-34	Valladolid	Arroyo Jaramiel	Arroyo Jaramiel (VA)	Duero	Duero:EA132	rio_principal	7.6	Villavaquerín	0.5
VA-AAL-23	Valladolid	Arroyo Jaramiel	Arroyo Jaramiel II (SG)	Duero				Remondo	3.1
VA-AAL-56	Valladolid	La Honda	La Honda	Duero	Duero:EA185	rio_principal	10.8	Lomoviejo	2.6
VA-AAL-52	Valladolid	La Tabla	La Tabla	Duero	Duero:EA185	rio_principal	14.7	Honcalada	1.2
VA-ARE-2	Valladolid	Laguna de Duero	Laguna de Duero	Duero				Laguna de Duero	0.4
VA-AAL-64	Valladolid	Laguna de la Caballera	Laguna de la Caballera	Duero				Lomoviejo	1.9
VA-AAL-62	Valladolid	Laguna de la Cubilla	Laguna de la Cubilla	Duero				Lomoviejo	1.7
VA-ZHCIE-5	Valladolid	Laguna de la Zarza	Laguna de la Zarza	Duero				La Zarza	1.5
VA-AAL-54	Valladolid	Laguna de las Canalizas	Laguna de las Canalizas	Duero				Lomoviejo	2.6
VA-AAL-55	Valladolid	Laguna de los Prados	Laguna de los Prados	Duero				Lomoviejo	1.7
VA-REFUG-7	Valladolid	Laguna de Tamariz de Campos	Laguna de Tamariz de Campos	Duero				Tamariz de Campos	2.6
VA-AAL-57	Valladolid	Laguna de Valle Angosto	Laguna de Valle Angosto	Duero				Salvador de Zapardiel	2.2
VA-AAL-63	Valladolid	Laguna del Tío Juan	Laguna del Tío Juan	Duero				Lomoviejo	0.9
VA-ZHCIE-4	Valladolid	Lagunas de Medina del Campo	Lagunas de Medina del Campo	Duero				El Simplón	2.5
VA-ZHCIE-2	Valladolid	Lagunas Reales	Lagunas Reales 1	Duero				El Simplón	2.4
VA-ZHCIE-3	Valladolid	Lagunas Reales	Lagunas Reales 2	Duero				El Simplón	2.4
VA-ZHCIE-1	Valladolid	Lavajo de las Lavanderas	Lavajo de las Lavanderas	Duero				Carpio	2.5
VA-AAL-21	Valladolid	Arroyo de los Madrazos	Arroyo de los Madrazos II	Duero	Duero:EA043	rio_principal	11.0	Valoria la Buena	0.8
VA-AAL-10	Valladolid	Arroyo de Marrandiel	Arroyo de Marrandiel	Duero	Duero:EA124	rio_principal	16.5	Villagarcía de Campos	3.4
VA-AAL-29	Valladolid	Arroyo del Molino y Zanja de la Pedraja	Arroyo del Molino y Zanja de la Pedraja	Duero	Duero:EA518	rio_principal	11.6	Pinar del Peregrino	1.0
VA-AAL-7	Valladolid	Arroyo de los Molinos	Arroyo de los Molinos (VA)	Duero				Villalar de los Comuneros	1.7
VA-AAL-50	Valladolid	Pirón	Pirón III	Duero	Duero:EA057	mismo_rio	41.5	Íscar	3.1
VA-AAL-5	Valladolid	Pisuerga	Pisuerga IV	Duero	Duero:EA043	mismo_rio	1.0	Granja Muedra	1.7
VA-ARE-3	Valladolid	Pisuerga	Cabezón de Pisuerga	Duero	Duero:EA043	mismo_rio	0.1	Cabezón.Barrio Nuevo	0.3
VA-AAL-32	Valladolid	Pisuerga	Pisuerga V	Duero	Duero:EA097	mismo_rio	2.0	Santovenia de Pisuerga	0.4
VA-ARE-1	Valladolid	Pisuerga	Valladolid	Duero	Duero:EA097	mismo_rio	0.0	Valladolid	0.7
VA-AAL-31	Valladolid	Pisuerga	Pisuerga VI	Duero	Duero:EA097	mismo_rio	4.4	Arroyo de la Encomienda	0.7
VA-ARE-4	Valladolid	Pisuerga	Arroyo de la Encomienda	Duero	Duero:EA097	mismo_rio	6.3	Bomba	1.7
VA-AAL-47	Valladolid	Pisuerga	Pisuerga VII	Duero	Duero:EA097	mismo_rio	7.3	El Plantío	1.0
VA-AAL-11	Valladolid	Arroyo del Puercas	Arroyo del Puercas	Duero	Duero:EA124	rio_principal	22.9	Villanueva de los Caballeros	3.2
VA-REFUG-6	Valladolid	Arroyo de la Rebollada	Laguna de Berrueces	Duero	Duero:EA105	rio_principal	29.1	Berrueces	1.0
VA-AAL-35	Valladolid	Arroyo del Regidero del Valle de Velilla	Arroyo del Regidero del Valle de Velilla	Duero	Duero:EA516	rio_principal	11.9	Castrobol	2.1
VA-AAL-17	Valladolid	Arroyo del Rujidero	Arroyo del Rujidero	Duero	Duero:EA073	rio_principal	14.7	Melgar de Abajo	2.3
VA-AAL-41	Valladolid	Arroyo Sangujero	Arroyo Sangujero	Duero	Duero:EA527	rio_principal	12.3	La Luz	1.4
VA-AAL-4	Valladolid	Sequillo	Sequillo V	Duero	Duero:EA124	mismo_rio	0.1	Medina de Rioseco	2.2
VA-AAL-53	Valladolid	Tablas del Cardabal	Tablas del Cardabal	Duero	Duero:EA185	rio_principal	11.8	Fuente el Sol	2.8
VA-AAL-58	Valladolid	Tajuña Norte	Tajuña Norte	Duero	Duero:EA185	rio_principal	12.5	Lomoviejo	1.3
VA-AAL-59	Valladolid	Tajuña Sur	Tajuña Sur	Duero	Duero:EA185	rio_principal	9.8	Lomoviejo	1.3
VA-AAL-30	Valladolid	Arroyo de Torcas	Arroyo de Torcas	Duero	Duero:EA167	rio_principal	0.5	Bocigas	4.2
VA-AAL-12	Valladolid	Trabancos	Trabancos II	Duero				Castrejón de Trabancos	5.4
VA-AAL-68	Valladolid	Arroyo de Vademudarra	Arroyo de Vademudarra	Duero	Duero:EA161	rio_principal	22.1	Peñafiel	2.2
VA-AAL-69	Valladolid	Arroyo de Vademudarra	Embalse de Vademudarra	Duero	Duero:EA161	rio_principal	21.9	Aldeayuso	2.6
VA-AAL-44	Valladolid	Arroyo de Valcorba	Arroyo de Valcorba	Duero	Duero:EA132	rio_principal	9.1	Santibáñez de Valcorba	1.7
VA-AAL-18	Valladolid	Valderaduey	Valderaduey II	Duero	Duero:EA105	mismo_rio	0.0	Castroponce	0.4
VA-AAL-39	Valladolid	Arroyo de Valimón	Arroyo de Valimón	Duero	Duero:EA132	rio_principal	6.3	Santibáñez de Valcorba	2.5
VA-AAL-16	Valladolid	Arroyo de Valmadrigal y arroyo de la Vega	Arroyo de Valmadrigal y arroyo de la Vega III	Duero	Duero:EA073	rio_principal	21.6	Albires	2.1
VA-AAL-15	Valladolid	Arroyo de Valmadrigal y arroyo de la Vega	Arroyo de Valmadrigal y arroyo de la Vega IV	Duero	Duero:EA516	rio_principal	22.5	Izagre	2.4
VA-AAL-42	Valladolid	Arroyo de la Vega	Arroyo de la Vega (VA)	Duero	Duero:EA132	rio_principal	14.4	Padilla de Duero	2.0
VA-AAL-13	Valladolid	Zapardiel	Zapardiel II	Duero	Duero:EA551	mismo_rio	0.0	Medina del Campo	0.4
ZA-AAL-32	Zamora	Arroyo de Adalia	Arroyo de Adalia	Duero	Duero:EA062	rio_principal	4.3	Toro	4.3
ZA-AAL-23	Zamora	Aliste	Aliste	Duero	Duero:EA155	mismo_rio	0.0	Fradellos	1.3
ZA-AAL-6	Zamora	Arroyo de la Almucera	Arroyo de la Almucera	Duero	Duero:EA719	mismo_rio	0.0	Cunquilla de Vidriales	0.2
ZA-AAL-121	Zamora	Arbedal y  Serjas	Arbedal y  Serjas	Duero				Latedo	1.9
ZA-AAL-67	Zamora	Arroyo de Ariballos	Arroyo de Ariballos	Duero	Duero:EA121	rio_principal	10.4	Gema	2.3
ZA-AAL-118	Zamora	Arroyos Reguero del Valle y Ruiney de Sulveira	Arroyos Reguero del Valle y Ruiney de Sulveira	Duero				San Blas	2.2
ZA-AAL-47	Zamora	Bajoz	Bajoz II	Duero				San Román de Hornija	2.7
ZA-AAL-53	Zamora	Rivera de Belén	Rivera de Belén	Duero	Duero:EA546	rio_principal	18.7	Almeida de Sayago	0.9
ZA-AAL-125	Zamora	Bibey	Bibey I	Miño-Sil				Porto	5.3
ZA-AREC-1	Zamora	Bibey	Porto	Miño-Sil				Barjacoba	3.0
ZA-EFIC-6	Zamora	Bibey	Embalse de Pías	Miño-Sil				Pías	1.8
ZA-AAL-33	Zamora	Bibey	Bibey II	Miño-Sil				Pías	0.8
ZA-AAL-72	Zamora	Arroyo de la Burga de Enmedio	Arroyo de la Burga de Enmedio	Duero	Duero:EA530	rio_principal	9.3	Faramontanos de Tábara	2.7
ZA-AAL-50	Zamora	Bustillo	Bustillo II	Duero	Duero:EA126	rio_principal	13.8	Quintanilla del Monte	1.5
ZA-REFUG-22	Zamora	Arroyo del Cabrón	Arroyo del Cabrón	Duero				Figueruela de Abajo	1.6
ZA-AAL-60	Zamora	Rivera de Cadozos	Rivera de Cadozos	Duero	Duero:EA546	rio_principal	25.9	Villamor de Cadozos	1.5
ZA-REFUG-14	Zamora	Calabor	Rio Calabor	Duero				Calabor	1.2
ZA-AAL-66	Zamora	Rivera de Campeán	Rivera de Campeán	Duero	Duero:EA121	rio_principal	10.8	Pueblica de Campeán	1.0
ZA-REFUG-11	Zamora	Arroyo de Candanedo	Arroyo de Candanedo	Duero				Puebla de Sanabria	0.7
ZA-AAL-159	Zamora	Arroyo de Candanedos	Arroyo de Candanedos	Duero				Calabor	2.6
ZA-AAL-18	Zamora	Arroyo del Caño del Molino	Arroyo del Caño del Molino	Duero	Duero:EA129	rio_principal	24.4	Vadillo de la Guareña	1.8
ZA-EFIC-2	Zamora	Arroyo de Carambilla	Carambilla	Duero	Duero:EA080	rio_principal	12.1	San Ciprián	0.5
ZA-AAL-20	Zamora	Cárdena	Cárdena	Duero	Duero:EA080	rio_principal	12.3	Moncabril	0.2
ZA-AAL-38	Zamora	Arroyo del Carril	Arroyo del Carril	Duero				Requejo	1.3
ZA-ZHCIE-36	Zamora	Castro	Turbera del Padornelo 1	Duero	Duero:EA080	rio_principal	17.1	Padornelo	4.4
ZA-ZHCIE-29	Zamora	Castro	Turbera del Padornelo 2	Duero	Duero:EA080	rio_principal	16.7	Padornelo	4.3
ZA-REFUG-12	Zamora	Castro	Río Castro	Duero	Duero:EA080	rio_principal	10.9	Requejo	3.6
ZA-AAL-15	Zamora	Castrón	Castrón	Duero	Duero:EA717	mismo_rio	0.1	Villanueva de las Peras	0.6
ZA-AAL-4	Zamora	Cea	Cea VIII	Duero	Duero:EA516	mismo_rio	4.6	Fuentes de Ropel	3.1
ZA-AAL-90	Zamora	Cebal	Cebal	Duero	Duero:EA155	rio_principal	8.7	Fradellos	0.3
ZA-AAL-36	Zamora	Cebal y arroyo de Prado Marcos	Cebal y arroyo de Prado Marcos	Duero	Duero:EA155	rio_principal	13.2	Grisuela	2.6
ZA-AAL-104	Zamora	Arroyo Chana	Arroyo Chana	Duero				Rihonor de Castilla	1.1
ZA-AAL-103	Zamora	Arroyo de las Ciervas	Arroyo de las Ciervas	Duero	Duero:EA541	rio_principal	16.8	Villardeciervos	2.1
ZA-AAL-123	Zamora	Arroyo de la Coruja	Arroyo de la Coruja	Duero				Vega de Nuez	1.1
ZA-AAL-75	Zamora	Arroyo de la Coruja y arroyo Valdetravieso	Arroyo de la Coruja y arroyo Valdetravieso	Duero				Vega de Nuez	1.8
ZA-AAL-37	Zamora	Rivera del Cuervo	Rivera del Cuervo	Duero				Mellanes	0.2
ZA-AAL-120	Zamora	Cuevas	Cuevas	Duero				San Martín del Pedroso	1.9
ZA-AAL-110	Zamora	da Canda	da Canda	Miño-Sil				Porto	3.7
ZA-AAL-108	Zamora	de Barjacoba	de Barjacoba	Miño-Sil				Barjacoba	0.1
ZA-AAL-93	Zamora	de Cadávos	de Cadávos	Duero				Castromil	1.6
ZA-AAL-101	Zamora	de la Bajura y arroyo de las Forcadas	de la Bajura y arroyo de las Forcadas	Duero	Duero:EA541	rio_principal	12.8	Molezuelas de la Carballeda	0.7
ZA-AAL-92	Zamora	de la Gamoneda	de la Gamoneda	Duero				La Tejera	0.8
ZA-AAL-16	Zamora	de la Sobacana	de la Sobacana	Duero	Duero:EA155	rio_principal	28.1	Mahide	0.9
ZA-AAL-14	Zamora	de la Vega y  de la Magdalena	de la Vega y  de la Magdalena	Duero	Duero:EA541	rio_principal	12.8	Cubo de Benavente	2.6
ZA-AAL-106	Zamora	del Fontano	del Fontano	Duero				Rihonor de Castilla	2.6
ZA-EDS-6	Zamora	Duero	Villaralbo II	Duero	Duero:EA121	mismo_rio	3.6	Villaralbo	3.6
ZA-EDS-5	Zamora	Duero	Villaralbo I	Duero	Duero:EA121	mismo_rio	4.6	Las Cabañas	3.3
ZA-EDS-7	Zamora	Duero	Villaralbo III	Duero	Duero:EA121	mismo_rio	2.6	Villaralbo	2.9
ZA-AAL-83	Zamora	Duero	Embalse de Castro	Duero	Duero:EA121	mismo_rio	30.0	Salto de Villalcampo	1.0
ZA-AAL-285	Zamora	Duero	Duero XI	Duero	Duero:EA121	mismo_rio	0.1	Zamora	0.8
ZA-AAL-48	Zamora	Duero	Duero X	Duero	Duero:EA062	mismo_rio	0.1	Monte la Reina	1.5
ZA-AAL-284	Zamora	Duero	Embalse San Román	Duero	Duero:EA121	mismo_rio	9.6	Carrascal	1.6
ZA-AAL-30	Zamora	Duero	Embalse de Villalcampo	Duero	Duero:EA121	mismo_rio	22.8	Abelón	2.7
ZA-AAL-283	Zamora	Duero	Duero XIII	Duero	Duero:EA121	mismo_rio	11.1	Almaraz de Duero	2.2
ZA-AAL-73	Zamora	Duero	Duero XII	Duero	Duero:EA121	mismo_rio	39.5	Mámoles	1.5
ZA-AAL-166	Zamora	Embalse de Ayoó de Vidriales	Embalse de Ayoó de Vidriales	Duero	Duero:EA541	rio_principal	17.2	Ayoó de Vidriales	1.5
ZA-AAL-41	Zamora	Eria	Eria IV	Duero	Duero:EA082	mismo_rio	0.0	Santa María de la Vega	2.3
ZA-AAL-29	Zamora	Arroyo de Las Ericas	Arroyo de Las Ericas	Duero				Torres del Carrizal	1.5
ZA-AAL-2	Zamora	Esla	Esla III	Duero	Duero:EA074	mismo_rio	0.1	Castropepe	0.6
ZA-EDS-2	Zamora	Esla	Esla	Duero	Duero:EA530	mismo_rio	3.7	Olmillos de Valverde	1.6
ZA-AAL-63	Zamora	Esla	Esla IV	Duero	Duero:EA530	mismo_rio	0.1	Bretocino	1.9
ZA-EDS-3	Zamora	Esla	Puente de la Estrella	Duero	Duero:EA530	mismo_rio	18.6	La Encomienda	0.7
ZA-AAL-65	Zamora	Esla	Embalse de Ricobayo	Duero	Duero:EA530	mismo_rio	4.5	Castillo de Alba	1.0
ZA-AAL-31	Zamora	Esla	Esla V	Duero	Duero:EA530	mismo_rio	42.4	Muelas del Pan	2.1
ZA-AAL-24	Zamora	Arroyo del Espinoso	Arroyo del Espinoso	Duero	Duero:EA155	rio_principal	9.2	Bercianos de Aliste	1.6
ZA-AAL-57	Zamora	Rivera de Fadoncino	Rivera de Fadoncino	Duero	Duero:EA121	rio_principal	21.7	Arcillo	3.2
ZA-REFUG-19	Zamora	Fontirín	Rio Fontirín o de la Ribera I	Duero	Duero:EA113	rio_principal	12.6	Vega del Castillo	1.4
ZA-AREC-15	Zamora	Fontirín	Fontirín	Duero	Duero:EA113	rio_principal	8.2	Muelas de los Caballeros	1.7
ZA-REFUG-25	Zamora	Fontirín	Rio Fontirín o de la Ribera II	Duero	Duero:EA113	rio_principal	3.2	Peque	1.5
ZA-EFIC-1	Zamora	Arroyo de la Forcadura	Forcadura	Duero	Duero:EA080	rio_principal	11.0	San Martín de Castañeda	2.3
ZA-AAL-88	Zamora	Arroyo de la Forcadura	Arroyo de la Forcadura	Duero	Duero:EA080	rio_principal	8.2	Vigo	0.5
ZA-AAL-28	Zamora	Arroyo de la Fraga	Arroyo de la Fraga	Duero				Santa Cruz de los Cuérragos	1.6
ZA-AAL-79	Zamora	Guadramil	Guadramil	Duero				Riomanzanas	1.5
ZA-AAL-51	Zamora	Guareña	Guareña IV	Duero	Duero:EA129	mismo_rio	0.0	La Bóveda de Toro	1.9
ZA-AAL-3	Zamora	Guareña	Guareña II	Duero	Duero:EA129	mismo_rio	35.0	Olmo de la Guareña	1.4
ZA-AAL-49	Zamora	Hornija	Hornija II	Duero				Villaveza	1.8
ZA-AAL-115	Zamora	Rivera de las Huelgas de Salce	Rivera de las Huelgas de Salce	Duero	Duero:EA546	rio_principal	27.6	Villar del Buey	2.3
ZA-AAL-100	Zamora	Arroyo de los Infiernos	Arroyo de los Infiernos	Duero				Santa Cruz de los Cuérragos	0.9
ZA-AAL-135	Zamora	La Laguna	La Laguna	Miño-Sil				Hedroso	5.4
ZA-AAL-136	Zamora	Lagoa das Lamas	Lagoa das Lamas	Miño-Sil				Barjacoba	1.0
ZA-AAL-137	Zamora	Lagoa de Aciberos	Lagoa de Aciberos	Miño-Sil				Barjacoba	1.2
ZA-AAL-138	Zamora	Lagoa do Campo	Lagoa do Campo	Duero				Barjacoba	3.9
ZA-AAL-129	Zamora	Lagonatos de Rábano	Lagonatos de Rábano	Miño-Sil				Moncabril	5.4
ZA-AAL-186	Zamora	Laguna Aguayo de las Pariciones	Laguna Aguayo de las Pariciones	Duero				Pumarejo de Tera	4.2
ZA-AAL-187	Zamora	Laguna Aguayo la Cueva	Laguna Aguayo la Cueva	Duero				Ferreras de Abajo	3.9
ZA-AAL-194	Zamora	Laguna Ancha	Laguna Ancha	Duero				Villarino de Cebal	1.3
ZA-AAL-171	Zamora	Laguna Andrades	Laguna Andrades	Duero				Sitrama de Tera	2.4
ZA-AAL-195	Zamora	Laguna Ballesteros	Laguna Ballesteros	Duero				Torres del Carrizal	1.6
ZA-AAL-196	Zamora	Laguna Barrera	Laguna Barrera	Duero				Cerezal de Aliste	2.2
ZA-AAL-272	Zamora	Laguna Bramuna	Laguna Bramuna	Duero				San Cristóbal de Aliste	1.7
ZA-AAL-198	Zamora	Laguna Calva	Laguna Calva	Duero				Puercas	2.5
ZA-AAL-199	Zamora	Laguna Carballo	Laguna Carballo	Duero				Villamor de la Ladre	1.8
ZA-AAL-193	Zamora	Laguna Carrascal	Laguna Carrascal	Duero				Villanueva de las Peras	1.5
ZA-AAL-139	Zamora	Laguna Carros	Laguna Carros	Duero				Ribadelago Nuevo	1.0
ZA-AAL-167	Zamora	Laguna Cebrancia	Laguna Cebrancia	Duero				Santa Eulalia del Río Negro	2.5
ZA-AAL-200	Zamora	Laguna Chana	Laguna Chana	Duero				Piedrahita de Castro	2.1
ZA-AAL-201	Zamora	Laguna Comunal	Laguna Comunal	Duero				Pajares de la Lampreana	1.2
ZA-AAL-202	Zamora	Laguna Cotamina	Laguna Cotamina	Duero				Villalcampo	2.4
ZA-AAL-140	Zamora	Laguna Cubillas	Laguna Cubillas	Duero				San Ciprián	6.1
ZA-AAL-192	Zamora	Laguna de Abajo	Laguna de Abajo	Duero				Otero de Bodas	3.4
ZA-AAL-170	Zamora	Laguna de Abajo	Laguna de Abajo	Duero				San Cristóbal de Aliste	0.7
ZA-ZHCIE-2	Zamora	Laguna de Aguas Cernidas	Laguna de Aguas Cernidas	Miño-Sil				Moncabril	7.7
ZA-ZHCIE-SA	Zamora	Laguna de Arbellina	Laguna de Arbellina	Duero				Otero de Sariegos	1.6
ZA-AAL-172	Zamora	Laguna de Arriba	Laguna de Arriba	Duero				Cubo de Benavente	3.8
ZA-ZHCIE-39	Zamora	Laguna de Barillos	Laguna de Barillos	Duero				Villafáfila	3.3
ZA-AAL-146	Zamora	Laguna de Campo Laiol	Laguna de Campo Laiol	Miño-Sil				Hedroso	6.6
ZA-AAL-130	Zamora	Laguna de Camposagrado 1	Laguna de Camposagrado 1	Duero				Moncabril	6.2
ZA-AAL-226	Zamora	Laguna de Castro	Laguna de Castro	Duero				Valdeperdices	3.4
ZA-AAL-128	Zamora	Laguna de Castromil	Laguna de Castromil	Duero				Porto	6.9
ZA-AAL-147	Zamora	Laguna de Corga de Orguiña	Laguna de Corga de Orguiña	Duero				Barjacoba	5.0
ZA-AAL-148	Zamora	Laguna de Cruz	Laguna de Cruz	Miño-Sil				Barjacoba	5.7
ZA-AAL-227	Zamora	Laguna de Doña Elvira	Laguna de Doña Elvira	Duero				Santiz	2.5
ZA-AAL-149	Zamora	Laguna de Fueyo Grande o de Riopedro	Laguna de Fueyo Grande o de Riopedro	Duero				La Baña	7.2
ZA-AAL-239	Zamora	Laguna de la Barrera del Agua	Laguna de la Barrera del Agua	Duero				Muelas del Pan	1.1
ZA-AAL-240	Zamora	Laguna de la Barrosa	Laguna de la Barrosa	Duero				Arquillinos	3.3
ZA-AAL-241	Zamora	Laguna de la Carbonera	Laguna de la Carbonera	Duero				Almeida de Sayago	3.1
ZA-AAL-242	Zamora	Laguna de la Chana	Laguna de la Chana	Duero				Granja de Moreruela	3.7
ZA-AAL-164	Zamora	Laguna de la Dehesa	Laguna de la Dehesa	Duero				Villar de Farfón	3.1
ZA-AAL-243	Zamora	Laguna de la Empedrada	Laguna de la Empedrada	Duero				Andavías	1.4
ZA-AAL-275	Zamora	Laguna de la Era	Laguna de la Era	Duero				San Cristóbal de Aliste	0.4
ZA-AAL-244	Zamora	Laguna de la Herrería	Laguna de la Herrería	Duero				Alfaraz de Sayago	1.9
ZA-AAL-250	Zamora	Laguna de la Higuilla	Laguna de la Higuilla	Duero				Pajares de la Lampreana	1.2
ZA-AAL-245	Zamora	Laguna de la Mora	Laguna de la Mora	Duero				Pozuelo de Tábara	2.8
ZA-AAL-246	Zamora	Laguna de la Muela	Laguna de la Muela	Duero				Torres del Carrizal	0.9
ZA-ZHCIE-23	Zamora	Laguna de la Paviosa	Laguna de la Paviosa	Duero				Villarrín de Campos	3.4
ZA-AAL-152	Zamora	Laguna de la Piatorta	Laguna de la Piatorta	Duero				Porto	10.7
ZA-AAL-247	Zamora	Laguna de la Venta	Laguna de la Venta	Duero				Andavías	4.3
ZA-AAL-153	Zamora	Laguna de la Ventosa	Laguna de la Ventosa	Duero				San Martín de Castañeda	5.4
ZA-AAL-177	Zamora	Laguna de la Vereda	Laguna de la Vereda	Duero				Cabañas de Tera	1.5
ZA-AAL-162	Zamora	Laguna de Lacillo	Laguna de Lacillo	Miño-Sil				Moncabril	8.6
ZA-AAL-248	Zamora	Laguna de las Alcantarillas	Laguna de las Alcantarillas	Duero				Riego del Camino	0.8
ZA-AAL-249	Zamora	Laguna de las Bragas	Laguna de las Bragas	Duero				Perilla de Castro	0.5
ZA-AAL-251	Zamora	Laguna de las Raposeras	Laguna de las Raposeras	Duero				Almeida de Sayago	4.5
ZA-ZHCIE-38	Zamora	Laguna de las Salinas	Laguna de las Salinas	Duero				Villarrín de Campos	0.8
ZA-AAL-252	Zamora	Laguna de las Tapias	Laguna de las Tapias	Duero				Andavías	2.1
ZA-AAL-178	Zamora	Laguna de las Tres Cuevas	Laguna de las Tres Cuevas	Duero				Brime de Sog	1.0
ZA-AAL-154	Zamora	Laguna de las Yeguas	Laguna de las Yeguas	Duero				San Ciprián	5.8
ZA-AAL-179	Zamora	Laguna de los Barreiros	Laguna de los Barreiros	Duero				Villalverde	0.6
ZA-AAL-253	Zamora	Laguna de los Chiviteros	Laguna de los Chiviteros	Duero				La Tabla	1.6
ZA-AAL-155	Zamora	Laguna de los Patos	Laguna de los Patos	Duero				La Baña	7.8
ZA-AAL-156	Zamora	Laguna de los Peces	Laguna de los Peces	Duero				San Martín de Castañeda	4.6
ZA-AAL-254	Zamora	Laguna de los Poyos	Laguna de los Poyos	Duero				Tamame	1.7
ZA-AAL-131	Zamora	Laguna de Mancas	Laguna de Mancas	Duero				Moncabril	2.4
ZA-AAL-173	Zamora	Laguna de Manciyuelo	Laguna de Manciyuelo	Duero				Congosta	2.1
ZA-AAL-230	Zamora	Laguna de Nava del Monte	Laguna de Nava del Monte	Duero				Figueruela de Sayago	1.3
ZA-AAL-231	Zamora	Laguna de Nava la Rata	Laguna de Nava la Rata	Duero				Moraleja de Sayago	1.8
ZA-AAL-229	Zamora	Laguna de Nava Redonda	Laguna de Nava Redonda	Duero				Alfaraz de Sayago	1.2
ZA-AAL-232	Zamora	Laguna de Nuestra Señora de Gracia	Laguna de Nuestra Señora de Gracia	Duero				Villamor de Cadozos	3.0
ZA-AAL-233	Zamora	Laguna de Paredes	Laguna de Paredes	Duero				Fresno de Sayago	4.8
ZA-AAL-161	Zamora	Laguna de Rábano	Laguna de Rábano	Miño-Sil				Moncabril	7.5
ZA-ZHCIE-7	Zamora	Laguna de Tres Lagunas	Laguna de Tres Lagunas	Duero				Villarrín de Campos	2.8
ZA-AAL-235	Zamora	Laguna de Valdemartín	Laguna de Valdemartín	Duero				Alfaraz de Sayago	3.9
ZA-AAL-237	Zamora	Laguna de Valdesivo	Laguna de Valdesivo	Duero				Perilla de Castro	1.4
ZA-AAL-175	Zamora	Laguna de Valdipiedro	Laguna de Valdipiedro	Duero				Cabañas de Tera	1.7
ZA-AAL-238	Zamora	Laguna de Valjuengo	Laguna de Valjuengo	Duero				Almeida de Sayago	2.2
ZA-AAL-176	Zamora	Laguna de Valmoro	Laguna de Valmoro	Duero				Pozuelo de Vidriales	2.2
ZA-AAL-158	Zamora	Laguna de Verea	Laguna de Verea	Miño-Sil				Barjacoba	5.3
ZA-ZHCIE-24	Zamora	Laguna de Villarrín ó de San Pedro	Laguna de Villarrín ó de San Pedro	Duero				Villarrín de Campos	0.7
ZA-AAL-180	Zamora	Laguna del Aceite	Laguna del Aceite	Duero				San Pedro de Ceque	3.3
ZA-AAL-256	Zamora	Laguna del Bonal	Laguna del Bonal	Duero				Piñuel	1.2
ZA-AAL-257	Zamora	Laguna del Bostal	Laguna del Bostal	Duero				Moraleja de Sayago	4.6
ZA-AAL-258	Zamora	Laguna del Campo	Laguna del Campo	Duero				Muga de Alba	1.0
ZA-AAL-259	Zamora	Laguna del Carrascal	Laguna del Carrascal	Duero				Villamor de la Ladre	2.1
ZA-AAL-260	Zamora	Laguna del Carrión	Laguna del Carrión	Duero				Moreruela de los Infanzones	3.3
ZA-AAL-157	Zamora	Laguna del Cepo	Laguna del Cepo	Miño-Sil				Barjacoba	3.2
ZA-AAL-261	Zamora	Laguna del Conventico	Laguna del Conventico	Duero				Faramontanos de Tábara	4.7
ZA-AAL-133	Zamora	Laguna del Cuadro	Laguna del Cuadro	Duero				Moncabril	3.2
ZA-AAL-262	Zamora	Laguna del Espinacal	Laguna del Espinacal	Duero				Valdeperdices	4.5
ZA-AAL-263	Zamora	Laguna del Geijo	Laguna del Geijo	Duero				Luelmo	2.1
ZA-AAL-264	Zamora	Laguna del Homo	Laguna del Homo	Duero				Andavías	1.6
ZA-AAL-188	Zamora	Laguna del Italiano	Laguna del Italiano	Duero				Ferreras de Abajo	4.6
ZA-AAL-266	Zamora	Laguna del Lomo	Laguna del Lomo	Duero				Andavías	4.4
ZA-AAL-181	Zamora	Laguna del Medio	Laguna del Medio	Duero				Cubo de Benavente	2.9
ZA-AAL-182	Zamora	Laguna del Negrillo	Laguna del Negrillo	Duero				San Juanico el Nuevo	1.6
ZA-AAL-134	Zamora	Laguna del Payón	Laguna del Payón	Duero				Moncabril	2.0
ZA-AAL-189	Zamora	Laguna del Perro	Laguna del Perro	Duero				Melgar de Tera	3.7
ZA-AAL-197	Zamora	Laguna del Pilo	Laguna del Pilo	Duero				Villaseco del Pan	1.5
ZA-AAL-267	Zamora	Laguna del Pilo	Laguna del Pilo	Duero				Muga de Sayago	0.5
ZA-AAL-268	Zamora	Laguna del Pino	Laguna del Pino	Duero				Bermillo de Sayago	2.4
ZA-AAL-183	Zamora	Laguna del Raso	Laguna del Raso	Duero				San Juanico el Nuevo	3.1
ZA-AAL-184	Zamora	Laguna del Térmano Pardo	Laguna del Térmano Pardo	Duero				Cubo de Benavente	2.2
ZA-AAL-269	Zamora	Laguna del Teso Gordo	Laguna del Teso Gordo	Duero				Sobradillo de Palomares	1.9
ZA-AAL-270	Zamora	Laguna del Torreón	Laguna del Torreón	Duero				Palacios del Pan	2.8
ZA-AAL-271	Zamora	Laguna del Valdepelayo	Laguna del Valdepelayo	Duero				Roelos de Sayago	4.4
ZA-AAL-236	Zamora	Laguna del Valdesalvador	Laguna del Valdesalvador	Duero				Villar del Buey	1.7
ZA-AAL-185	Zamora	Laguna del Valle	Laguna del Valle	Duero				Cubo de Benavente	0.3
ZA-ZHCIE-17	Zamora	Laguna del Villardón	Laguna del Villardón	Duero				Villarrín de Campos	1.7
ZA-AAL-265	Zamora	Laguna del Vuelo	Laguna del Vuelo	Duero				Formariz	4.3
ZA-AAL-191	Zamora	Laguna el Ganancioso	Laguna el Ganancioso	Duero				San Cristóbal de Aliste	1.9
ZA-AAL-228	Zamora	Laguna Fuentelapeña	Laguna Fuentelapeña	Duero				Torrefrades	2.2
ZA-AAL-278	Zamora	Laguna Grande	Laguna Grande	Duero				Maire de Castroponce	0.5
ZA-AAL-277	Zamora	Laguna Grande	Laguna Grande	Duero				San Cebrián de Castro	1.2
ZA-AAL-204	Zamora	Laguna Grande	Laguna Grande	Duero				Vezdemarbán	3.9
ZA-AAL-203	Zamora	Laguna Grande	Laguna Grande	Duero				Fresnadillo de Sayago	2.1
ZA-AAL-205	Zamora	Laguna Grima	Laguna Grima	Duero				Arquillinos	1.3
ZA-AAL-206	Zamora	Laguna Guadaña	Laguna Guadaña	Duero				Torrefrades	0.9
ZA-AAL-208	Zamora	Laguna Homos	Laguna Homos	Duero				Pajares de la Lampreana	1.8
ZA-AAL-207	Zamora	Laguna Honda	Laguna Honda	Duero				Alfaraz de Sayago	2.2
ZA-AAL-209	Zamora	Laguna Huelgas Peñas	Laguna Huelgas Peñas	Duero				Villarino de Cebal	1.8
ZA-AAL-210	Zamora	Laguna Ipeña	Laguna Ipeña	Duero				Muelas del Pan	2.2
ZA-AAL-211	Zamora	Laguna Istante	Laguna Istante	Duero				Muelas del Pan	1.6
ZA-AAL-190	Zamora	Laguna la Pedrosa	Laguna la Pedrosa	Duero				Gallegos del Campo	2.9
ZA-AAL-212	Zamora	Laguna Legañosa Chica	Laguna Legañosa Chica	Duero				Formariz	4.4
ZA-AAL-213	Zamora	Laguna Legio	Laguna Legio	Duero				Zafara	4.0
ZA-AAL-214	Zamora	Laguna Llagona	Laguna Llagona	Duero				Villamor de la Ladre	1.9
ZA-AAL-255	Zamora	Laguna los Tres Muertos	Laguna los Tres Muertos	Duero				Cerezal de Aliste	2.7
ZA-AAL-273	Zamora	Laguna los Trigos	Laguna los Trigos	Duero				Torrefrades	2.0
ZA-AAL-215	Zamora	Laguna Macías	Laguna Macías	Duero				Piedrahita de Castro	1.0
ZA-AAL-279	Zamora	Laguna Maridíez	Laguna Maridíez	Duero				Maire de Castroponce	2.7
ZA-AAL-216	Zamora	Laguna Matafrías	Laguna Matafrías	Duero				Zafara	1.9
ZA-AAL-280	Zamora	Laguna Matayeguas	Laguna Matayeguas	Duero				Maire de Castroponce	1.5
ZA-AAL-168	Zamora	Laguna Mielles	Laguna Mielles	Duero				Pozuelo de Vidriales	3.0
ZA-AAL-217	Zamora	Laguna Momivalles	Laguna Momivalles	Duero				Muelas del Pan	0.8
ZA-AAL-218	Zamora	Laguna Muga	Laguna Muga	Duero				Valdeperdices	3.7
ZA-AAL-169	Zamora	Laguna Oliva	Laguna Oliva	Duero				Pozuelo de Vidriales	2.7
ZA-AAL-281	Zamora	Laguna Olleros	Laguna Olleros	Duero				Pobladura del Valle	1.9
ZA-AAL-141	Zamora	Laguna Pedralba	Laguna Pedralba	Duero				Padornelo	4.3
ZA-AAL-142	Zamora	Laguna Pedrina	Laguna Pedrina	Duero				Moncabril	4.3
ZA-AAL-219	Zamora	Laguna Peliche	Laguna Peliche	Duero				Friera de Valverde	4.3
ZA-AAL-132	Zamora	Laguna Pies Juntos	Laguna Pies Juntos	Miño-Sil				Moncabril	5.1
ZA-AAL-220	Zamora	Laguna Raposera	Laguna Raposera	Duero				Moreruela de los Infanzones	4.0
ZA-AAL-276	Zamora	Laguna Requejada	Laguna Requejada	Duero				Gallegos del Campo	1.8
ZA-AAL-221	Zamora	Laguna Rodilla	Laguna Rodilla	Duero				Fadón	1.0
ZA-AAL-150	Zamora	Laguna Sacediellos	Laguna Sacediellos	Duero				San Ciprián	4.9
ZA-AAL-143	Zamora	Laguna Sacias	Laguna Sacias	Duero				Limianos de Sanabria	1.9
ZA-ZHCIE-16	Zamora	Laguna Salina Grande	Laguna Salina Grande	Duero				Otero de Sariegos	0.4
ZA-ZHCIE-22	Zamora	Laguna Salina Pequeña	Laguna Salina Pequeña	Duero				Otero de Sariegos	1.2
ZA-AAL-174	Zamora	Laguna San Andrés	Laguna San Andrés	Duero				Pozuelo de Vidriales	0.7
ZA-AAL-144	Zamora	Laguna Sanabresa	Laguna Sanabresa	Duero				Aciberos	4.4
ZA-AAL-145	Zamora	Laguna Sanguijuelas	Laguna Sanguijuelas	Duero				Ribadelago Nuevo	2.1
ZA-AAL-222	Zamora	Laguna Santif	Laguna Santif	Duero				Muelas del Pan	2.8
ZA-AAL-223	Zamora	Laguna Sierna	Laguna Sierna	Duero				Piedrahita de Castro	0.4
ZA-AAL-151	Zamora	Laguna Sotillo	Laguna Sotillo	Duero				Moncabril	3.4
ZA-AAL-224	Zamora	Laguna Tora	Laguna Tora	Duero				Andavías	4.5
ZA-AAL-165	Zamora	Laguna Urrieta Mondas	Laguna Urrieta Mondas	Duero				Olleros de Tera	1.0
ZA-AAL-234	Zamora	Laguna Valdeherreros	Laguna Valdeherreros	Duero				Alfaraz de Sayago	3.2
ZA-AAL-225	Zamora	Laguna Vieja	Laguna Vieja	Duero				Litos	5.3
ZA-REFUG-23	Zamora	Lagunas de Villafáfila	Lagunas de Villafáfila	Duero				La Tabla	1.2
ZA-ARE-2	Zamora	Lagunas el Semillero	Lagunas el Semillero	Duero				Castrogonzalo	0.8
ZA-AAL-160	Zamora	Lagunas Herbosas	Lagunas Herbosas	Miño-Sil				Porto	8.1
ZA-AAL-274	Zamora	Lagunica Seca	Lagunica Seca	Duero	Duero:EA546	rio_principal	26.2	Torrefrades	2.6
ZA-AAL-97	Zamora	Leira	Leira	Duero				Aciberos	0.4
ZA-EFIC-5	Zamora	Arroyo de las Llagas	Arroyo de las Llagas	Duero	Duero:EA113	rio_principal	8.7	Gramedo	0.9
ZA-AAL-62	Zamora	Arroyo de la Manga	Arroyo de la Manga	Duero	Duero:EA129	rio_principal	18.4	Guarrate	2.1
ZA-AAL-84	Zamora	Arroyo del Manzanal	Arroyo del Manzanal	Duero				Brandilanes	1.4
ZA-AAL-81	Zamora	Manzanas	Manzanas I	Duero				Riomanzanas	0.6
ZA-AAL-80	Zamora	Manzanas	Manzanas II	Duero				San Martín del Pedroso	2.3
ZA-AAL-127	Zamora	Arroyo Matenoso	Embalse de Garandones	Duero	Duero:EA080	rio_principal	15.3	Moncabril	3.2
ZA-AAL-163	Zamora	Arroyo Matenoso	Arroyo Matenoso	Duero	Duero:EA080	rio_principal	14.3	Moncabril	2.3
ZA-AAL-44	Zamora	Mazores	Mazores II	Duero				Olmo de la Guareña	1.0
ZA-AAL-25	Zamora	Mena	Mena	Duero	Duero:EA155	rio_principal	6.5	Mellanes	1.6
ZA-AAL-5	Zamora	Arroyo de la Mimbre	Arroyo de la Mimbre	Duero				Badilla	0.7
ZA-AAL-70	Zamora	Arroyo de la Mondera	Arroyo de la Mondera	Duero				Santa Colomba de Sanabria	1.2
ZA-AAL-74	Zamora	Arroyo de Moratones	Arroyo de Moratones	Duero	Duero:EA530	rio_principal	13.7	Escober de Tábara	1.4
ZA-REFUG-16	Zamora	Negro	Negro	Duero	Duero:EA113	mismo_rio	25.7	Doney de la Requejada	1.4
ZA-EFIC-3	Zamora	Negro	Negro I	Duero	Duero:EA113	mismo_rio	1.7	Anta de Rioconejos	0.5
ZA-REFUG-18	Zamora	Negro	Rio Negro 2	Duero	Duero:EA113	mismo_rio	3.2	Peque	2.2
ZA-AREC-14	Zamora	Negro	Negro	Duero	Duero:EA113	mismo_rio	4.6	Otero de Centenos	1.7
ZA-4	Zamora	Negro	Sejas-Sanabria	Duero	Duero:EA113	mismo_rio	6.9	Sejas de Sanabria	1.0
ZA-5	Zamora	Negro	Peque	Duero	Duero:EA113	mismo_rio	0.0	Santa Eulalia del Río Negro	1.6
ZA-EFIC-4	Zamora	Negro	Negro II	Duero	Duero:EA113	mismo_rio	1.8	Valleluengo	1.1
ZA-AAL-1	Zamora	Órbigo	Órbigo II	Duero	Duero:EA145	mismo_rio	0.0	Manganeses de la Polvorosa	1.2
ZA-AAL-43	Zamora	Rivera de Palomares	Rivera de Palomares I	Duero	Duero:EA546	rio_principal	13.2	Alfaraz de Sayago	3.1
ZA-AAL-105	Zamora	Arroyo de las Palomas	Arroyo de las Palomas	Duero				Santa Cruz de Abranes	3.0
ZA-REFUG-13	Zamora	Arroyo de Parada	Arroyo de Parada	Duero				Requejo	1.4
ZA-REFUG-4	Zamora	Pedro	Río Pedro	Duero				Aciberos	0.7
ZA-AAL-98	Zamora	Pedro	Pedro (ZA)	Duero				Lubián	0.8
ZA-AAL-95	Zamora	Pequeño	Pequeño (ZA)	Duero				Hermisende	2.0
ZA-AAL-54	Zamora	Arroyo del Pisón	Arroyo del Pisón	Duero				Fariza	0.7
ZA-AAL-86	Zamora	Arroyo Prado Nuevo	Arroyo Prado Nuevo	Duero				Brandilanes	1.6
ZA-AAL-8	Zamora	Arroyo Prado Ramiro	Arroyo Prado Ramiro	Duero	Duero:EA530	rio_principal	1.9	Santovenia	0.6
ZA-AAL-17	Zamora	Arroyo del Real	Arroyo del Real	Duero	Duero:EA541	rio_principal	11.2	Rosinos de Vidriales	0.6
ZA-AAL-64	Zamora	Arroyo del Regato	Arroyo del Regato	Duero	Duero:EA716	mismo_rio	0.0	San Pedro de Ceque	1.5
ZA-AAL-107	Zamora	Arroyo Regato	Arroyo Regato	Duero	Duero:EA062	rio_principal	5.5	Peleagonzalo	2.2
ZA-AAL-40	Zamora	Arroyo de los Reguerales	Arroyo de los Reguerales II	Duero				Paladinos del Valle	0.4
ZA-AAL-12	Zamora	Requejo	Requejo	Duero	Duero:EA080	rio_principal	0.1	Santa Colomba de Sanabria	2.1
ZA-AAL-82	Zamora	Ribeira Prateira	Ribeira Prateira	Duero				Castro de Alcañices	1.4
ZA-AAL-87	Zamora	Arroyo de la Ribera	Arroyo de la Ribera (ZA)	Duero				Castro de Alcañices	0.8
ZA-AAL-85	Zamora	Arroyo de la Ribera y arroyo de la Jaraiz	Arroyo de la Ribera y arroyo de la Jaraiz	Duero				Brandilanes	0.7
ZA-AAL-119	Zamora	Arroyo de la Riberica y arroyo de Candaneo	Arroyo de la Riberica y arroyo de Candaneo	Duero				Viñas	1.2
ZA-AAL-78	Zamora	Arroyo de Ribirina o arroyo de la Riverica	Arroyo de Ribirina o arroyo de la Riverica	Duero				Vega de Nuez	2.2
ZA-REFUG-24	Zamora	Arroyo de Riofrío o Becerril	Arroyo de Riofrío o Becerril	Duero				Valer	2.0
ZA-AAL-112	Zamora	Arroyo de Rioseco	Arroyo de Rioseco	Duero	Duero:EA155	rio_principal	13.2	Grisuela	2.3
ZA-AAL-99	Zamora	Arroyo de la Rivera de Valdalla	Arroyo de la Rivera de Valdalla	Duero	Duero:EA541	rio_principal	26.1	Boya	1.1
ZA-AAL-122	Zamora	Arroyo Riverica	Arroyo Riverica	Duero				Nuez	2.3
ZA-AAL-26	Zamora	Arroyo de la Riverita	Arroyo de la Riverita	Duero	Duero:EA155	rio_principal	1.5	Domez	1.2
ZA-AAL-76	Zamora	Arroyo de Ruidanta	Arroyo de Ruidanta	Duero				Vega de Nuez	2.3
ZA-ZHCIE-26	Zamora	Salado	Laguna de las Paneras	Duero	Duero:EA126	rio_principal	11.3	Revellinos	3.1
ZA-ZHCIE-27	Zamora	Salado	Laguna de la Rosa	Duero	Duero:EA126	rio_principal	11.0	Revellinos	3.2
ZA-ZHCIE-4	Zamora	Salado	Laguna de la Fuente	Duero	Duero:EA126	rio_principal	10.4	Revellinos	3.6
ZA-ZHCIE-1	Zamora	Salado	Laguna la Salina 3	Duero	Duero:EA126	rio_principal	10.3	Revellinos	4.1
ZA-ZHCIE-6	Zamora	Salado	Laguna de la Vega	Duero	Duero:EA126	rio_principal	10.3	Villafáfila	3.7
ZA-ZHCIE-15	Zamora	Salado	Laguna Parva	Duero	Duero:EA126	rio_principal	11.2	Villafáfila	2.1
ZA-ZHCIE-21	Zamora	Salado	Laguna Molino Sanchón ó Rual	Duero	Duero:EA126	rio_principal	10.3	Villafáfila	3.0
ZA-AAL-55	Zamora	Salado	Salado	Duero	Duero:EA548	rio_principal	2.6	Cerecinos del Carrizal	3.4
ZA-AAL-45	Zamora	Arroyo de San Cristobal	Arroyo de San Cristobal I	Duero	Duero:EA546	rio_principal	29.9	El Cubo de Tierra del Vino	1.7
ZA-AAL-39	Zamora	Arroyo de San Ildefonso	Arroyo de San Ildefonso	Duero	Duero:EA530	rio_principal	19.6	Perilla de Castro	2.2
ZA-REFUG-17	Zamora	Sapo	Rio Sapo	Duero	Duero:EA113	rio_principal	16.2	Villarejo de la Sierra	2.0
ZA-EFIC-9	Zamora	Sapo	Rio Sapo	Duero	Duero:EA113	rio_principal	16.4	Rioconejos	0.3
ZA-AAL-27	Zamora	SEGMENTO 801	SEGMENTO 801	Duero	Duero:EA155	rio_principal	23.5	Pobladura de Aliste	1.1
ZA-AAL-13	Zamora	Segmento pendiente de revisión	Segmento pendiente de revisión	Duero	Duero:EA080	rio_principal	5.1	Santa Colomba de Sanabria	1.6
ZA-AAL-34	Zamora	Segundera	Embalse de la Playa	Duero	Duero:EA080	rio_principal	16.5	Moncabril	4.6
ZA-AAL-109	Zamora	Segundera	Segundera I	Duero	Duero:EA080	rio_principal	16.6	Moncabril	5.5
ZA-AAL-89	Zamora	Segundera	Segundera II	Duero	Duero:EA080	rio_principal	12.1	Moncabril	2.2
ZA-AREC-11	Zamora	Segundera	Puente Porto	Duero	Duero:EA080	rio_principal	15.9	Moncabril	5.7
ZA-AAL-7	Zamora	Sequillo	Sequillo VI	Duero	Duero:EA124	mismo_rio	33.5	Belver de los Montes	0.1
ZA-AAL-113	Zamora	Serjas y de la Ribera de Arriba	Serjas y  de la Ribera de Arriba	Duero				San Mamed	3.2
ZA-REFUG-20	Zamora	Arroyo de Serranos	Arroyo de Serranos	Duero				Justel	3.5
ZA-AAL-52	Zamora	Rivera de Sobradillo de Palomares	Rivera de Sobradillo de Palomares	Duero	Duero:EA121	rio_principal	19.0	Mogátar	1.5
ZA-AAL-61	Zamora	Rivera de Sogo	Rivera de Sogo	Duero	Duero:EA121	rio_principal	23.9	Sogo	1.3
ZA-AAL-71	Zamora	Arroyo Talanda	Arroyo Talanda	Duero	Duero:EA121	rio_principal	11.0	Sanzoles	1.8
ZA-REFUG-5	Zamora	Tera	Tera	Duero	Duero:EA080	mismo_rio	19.8	San Martín de Castañeda	9.2
ZA-REFUG-6	Zamora	Tera	Río Tera 2	Duero	Duero:EA080	mismo_rio	18.8	San Martín de Castañeda	8.0
ZA-AREC-16-b	Zamora	Tera	Embalse de Vega de Tera	Duero	Duero:EA080	mismo_rio	18.2	Moncabril	6.6
ZA-AAL-22	Zamora	Tera	Tera I	Duero	Duero:EA080	mismo_rio	10.8	Moncabril	2.8
ZA-AAL-126	Zamora	Tera	Embalse de Cárdena	Duero	Duero:EA080	mismo_rio	15.7	Moncabril	4.5
ZA-AREC-3	Zamora	Tera	Lago de Sanabria	Duero	Duero:EA080	mismo_rio	9.1	San Martín de Castañeda	1.3
ZA-1	Zamora	Tera	Galende	Duero	Duero:EA080	mismo_rio	7.0	Pedrazales	1.2
ZA-AAL-21	Zamora	Tera	Tera II	Duero	Duero:EA080	mismo_rio	5.8	Galende	0.6
ZA-AREC-4	Zamora	Tera	Galende	Duero	Duero:EA080	mismo_rio	4.6	Cubelo	0.7
ZA-AAL-19	Zamora	Tera	Tera III	Duero	Duero:EA080	mismo_rio	2.9	Barrio de la Gafa	0.4
ZA-REFUG-10	Zamora	Tera	Río Tera 3	Duero	Duero:EA080	mismo_rio	2.6	El Puente	0.5
ZA-3	Zamora	Tera	Mercado del Puente	Duero	Duero:EA080	mismo_rio	1.3	Barrio de la Gafa	1.1
ZA-AREC-5	Zamora	Tera	Puebla de Sanabria	Duero	Duero:EA080	mismo_rio	0.1	Puebla de Sanabria	1.3
ZA-AAL-35	Zamora	Tera	Tera IV	Duero	Duero:EA080	mismo_rio	0.1	Puebla de Sanabria	0.5
ZA-AREC-6	Zamora	Tera	Cernadilla	Duero	Duero:EA080	mismo_rio	1.0	Palacios de Sanabria	3.2
ZA-AAL-10	Zamora	Tera	Tera V	Duero	Duero:EA080	mismo_rio	14.8	San Salvador de Palazuelo	1.6
ZA-EFIC-8	Zamora	Tera	Tera II	Duero	Duero:EA541	mismo_rio	1.7	Santibáñez de Tera	1.3
ZA-AREC-7	Zamora	Tera	Calzadilla	Duero	Duero:EA541	mismo_rio	1.4	Calzada de Tera	1.0
ZA-EDS-1	Zamora	Tera	Camarzana	Duero	Duero:EA541	mismo_rio	0.0	Camarzana de Tera	1.3
ZA-EFIC-7	Zamora	Tera	Tera I	Duero	Duero:EA541	mismo_rio	6.3	Vega de Tera	1.4
ZA-AREC-16	Zamora	Tera	Embalse de Agavanzal	Duero	Duero:EA541	mismo_rio	8.3	Val de Santa María	2.0
ZA-9	Zamora	Tera	Mozar	Duero	Duero:EA099	mismo_rio	0.2	Villanázar	1.6
ZA-AAL-11	Zamora	Tera	Embalse de Valparaiso	Duero	Duero:EA080	mismo_rio	15.8	Cional	2.1
ZA-AREC-8	Zamora	Tera	Desembocadura del Tera	Duero	Duero:EA099	mismo_rio	0.0	Olmillos de Valverde	1.2
ZA-EDS-4	Zamora	Tormes	Ermita de Argusino	Duero	Duero:EA546	mismo_rio	29.9	Salce	3.6
ZA-AAL-42	Zamora	Tormes	Tormes VII	Duero	Duero:EA546	mismo_rio	33.5	Fermoselle	4.5
ZA-AAL-124	Zamora	Tormes	Embalse de Almendra (ZA)	Duero	Duero:EA546	mismo_rio	16.0	Carbellino	2.5
ZA-AAL-114	Zamora	Arroyo de Travacino y San Mamed	Arroyo de Travacino y San Mamed	Duero				Villarino Tras la Sierra	1.7
ZA-REFUG-8	Zamora	Trefacio	Río Trefacio 1	Duero	Duero:EA080	rio_principal	12.5	San Ciprián	1.5
ZA-AAL-282	Zamora	Trefacio	Trefacio	Duero	Duero:EA080	rio_principal	9.9	Coso	1.1
ZA-2	Zamora	Trefacio	Trefacio	Duero	Duero:EA080	rio_principal	5.8	Trefacio	0.5
ZA-REFUG-9	Zamora	Trefacio	Río Trefacio 2	Duero	Duero:EA080	rio_principal	7.2	Trefacio	0.1
ZA-AAL-69	Zamora	Arroyo de las Truchas	Arroyo de las Truchas I	Duero	Duero:EA080	rio_principal	9.5	Sotillo de Sanabria	1.8
ZA-REFUG-7	Zamora	Truchas	Río Truchas	Duero	Duero:EA080	rio_principal	8.3	Sotillo de Sanabria	0.8
ZA-AAL-68	Zamora	Arroyo de las Truchas	Arroyo de las Truchas II	Duero	Duero:EA080	rio_principal	5.3	Limianos de Sanabria	0.7
ZA-AREC-9	Zamora	Truchas	Truchas	Duero	Duero:EA080	rio_principal	3.0	Ilanes	0.1
ZA-REFUG-15	Zamora	Arroyo Truchas	Arroyo Truchas	Duero				Robledo	3.5
ZA-REFUG-2	Zamora	Tuela	Rio Tuela	Duero				Las Hedradas	2.6
ZA-AAL-94	Zamora	Tuela	Tuela II	Duero				Castrelos	1.5
ZA-AREC-12	Zamora	Tuela	Tuela II	Duero				San Ciprián	0.4
ZA-8	Zamora	Tuela	Hermisende	Duero				Hermisende	1.7
ZA-AAL-91	Zamora	Tuela	Tuela I	Duero				San Ciprián	2.9
ZA-REFUG-3	Zamora	Arroyo de la Tuiza o Las Hedradas	Arroyo de la Tuiza o Las Hedradas	Duero				Chanos	1.0
ZA-ZHCIE-33	Zamora	Turbera de Camposagrado	Turbera de Camposagrado	Duero	Duero:EA080	rio_principal	18.6	Porto	6.7
ZA-ZHCIE-20	Zamora	Turbera de Covadosos	Turbera del Geijo	Duero	Duero:EA080	rio_principal	23.9	La Baña	9.4
ZA-ZHCIE-25	Zamora	Turbera de Covadosos	Turbera de Covadosos	Duero	Duero:EA080	rio_principal	15.0	San Martín de Castañeda	3.7
ZA-ZHCIE-5	Zamora	Turbera de la Barrosa	Turbera de la Barrosa	Duero	Duero:EA080	rio_principal	16.6	San Ciprián	4.4
ZA-ZHCIE-13	Zamora	Turbera de la Debesa	Turbera de la Debesa	Duero	Duero:EA080	rio_principal	10.5	Ribadelago Nuevo	0.4
ZA-ZHCIE-30	Zamora	Turbera de la Roya	Turbera de la Roya	Duero	Duero:EA080	rio_principal	15.7	Moncabril	3.2
ZA-ZHCIE-34	Zamora	Turbera de Lacillo	Turbera de Lacillo	Duero	Duero:EA080	rio_principal	20.5	Moncabril	8.9
ZA-ZHCIE-18	Zamora	Turbera de las Sanguijuelas	Turbera de las Sanguijuelas	Duero	Duero:EA080	rio_principal	9.5	Vigo	0.4
ZA-ZHCIE-14	Zamora	Turbera de Puente Porto	Turbera de Puente Porto	Duero	Duero:EA080	rio_principal	17.5	Hedroso	6.7
ZA-ZHCIE-12	Zamora	Turbera de Valdecasares 1	Turbera de Valdecasares 1	Miño-Sil				Hedroso	6.5
ZA-ZHCIE-3	Zamora	Turbera de Valdecasares 2	Turbera de Valdecasares 2	Duero	Duero:EA080	rio_principal	19.1	Hedroso	6.8
ZA-ZHCIE-35	Zamora	Turbera del Maseirón	Turbera del Maseirón	Duero	Duero:EA080	rio_principal	22.5	La Baña	10.1
ZA-ZHCIE-8	Zamora	Turbera del Moncalvo 1	Turbera del Moncalvo 1	Duero	Duero:EA080	rio_principal	19.6	Moncabril	7.3
ZA-ZHCIE-9	Zamora	Turbera del Moncalvo 2	Turbera del Moncalvo 2	Miño-Sil				Porto	6.8
ZA-ZHCIE-32	Zamora	Turbera del Moncalvo 3	Turbera del Moncalvo 3	Duero	Duero:EA080	rio_principal	21.1	Porto	7.7
ZA-ZHCIE-19	Zamora	Turbera del Moncalvo 4	Turbera del Moncalvo 4	Duero	Duero:EA080	rio_principal	20.6	Porto	7.9
ZA-ZHCIE-28	Zamora	Turbera del Moncalvo 5	Turbera del Moncalvo 5	Duero	Duero:EA080	rio_principal	20.4	Porto	7.3
ZA-ZHCIE-31	Zamora	Turberas de Majadavieja	Turberas de Majadavieja	Duero	Duero:EA080	rio_principal	14.6	Moncabril	3.3
ZA-ZHCIE-10	Zamora	Turberas del Alto Tera	Turberas del Alto Tera	Duero	Duero:EA080	rio_principal	23.4	La Baña	10.7
ZA-ZHCIE-11	Zamora	Turberas del Alto Tera	Turbera de la Clara	Duero	Duero:EA080	rio_principal	16.0	Moncabril	4.9
ZA-REFUG-21	Zamora	Valdalla	Río Valdalla	Duero	Duero:EA080	rio_principal	18.0	Folgoso de la Carballeda	2.9
ZA-AAL-77	Zamora	Arroyo de Valdecarro	Arroyo de Valdecarro	Duero				Riomanzanas	1.9
ZA-REFUG-1	Zamora	Valdeinfierno	Arroyo de Valdeinfierno	Miño-Sil				Porto	4.7
ZA-AAL-96	Zamora	Arroyo de Valdeladrón y regato de los Vallones	Arroyo de Valdeladrón y regato de los Vallones	Duero	Duero:EA155	rio_principal	3.9	Losacio	1.0
ZA-AAL-117	Zamora	Arroyo de Valdemedro	Arroyo de Valdemedro	Duero	Duero:EA155	rio_principal	14.1	Campogrande de Aliste	1.0
ZA-AAL-46	Zamora	Valderaduey	Valderaduey III	Duero	Duero:EA126	mismo_rio	0.1	Cañizo	2.8
ZA-AAL-111	Zamora	Valdesirgas	de Valdesirgas	Miño-Sil				Porto	4.1
ZA-AAL-102	Zamora	Arroyo del Valle y regato de los Lobones	Arroyo del Valle y regato de los Lobones	Duero				Morales de Toro	3.0
ZA-AAL-58	Zamora	Rivera Valnaro y rivera de Fadoncino	Rivera Valnaro y rivera de Fadoncino	Duero	Duero:EA121	rio_principal	23.9	Fadón	2.7
ZA-ARE-1	Zamora	Arroyo de la Vega	Embalse de Congosta	Duero	Duero:EA541	rio_principal	17.4	Congosta	0.8
ZA-AAL-56	Zamora	Arroyo de la Vega	Arroyo de la Vega (ZA)	Duero	Duero:EA541	rio_principal	14.1	Ayoó de Vidriales	1.7
ZA-AAL-116	Zamora	Villarino	Villarino	Duero	Duero:EA080	rio_principal	5.7	San Justo	1.5
ZA-AREC-10	Zamora	Villarino	Villarino	Duero	Duero:EA080	rio_principal	4.6	Villarino de Sanabria	0.6
ZA-AAL-59	Zamora	Rivera de las Viñas	Rivera de las Viñas	Duero	Duero:EA546	rio_principal	29.2	Pasariegos	0.4
AV-REFUG-70	Ávila	Aceña	Alberche II	Tajo				San Rafael	4.8
AV-REFUG-33	Ávila	Aceña	Embalse de Peguerinos	Tajo				Peguerinos	4.4
AV-REFUG-68	Ávila	Aceña	Alberche I	Tajo				Peguerinos	3.2
AV-AAL-1	Ávila	Acequia de los Regueros y Zanja de Agua Honda	Acequia de los Regueros y Zanja de Agua Honda	Duero				Barromán	1.0
AV-AAL-40	Ávila	Adaja	Adaja IV	Duero	Duero:EA158	mismo_rio	0.0	Tiñosillos	4.3
AV-AAL-29	Ávila	Adaja	Adaja III	Duero	Duero:EA323	mismo_rio	0.0	Zorita de los Molinos	2.4
AV-AAL-122	Ávila	Adaja	Cogotas	Duero	Duero:EA500	mismo_rio	0.6	Narrillos de San Leonardo	3.8
AV-AAL-99	Ávila	Adaja	Adaja VII	Duero	Duero:EA500	mismo_rio	0.2	Narrillos de San Leonardo	2.1
AV-AAL-28	Ávila	Adaja	Embalse de Las Cogotas	Duero	Duero:EA046	mismo_rio	2.7	Ávila	2.2
AV-EDS-4	Ávila	Adaja	Fuentes Claras	Duero	Duero:EA046	mismo_rio	2.1	Ávila	2.1
AV-AAL-26	Ávila	Adaja	Embalse de Las Cogotas	Duero	Duero:EA046	mismo_rio	1.7	Ávila	1.2
AV-AAL-27	Ávila	Adaja	Adaja II	Duero	Duero:EA046	mismo_rio	0.0	El Fresno	1.4
AV-REFUG-26	Ávila	Adaja	Embalse de Becerril	Duero	Duero:EA046	mismo_rio	9.6	Santa Cruz de Pinares	6.5
AV-AAL-13	Ávila	Adaja	Adaja I	Duero	Duero:EA046	mismo_rio	10.7	Blacha	1.5
AV-REFUG-66	Ávila	Adaja	Río Picuezo (Gargantas de Ulaca y de la hija de Dios)	Duero	Duero:EA046	mismo_rio	15.1	Riatas	1.0
AV-REFUG-25	Ávila	Adaja	Río Mayor	Duero	Duero:EA046	mismo_rio	17.8	Villarejo	3.1
AV-AAL-98	Ávila	Agudín	Agudín I	Duero				Diego Álvaro	0.9
AV-REFUG-31	Ávila	Alberche	Río Alberche	Tajo	Tajo:AR21	mismo_rio	28.0	Garganta del Villar	2.3
AV-AAL-55	Ávila	Alberche	AlbercheV	Tajo	Tajo:R188	mismo_rio	14.3	El Tiemblo	2.4
AV-AAL-34	Ávila	Alberche	Embalse del Burguillo	Tajo	Tajo:AR21	mismo_rio	5.7	La Rinconada	1.3
AV-AAL-58	Ávila	Alberche	Alberche I	Tajo	Tajo:AR21	mismo_rio	24.5	Navalsauz	1.1
AV-AREC-7	Ávila	Alberche	Alberche	Tajo	Tajo:AR21	mismo_rio	0.0	Navapalva	0.9
AV-EFIC-5	Ávila	Alberche	Alberche	Tajo	Tajo:AR21	mismo_rio	3.4	Burgohondo	2.0
AV-AAL-45	Ávila	Alberche	Alberche III	Tajo	Tajo:AR21	mismo_rio	9.2	Navahondilla	0.5
AV-16	Ávila	Alberche	Navalosa	Tajo	Tajo:AR21	mismo_rio	14.3	Navalosa	1.7
AV-AAL-75	Ávila	Alberche	Alberche II	Tajo	Tajo:AR21	mismo_rio	17.9	Hoyocasero	2.4
AV-15	Ávila	Alberche	Hoyocasero	Tajo	Tajo:AR21	mismo_rio	20.8	Hoyocasero	3.0
AV-AAL-84	Ávila	Almar	Almar II	Duero	Duero:EA712	mismo_rio	18.1	Blascomillán	0.6
AV-EDS-3	Ávila	Almar	Mirueña	Duero	Duero:EA712	mismo_rio	31.5	Mirueña de los Infanzones	2.8
AV-AAL-79	Ávila	Almar	Almar I	Duero	Duero:EA712	mismo_rio	32.0	Muñico	0.9
AV-21	Ávila	Aravalle	Aravalle II	Duero				La Carrera	1.0
AV-1	Ávila	Aravalle	Aravalle I	Duero				Retuerta	0.4
AV-REFUG-12	Ávila	Aravalle	Río Aravalle	Duero				Santiago de Aravalle	1.1
AV-AAL-18	Ávila	Arbiollas	Arbiollas	Tajo				Poyales del Hoyo	1.4
AV-REFUG-61	Ávila	Arenal	Río Arenal	Tajo	Tajo:AR34	mismo_rio	15.1	El Arenal	4.1
AV-AAL-14	Ávila	Arenal	Arenal I	Tajo	Tajo:AR34	mismo_rio	12.3	El Arenal	2.1
AV-AREC-5	Ávila	Arenal	El Arenal	Tajo	Tajo:AR34	mismo_rio	10.5	El Arenal	0.5
AV-EDS-6	Ávila	Arenal	El Hornillo	Tajo	Tajo:AR34	mismo_rio	8.9	El Hornillo	0.9
AV-25	Ávila	Arenal	El Hornillo II	Tajo	Tajo:AR34	mismo_rio	6.6	Arenas de San Pedro	2.1
AV-AREC-6	Ávila	Arenal	Arenas de San Pedro	Tajo	Tajo:AR34	mismo_rio	4.9	Arenas de San Pedro	0.5
AV-AAL-21	Ávila	Arenal	Arenal II	Tajo	Tajo:AR34	mismo_rio	0.0	Ramacastañas	3.5
AV-AAL-10	Ávila	Arevalillo	Arevalillo	Duero	Duero:EA158	rio_principal	1.0	Cabizuela	2.3
AV-REFUG-32	Ávila	Astillero	Río Astillero	Tajo	Tajo:AR21	rio_principal	22.1	Cepeda la Mora	4.7
AV-AAL-52	Ávila	Becedas	Becedas	Tajo				El Hoyo de Pinares	3.9
AV-AAL-36	Ávila	Becedillas	Becedillas I	Duero				Junciana	2.1
AV-REFUG-21	Ávila	Becedillas	Río Becedillas	Duero				Becedas	1.6
AV-REFUG-20	Ávila	Arroyo de la Bedesa	Arroyo de la Bedesa	Duero	Duero:EA085	rio_principal	13.2	La Aliseda de Tormes	2.1
AV-AAL-73	Ávila	Arroyo de la Bejarana	Arroyo de la Bejarana	Duero				La Horcajada	2.3
AV-AAL-39	Ávila	Arroyo de la Berlana	Arroyo de la Berlana	Duero				Cabizuela	3.1
AV-AAL-38	Ávila	Arroyo de Berrocalejo	Arroyo de Berrocalejo	Duero	Duero:EA047	rio_principal	2.7	La Alameda	1.2
AV-REFUG-63	Ávila	Arroyo del Boquerón	Arroyo del Boquerón	Tajo	Tajo:AR28	rio_principal	23.9	Hontanares	1.9
AV-AAL-12	Ávila	Arroyo Caballeruelo	Arroyo Caballeruelo	Duero	Duero:EA085	rio_principal	2.0	Santa María de los Caballeros	0.1
AV-AAL-113	Ávila	Arroyo del Campo	Arroyo del Campo	Duero				Villar de Corneja	1.7
AV-AAL-89	Ávila	Arroyo de Canto Moreno	Arroyo de Canto Moreno	Duero	Duero:EA046	rio_principal	28.2	Muñotello	1.1
AV-REFUG-43	Ávila	Arroyo de Castañarejo	Arroyo de Castañarejo	Tajo	Tajo:R502	rio_principal	22.3	Candeleda	3.7
AV-REFUG-2	Ávila	Arroyo del Cervunal	Arroyo del Cervunal	Duero	Duero:EA006	rio_principal	9.2	Navalperal de Tormes	6.7
AV-REFUG-SA	Ávila	Arroyo de Las Chicas	Arroyo de Las Chicas	Tajo	Tajo:AR21	rio_principal	13.2	Serranillos	3.0
AV-AAL-25	Ávila	Chico y arroyos de la Nava y de los Vaquerizos	Chico y arroyos de la Nava y de los Vaquerizos	Duero	Duero:EA046	rio_principal	0.0	Ávila	3.8
AV-REFUG-56	Ávila	Arroyo de la Chorrera, Barbás o del Cabezo	Arroyo de la Chorrera, Barbás o del Cabezo	Tajo	Tajo:AR28	rio_principal	12.5	Gavilanes	3.9
AV-REFUG-14	Ávila	Arroyo de las Chorreras o Garganta de La Cepeda	Arroyo de las Chorreras o Garganta de La Cepeda	Duero	Duero:EA006	rio_principal	4.1	Hoyos del Collado	5.6
AV-17	Ávila	Cinco Lagunas	Cinco Lagunas	Duero	Duero:EA006	rio_principal	12.7	La Angostura	8.7
AV-REFUG-38	Ávila	Cofio	Río Cofio	Tajo	Tajo:R188	rio_principal	29.2	Hoyo de la Guija	4.0
AV-AAL-56	Ávila	Cofio	Cofio	Tajo	Tajo:R188	rio_principal	15.2	Urbanización Calas de Guisando	8.1
AV-AAL-78	Ávila	Arroyo del Collado	Arroyo del Collado	Duero				San Bartolomé de Corneja	1.5
AV-AAL-71	Ávila	Corneja	Corneja I	Duero				San Bartolomé de Corneja	1.3
AV-REFUG-16	Ávila	Corneja	Río Corneja	Duero				Navacepedilla de Corneja	1.3
AV-REFUG-57	Ávila	Cuevas	Río Cuevas	Tajo				Guisando	2.1
AV-REFUG-59	Ávila	de Cantos	Río Cantos	Tajo				El Hornillo	3.4
AV-AAL-74	Ávila	de Cantos	de Cantos	Tajo	Tajo:AR34	rio_principal	9.9	El Hornillo	0.9
AV-REFUG-69	Ávila	de la Aceña	de la Aceña	Tajo				Peguerinos	3.1
AV-EFIC-8	Ávila	de la Aceña	Embalse de La Aceña	Tajo				Peguerinos	1.0
AV-AAL-101	Ávila	de la Aceña	de la Aceña	Tajo				Peguerinos	2.4
AV-AAL-32	Ávila	de la Gaznata	de la Gaznata	Tajo				El Herradón	1.3
AV-AAL-57	Ávila	de la Mora	de la Mora	Tajo	Tajo:AR21	rio_principal	24.6	Cepeda la Mora	2.7
AV-AAL-91	Ávila	de la Puentecilla	de la Puentecilla	Tajo				Navalmoral	2.5
AV-AAL-100	Ávila	de las Herreras	de las Herreras	Tajo				Hoyo de la Guija	2.2
AV-AAL-81	Ávila	de Mediana	de Mediana	Duero	Duero:EA047	rio_principal	1.8	Mediana de Voltoya	1.3
AV-AAL-95	Ávila	de Pedro Maza	de Pedro Maza	Tajo	Tajo:AR21	rio_principal	16.0	Serranillos	1.3
AV-AAL-16	Ávila	de Ramacastañas	de Ramacastañas	Tajo				Ramacastañas	2.2
AV-AAL-23	Ávila	de Riocuevas	de Riocuevas	Tajo	Tajo:AR34	rio_principal	6.8	Guisando	2.0
AV-AAL-125	Ávila	de Riocuevas	Embalse río Cuevas	Tajo	Tajo:AR34	rio_principal	5.7	Arenas de San Pedro	1.5
AV-AAL-105	Ávila	de Santiago	de Santiago	Duero				Piedrahíta	1.5
AV-AAL-61	Ávila	del Herradero	del Herradero	Tajo				Mombeltrán	1.9
AV-AAL-59	Ávila	del Horcajo	del Horcajo	Tajo				Mombeltrán	3.1
AV-AAL-85	Ávila	del Molinillo	del Molinillo	Tajo				Mombeltrán	1.7
AV-ZHCIE-9	Ávila	El Barquillo de La Laguna	El Barquillo de La Laguna	Duero				La Zarza	3.9
AV-REFUG-3	Ávila	El Gargantón	El Gargantón	Duero	Duero:EA006	rio_principal	11.2	La Angostura	9.6
AV-REFUG-48	Ávila	Arroyo Endrinal	Arroyo del Endrinal	Tajo	Tajo:AR28	rio_principal	28.4	El Arenal	2.1
AV-AAL-7	Ávila	Escorial	Escorial	Tajo				Piedralaves	2.8
AV-AAL-83	Ávila	Fortes	Fortes	Duero	Duero:EA046	rio_principal	10.7	Mironcillo	0.3
AV-AAL-46	Ávila	Gamo	Gamo I	Duero				Pascualcobo	4.7
AV-AAL-110	Ávila	Garganta Avellaneda	Garganta Avellaneda	Duero	Duero:EA085	rio_principal	7.9	Navarregadilla	0.8
AV-REFUG-22	Ávila	Garganta Berrocosa	Garganta Berrocosa	Duero	Duero:EA085	rio_principal	9.3	Navalonguilla	2.7
AV-REFUG-44	Ávila	Garganta Blanca	Garganta Blanca	Tajo	Tajo:R502	rio_principal	24.9	Candeleda	6.8
AV-AAL-51	Ávila	Garganta Blanca	Garganta Blanca	Tajo				Candeleda	5.9
AV-REFUG-39	Ávila	Garganta de Alardos	Garganta de Alardos	Tajo	Tajo:R502	rio_principal	18.3	El Raso	6.8
AV-AAL-50	Ávila	Garganta de Alardos	Garganta de Alardos	Tajo				El Raso	2.3
AV-AAL-64	Ávila	Garganta de Argallón	Garganta de Argallón	Tajo	Tajo:AR28	rio_principal	11.7	Gavilanes	2.6
AV-9	Ávila	Garganta de Barbellido	Barbellido	Duero	Duero:EA006	rio_principal	3.7	Navacepeda de Tormes	3.7
AV-19	Ávila	Garganta de Bohoyo	Bohoyo	Duero	Duero:EA085	rio_principal	9.2	Navamediana	3.5
AV-REFUG-17	Ávila	Garganta de Bohoyo	Garganta de Bohoyo	Duero	Duero:EA085	rio_principal	13.3	Navamediana	6.7
AV-REFUG-41	Ávila	Garganta de Chilla	Garganta de Chilla	Tajo	Tajo:R502	rio_principal	20.4	El Raso	6.6
AV-AAL-126	Ávila	Garganta de Chilla	Candeleda	Tajo				El Raso	2.8
AV-AAL-48	Ávila	Garganta de Chilla	Garganta de Chilla	Tajo	Tajo:R502	rio_principal	12.6	El Raso	3.2
AV-AAL-90	Ávila	Garganta de Galín Gómez	Garganta de Galín Gómez	Duero	Duero:EA085	rio_principal	5.8	Nava del Barco	0.6
AV-8	Ávila	Garganta de Gredos	Garganta de Gredos	Duero	Duero:EA006	rio_principal	7.7	Navalperal de Tormes	6.7
AV-REFUG-27	Ávila	Garganta de Iruelas	Garganta de Iruelas	Tajo	Tajo:AR21	rio_principal	13.6	Las Cruceras	3.2
AV-AAL-65	Ávila	Garganta de la Canchuela	Garganta de la Canchuela	Tajo	Tajo:AR28	rio_principal	11.9	Gavilanes	3.1
AV-REFUG-9	Ávila	Garganta de La Covacha	Garganta de La Covacha	Duero	Duero:EA006	rio_principal	4.4	Hoyos del Collado	6.1
AV-APP-1	Ávila	Garganta de La Covacha	Garganta de La Covacha	Duero	Duero:EA006	rio_principal	4.8	Hoyos del Espino	6.7
AV-AAL-116	Ávila	Garganta de la Garbanza	Garganta de la Garbanza	Duero	Duero:EA006	rio_principal	8.5	San Bartolomé de Tormes	1.8
AV-REFUG-15	Ávila	Garganta de la Herguijuela	Garganta de la Herguijuela	Duero	Duero:EA006	rio_principal	6.3	Herguijuela	2.5
AV-AAL-128	Ávila	Garganta de la Herguijuela	La Herguijuela	Duero	Duero:EA006	rio_principal	7.0	San Bartolomé de Tormes	0.7
AV-REFUG-24	Ávila	Garganta de La Isla	Garganta de La Isla	Duero	Duero:EA006	rio_principal	0.1	Hoyos del Espino	4.3
AV-AAL-68	Ávila	Garganta de la Nava	Garganta de la Nava	Duero	Duero:EA085	rio_principal	8.5	Gil García	3.1
AV-AAL-108	Ávila	Garganta de la Solana	Garganta de la Solana	Duero				Solana de Ávila	1.1
AV-EFIC-3	Ávila	Garganta de la Vega	Laguna del Barco o de Galín Gómez	Duero	Duero:EA085	rio_principal	14.9	Puerto Castilla	6.6
AV-AAL-121	Ávila	Garganta de la Yedra	Garganta de La Yedra	Tajo	Tajo:AR21	rio_principal	20.8	Puente Nuevo	2.1
AV-AAL-115	Ávila	Garganta de las Caceras	Garganta de las Caceras	Duero	Duero:EA006	rio_principal	11.8	Zapardiel de la Ribera	0.9
AV-REFUG-4	Ávila	Garganta de Las Pozas	Garganta de Las Pozas	Duero	Duero:EA006	rio_principal	8.2	Navacepeda de Tormes	8.7
AV-REFUG-50	Ávila	Garganta de las Torres	Garganta de Las Torres o Mijares	Tajo	Tajo:AR28	rio_principal	8.7	Mijares	2.1
AV-AAL-66	Ávila	Garganta de las Torres	Garganta de las Torres	Tajo	Tajo:AR28	rio_principal	8.4	Pinosa	0.6
AV-AAL-97	Ávila	Garganta de los Caballeros	Garganta de los Caballeros	Duero	Duero:EA085	rio_principal	3.1	Navamures	0.9
AV-3	Ávila	Garganta de los Caballeros	Navalonguilla	Duero	Duero:EA085	rio_principal	5.6	Navalonguilla	1.5
AV-REFUG-19	Ávila	Garganta de Los Caballeros	Garganta de Los Caballeros	Duero	Duero:EA085	rio_principal	9.9	Navalguijo	1.0
AV-REFUG-29	Ávila	Garganta de Navalvao	Garganta de Navalvao	Tajo	Tajo:AR21	rio_principal	17.8	Navarrevisca	3.7
AV-REFUG-36	Ávila	Garganta de Navarenas ó río Arenillas	Garganta de Navarenas ó río Arenillas	Tajo				San Martín del Pimpollar	2.0
AV-ARE-1	Ávila	Garganta de Nuña Cojo	Embalse de Piedralaves	Tajo				Piedralaves	2.5
AV-REFUG-65	Ávila	Garganta de Nuña Cojo	Garganta de Nuñocojo	Tajo				Piedralaves	1.1
AV-AAL-8	Ávila	Garganta de Nuña Cojo	Garganta de Nuña Cojo	Tajo				Piedralaves	1.5
AV-AAL-117	Ávila	Garganta de Orcajo	Garganta de Orcajo	Duero	Duero:EA085	rio_principal	12.0	La Aliseda de Tormes	0.8
AV-REFUG-35	Ávila	Garganta de Peñaltar o Cabrera	Garganta de Peñaltar o Cabrera	Tajo	Tajo:AR21	rio_principal	5.5	El Rincón	2.6
AV-REFUG-10	Ávila	Garganta de Prado Puerto	Garganta de Prado Puerto	Duero	Duero:EA006	rio_principal	4.5	Hoyos del Collado	7.0
AV-APP-2	Ávila	Garganta de Prado Puerto	Garganta de Prado Puerto	Duero	Duero:EA006	rio_principal	6.4	Navacepeda de Tormes	9.5
AV-AAL-123	Ávila	Garganta de Santa María	Candeleda	Tajo	Tajo:R502	rio_principal	22.2	Candeleda	3.7
AV-AAL-119	Ávila	Garganta de Santa María	Garganta de Santa María	Tajo	Tajo:R502	rio_principal	21.7	Candeleda	1.5
AV-REFUG-47	Ávila	Garganta de Santa María	Garganta de Santa María (Charco Carreras)	Tajo	Tajo:R502	rio_principal	21.6	Candeleda	0.9
AV-REFUG-46	Ávila	Garganta de Santa María	Garganta de Santa María	Tajo	Tajo:R502	rio_principal	21.5	Candeleda	0.6
AV-AAL-49	Ávila	Garganta de Santa María	Garganta de Santa María	Tajo	Tajo:R502	rio_principal	19.0	Candeleda	2.4
AV-REFUG-34	Ávila	Garganta de Serranillos o del Puerto de Serranillos	Garganta de Serranillos o del Puerto de Serranillos	Tajo	Tajo:AR21	rio_principal	17.5	Serranillos	2.3
AV-REFUG-8	Ávila	Garganta de Valdeascas	Garganta de Valdeascas	Duero	Duero:EA006	rio_principal	4.1	Navarredonda de Gredos	4.5
AV-AAL-63	Ávila	Garganta del Chorro	Garganta del Chorro	Tajo	Tajo:AR28	rio_principal	9.2	Gavilanes	1.2
AV-REFUG-7	Ávila	Garganta del Cuervo	Garganta del Cuervo	Duero	Duero:EA006	rio_principal	5.7	Navarredonda de Gredos	5.5
AV-REFUG-13	Ávila	Garganta del Endrinal	Garganta del Endrinal	Duero	Duero:EA085	rio_principal	3.7	Serranía	0.9
AV-AREC-13	Ávila	Garganta del Endrinal	Embalse de Santa Lucía	Duero	Duero:EA085	rio_principal	5.6	Mazalinos	0.6
AV-REFUG-6	Ávila	Garganta del Hornillo	Garganta del Hornillo	Duero	Duero:EA006	rio_principal	11.6	La Angostura	3.1
AV-AAL-93	Ávila	Garganta del Molinillo	Garganta del Molinillo	Duero	Duero:EA085	rio_principal	9.5	Navalonguilla	0.9
AV-REFUG-5	Ávila	Garganta del Pinar	Garganta del Pinar	Duero	Duero:EA006	rio_principal	8.3	Navalperal de Tormes	5.7
AV-REFUG-67	Ávila	Garganta del Puerto de Mijares	Garganta del Puerto de Mijares	Tajo	Tajo:AR21	rio_principal	5.5	Villanueva de Ávila	2.6
AV-AAL-96	Ávila	Garganta Fernandina	Garganta Fernandina	Tajo	Tajo:AR21	rio_principal	14.3	Navarrevisca	1.2
AV-REFUG-45	Ávila	Garganta Lóbrega	Garganta Lóbrega	Tajo	Tajo:R502	rio_principal	27.4	Guisando	6.4
AV-AAL-17	Ávila	Garganta Lóbrega	Garganta Lóbrega	Tajo	Tajo:R502	rio_principal	25.0	Candeleda	6.5
AV-REFUG-18	Ávila	Garganta Navamediana	Garganta Navamediana	Duero	Duero:EA085	rio_principal	10.2	Navamediana	4.0
AV-AAL-11	Ávila	Garganta Pedrona	Garganta Pedrona	Duero	Duero:EA085	rio_principal	6.8	Los Cuartos	1.1
AV-AAL-118	Ávila	Garganta Pedrona	Embalse de la Castejada	Duero	Duero:EA085	rio_principal	8.8	Cardedal	1.6
AV-REFUG-23	Ávila	Garganta Solana	Garganta de la Solana o de la Aliseda	Duero				La Angostura	2.1
AV-REFUG-11	Ávila	Garganta Solana	Garganta Solana	Duero				La Zarza	1.8
AV-REFUG-40	Ávila	Garganta Tejea	Garganta Tejea	Tajo	Tajo:R502	rio_principal	16.6	El Raso	4.6
AV-AAL-87	Ávila	Arroyo de Garoza	Arroyo de Garoza	Duero	Duero:EA046	rio_principal	16.0	Salobralejo	2.2
AV-AAL-24	Ávila	Arroyo de Gemional	Arroyo de Gemional	Duero	Duero:EA046	rio_principal	2.8	Aldea del Rey Niño	1.5
AV-REFUG-52	Ávila	Arroyo del Herradero	Arroyo del Herradero	Tajo	Tajo:AR28	rio_principal	24.4	Cuevas del Valle	2.2
AV-AAL-70	Ávila	Arroyo de la Hija	Arroyo de la Hija	Duero	Duero:EA046	rio_principal	23.6	La Hija de Dios	0.3
AV-AAL-92	Ávila	Arroyo del Horcajo	Arroyo del Horcajo	Tajo				Burgohondo	3.0
AV-REFUG-53	Ávila	Arroyo del Horcajo	Arroyo del Horcajo	Tajo	Tajo:AR28	rio_principal	25.0	Cuevas del Valle	3.2
AV-REFUG-55	Ávila	Arroyo de la Hoya o del Argallón	Arroyo de la Hoya o del Argallón	Tajo	Tajo:AR28	rio_principal	11.7	Mijares	3.4
AV-AAL-54	Ávila	Jornillo	Jornillo	Tajo				El Hoyo de Pinares	4.7
AV-ZHCIE-8	Ávila	Laguna Cuadrada	Laguna Cuadrada	Duero				Navalguijo	8.0
AV-7	Ávila	Laguna de Gredos	Laguna de Gredos	Duero				El Raso	10.8
AV-EFIC-4	Ávila	Laguna de Nava del Barco	Laguna de Nava del Barco	Duero				Navalguijo	5.6
AV-ZHCIE-1	Ávila	Laguna de San Antón	Laguna de San Antón	Duero				Adanero	0.4
AV-ZHCIE-7	Ávila	Laguna del Cancho	Laguna del Cancho	Duero				Navalguijo	6.3
AV-ZHCIE-10	Ávila	Laguna del Chorrito	Laguna del Chorrito	Duero				La Zarza	4.1
AV-ZHCIE-6	Ávila	Laguna del Cura	Laguna del Cura	Duero				El Hornillo	6.6
AV-ZHCIE-4	Ávila	Laguna del Gutre	Laguna del Gutre	Duero				La Angostura	9.5
AV-ZHCIE-5	Ávila	Laguna del Novillero	Laguna del Novillero	Duero				Navalperal de Tormes	6.8
AV-ZHCIE-2	Ávila	Laguna del Oso	Laguna del Oso	Duero				El Oso	1.8
AV-ZHCIE-11	Ávila	Laguna Redonda	Laguna Redonda	Duero				Albornos	2.1
AV-AAL-80	Ávila	Arroyo de Larrodrigo	Arroyo de Larrodrigo I	Duero	Duero:EA140	rio_principal	17.8	Diego Álvaro	1.5
AV-AAL-47	Ávila	Margañán	Margañán I	Duero	Duero:EA189	mismo_rio	7.0	Cabezas del Villar	4.2
AV-AAL-72	Ávila	Arroyo de la Mata	Arroyo de la Mata (AV)	Duero				Villar de Corneja	1.0
AV-AAL-4	Ávila	Mataburros	Arroyo de Mataburros	Duero				Gamonal de la Sierra	0.8
AV-AAL-77	Ávila	Mataburros	Embalse de Gallegos de Sobrinos	Duero				Gamonal de la Sierra	1.4
AV-AAL-67	Ávila	Arroyo de Matarruya	Arroyo de Matarruya	Duero				Gilbuena	1.1
AV-AAL-109	Ávila	Mayor	Mayor	Duero	Duero:EA046	rio_principal	13.1	Escalonilla	2.2
AV-AAL-88	Ávila	Merdero	Merdero	Duero				Narros de Saldueña	0.3
AV-AAL-42	Ávila	Arroyo Merdero	Arroyo Merdero	Duero				Bonilla de la Sierra	0.5
AV-AAL-20	Ávila	Muelas	Muelas	Tajo				Poyales del Hoyo	2.2
AV-REFUG-71	Ávila	Arroyo de Navalacuerda	Arroyo de Navalacuerda	Tajo				Peguerinos	3.7
AV-AAL-62	Ávila	Navazamplón	Navazamplón I	Duero	Duero:EA712	rio_principal	20.0	San García de Ingelmos	2.7
AV-AAL-112	Ávila	Arroyo de Paradillo	Arroyo de Paradillo	Duero	Duero:EA046	rio_principal	22.4	La Torre	0.6
AV-AAL-60	Ávila	Pasaderas	Pasaderas	Tajo				Villarejo del Valle	1.6
AV-AAL-111	Ávila	Arroyo de la Pascuala	Arroyo de la Pascuala	Duero	Duero:EA046	rio_principal	26.3	Blacha	1.3
AV-AAL-127	Ávila	Pelayo	Guisando	Tajo	Tajo:AR34	rio_principal	5.5	Guisando	1.6
AV-AAL-69	Ávila	Pelayos	Pelayos I	Tajo	Tajo:AR34	rio_principal	8.7	Guisando	2.0
AV-AAL-19	Ávila	Pelayos	Pelayos II	Tajo	Tajo:AR34	rio_principal	4.9	Arenas de San Pedro	1.8
AV-REFUG-30	Ávila	Arroyo del Pinar	Arroyo del Pinar	Tajo	Tajo:AR21	rio_principal	27.5	San Martín del Pimpollar	2.5
AV-REFUG-28	Ávila	Piquillo	Río Piquillo	Tajo	Tajo:AR21	rio_principal	24.5	San Martín del Pimpollar	4.3
AV-REFUG-62	Ávila	Placero	Río Placero	Tajo	Tajo:AR28	rio_principal	19.4	Villarejo del Valle	2.2
AV-AAL-86	Ávila	Placero	Placero	Tajo				San Esteban del Valle	1.4
AV-AAL-106	Ávila	Pozas	Pozas	Duero				La Cañada	1.0
AV-REFUG-51	Ávila	Arroyo del Puerto del Pico	Arroyo del Puerto del Pico	Tajo	Tajo:AR28	rio_principal	22.5	Cuevas del Valle	2.2
AV-AAL-3	Ávila	Regamón	Regamón	Duero				Horcajo de las Torres	2.2
AV-REFUG-42	Ávila	Arroyo Remolinos	Arroyo Remolinos	Tajo	Tajo:R502	rio_principal	18.3	El Raso	4.2
AV-AAL-43	Ávila	Riohondo	Riohondo	Duero				Grandes	2.4
AV-AAL-9	Ávila	Rivilla	Rivilla	Duero				Morañuela	1.2
AV-AAL-37	Ávila	Arroyo de San Bartolomé	Arroyo de San Bartolomé	Duero				Becedas	0.4
AV-AAL-5	Ávila	Arroyo del Saucal	Arroyo del Saucal	Duero	Duero:EA006	rio_principal	8.2	Herguijuela	0.7
AV-REFUG-54	Ávila	Seco	Río Seco	Tajo				Cuevas del Valle	1.6
AV-AAL-114	Ávila	Seco	Seco (AV)	Tajo				Villarejo del Valle	0.2
AV-AAL-53	Ávila	Sotillo	Sotillo (AV)	Tajo				El Hoyo de Pinares	4.3
AV-REFUG-58	Ávila	Tejos o Arroyo de Chivetiles	Río Tejos o Arroyo de Chivetiles	Tajo				El Hornillo	1.5
AV-AAL-6	Ávila	Tiétar	Tiétar I	Tajo	Tajo:AR28	mismo_rio	1.9	La Adrada	3.0
AV-AAL-22	Ávila	Tiétar	Tiétar II	Tajo	Tajo:AR28	mismo_rio	6.9	Ramacastañas	4.1
AV-AAL-104	Ávila	Arroyo de los Toriles	Arroyo de los Toriles	Duero				La Cañada	0.4
AV-AREC-11	Ávila	Tormes	La Horcajada	Duero	Duero:EA085	mismo_rio	6.1	El Barquillo	0.2
AV-2	Ávila	Tormes	Lanchar	Duero	Duero:EA085	mismo_rio	1.0	Navamorisca	0.7
AV-6	Ávila	Tormes	Navalperal de Tormes	Duero	Duero:EA006	mismo_rio	5.6	Navacepeda de Tormes	1.8
AV-AREC-1	Ávila	Tormes	Navacepeda de Tormes	Duero	Duero:EA006	mismo_rio	2.2	Navacepeda de Tormes	2.5
AV-AREC-3	Ávila	Tormes	Barco de Ávila	Duero	Duero:EA085	mismo_rio	0.1	Navatejares	1.0
AV-27	Ávila	Tormes	Zapardiel de la Ribera	Duero	Duero:EA006	mismo_rio	9.1	Navalperal de Tormes	1.2
AV-10	Ávila	Tormes	Hoyos del Espino	Duero	Duero:EA006	mismo_rio	0.0	Hoyos del Collado	2.1
AV-EFIC-7	Ávila	Tormes	Tormes I	Duero	Duero:EA006	mismo_rio	0.7	Hoyos del Espino	2.7
AV-AREC-12	Ávila	Tormes	Zapardiel	Duero	Duero:EA006	mismo_rio	12.5	La Angostura	0.7
AV-EDS-5	Ávila	Tormes	Aliseda de Tormes	Duero	Duero:EA085	mismo_rio	10.2	La Aliseda de Tormes	1.3
AV-REFUG-1	Ávila	Tormes	Río Tormes	Duero	Duero:EA006	mismo_rio	4.3	Navarredonda de Gredos	3.8
AV-4	Ávila	Tormes	Los Llanos	Duero	Duero:EA085	mismo_rio	5.3	Navamojada	0.7
AV-AREC-2	Ávila	Tormes	Bohoyo	Duero	Duero:EA085	mismo_rio	8.1	Bohoyo	1.3
AV-EFIC-6	Ávila	Tormes	Tormes II	Duero	Duero:EA085	mismo_rio	3.1	Los Llanos de Tormes	0.6
AV-AAL-2	Ávila	Trabancos	Trabancos I	Duero				Rasueros	1.1
AV-AAL-33	Ávila	Tuerto	Tuerto (AV)	Duero	Duero:EA047	rio_principal	8.2	Urraca-Miguel	6.5
AV-ZHCIE-3	Ávila	Turbera de Las Lagunillas	Turbera de Las Lagunillas	Duero	Duero:EA006	rio_principal	12.7	La Angostura	6.6
AV-AAL-82	Ávila	Ulaque	Ulaque	Duero	Duero:EA046	rio_principal	24.7	Narros del Puerto	1.1
AV-AAL-44	Ávila	Arroyo del Valle	Arroyo del Valle (AV)	Duero				Grandes	1.6
AV-AAL-120	Ávila	Arroyo de las Viboras	Arroyo de las Viboras	Duero	Duero:EA046	rio_principal	10.4	Santa Cruz de Pinares	4.6
AV-AAL-30	Ávila	Voltoya	Voltoya I	Duero	Duero:EA047	mismo_rio	0.0	Tolbaños	3.9
AV-AAL-31	Ávila	Voltoya	Embalse de Serones o Voltoya	Duero	Duero:EA047	mismo_rio	6.3	Ojos-Albos	4.1
AV-REFUG-64	Ávila	Voltoya	Embalse de Voltoya	Duero	Duero:EA047	mismo_rio	7.5	Urraca-Miguel	7.6
AV-AAL-35	Ávila	Zapardiel	Zapardiel I	Duero	Duero:EA185	mismo_rio	0.0	Mamblas	1.6
AV-REFUG-60	Ávila	Zarzoso	Río Zarzoso	Tajo	Tajo:AR28	rio_principal	29.7	El Arenal	1.9
AV-AAL-15	Ávila	Zarzoso	Zarzoso	Tajo	Tajo:AR34	rio_principal	10.8	El Arenal	0.7
