{"type": "FeatureCollection", "metadata": {"generado": "2026-10-05T12:07", "rios": ["Carrión", "Esla", "Arlanzón", "Cea"], "fuente_tramos": "https://idecyl.jcyl.es/geoserver/pesca/wfs?service=WFS&version=1.1.0&request=GetFeature&typename=pesca%3Apesca_cyl_tramos_v&srsName=EPSG%3A4326&outputFormat=application%2Fjson&CQL_FILTER=rio_mas_a+IN+%28%27Carri%C3%B3n%27%2C%27Esla%27%2C%27Arlanz%C3%B3n%27%2C%27Cea%27%29", "fuente_estaciones": "https://www.saihduero.es/datos-tiempo-real/risr", "fuente_pueblos": "https://idecyl.jcyl.es/geoserver/wfs?service=WFS&version=1.1.0&request=GetFeature&typename=entidades%3Anucleos_cyl_poblaciones&propertyName=n_pob%2Cn_mun%2Cn_prov%2Cx_25830%2Cy_25830%2Cn_tip_pob%2Cn_tip_ocup&outputFormat=application%2Fjson", "overrides_estacion": {}}, "features": [{"type": "Feature", "properties": {"codigo": "BU-AREC-31", "etiqueta": "AREC-Villalvilla", "nombr_tram": "Villalvilla", "rio_mas_a": "Arlanzón", "categoria": "Agua en Régimen Especial con Extracción Controlada", "modalidad": "Mixto", "provincia": "Burgos", "tm": "Burgos", "truchera": "Aguas trucheras", "long_km": 8.34, "lim_superi": "Puente de las piscinas de San Amaro", "lim_inferi": "Puente de la autovía del Camino de Santiago A-231 en el término municipal de Tardajos", "n_canas": 1, "esp_princ": "Trucha común", "per1_pec_i": "Último sábado de marzo", "per1_pec_f": "31 de julio", "per2_pec_i": "1 de agosto", "per2_pec_f": "15 de octubre", "truch_cm": 24, "truch_cup_": 2, "cebos": "T/PSM", "otras_limi": "En los días con muerte, una vez alcanzado el cupo de trucha común, la acción de pescar deberá practicarse en la modalidad de pesca sin muerte, según lo establecido en el artículo 37 del Decreto 33/2017, de 9 de noviembre. Tanto en los días con mue", "info_tramo": "https://www.pescacastillayleon.es/visor/tramo.html?nid=337338", "lat": 42.35519, "lon": -3.76282, "estacion": "EA139", "estacion_dist_km": 0.0, "pueblo": {"nombre": "Villalonquéjar", "municipio": "Burgos", "provincia": "Burgos", "lat": 42.36081, "lon": -3.77336, "dist_km": 1.1}}, "geometry": {"type": "MultiLineString", "coordinates": [[[-3.71994, 42.34172], [-3.73659, 42.34798], [-3.74222, 42.34782], [-3.74513, 42.34658], [-3.74744, 42.34602], [-3.75122, 42.34656], [-3.75596, 42.349], [-3.76189, 42.35452], [-3.7665, 42.35737], [-3.77378, 42.3593], [-3.7755, 42.36025], [-3.78084, 42.36148], [-3.7826, 42.36113], [-3.78337, 42.35991], [-3.78478, 42.35913], [-3.78548, 42.35765], [-3.78652, 42.35639], [-3.78662, 42.35564], [-3.78799, 42.35467], [-3.78856, 42.35464], [-3.78944, 42.35547], [-3.78877, 42.35716], [-3.78879, 42.35804], [-3.78954, 42.35817], [-3.79149, 42.35754], [-3.79506, 42.35482], [-3.79584, 42.35193]]]}}, {"type": "Feature", "properties": {"codigo": "BU-EFIC-49", "etiqueta": "AAL_E-Arlanzón III", "nombr_tram": "Arlanzón III", "rio_mas_a": "Arlanzón", "categoria": "Excepciones fecha de inicio y cierre", "modalidad": "Mixto", "provincia": "Burgos", "tm": "Burgos", "truchera": "Aguas trucheras", "long_km": 5.69, "lim_superi": "Pasarela sobre el Arlanzón en el camino de Venta Los Adobes a Cardeñajimeno en T.M. de Cardeñajimeno", "lim_inferi": "Puente del bulevar en Fuentes Blancas", "n_canas": 1, "esp_princ": null, "per1_pec_i": "Último sábado de marzo", "per1_pec_f": "15 de octubre", "per2_pec_i": null, "per2_pec_f": null, "truch_cm": 0, "truch_cup_": 0, "cebos": null, "otras_limi": null, "info_tramo": "https://www.pescacastillayleon.es/visor/tramo.html?nid=338916", "lat": 42.34326, "lon": -3.63379, "estacion": "EA139", "estacion_dist_km": 5.9, "pueblo": {"nombre": "Castañares", "municipio": "Burgos", "provincia": "Burgos", "lat": 42.34347, "lon": -3.6263, "dist_km": 0.6}}, "geometry": {"type": "MultiLineString", "coordinates": [[[-3.61183, 42.33189], [-3.61313, 42.33238], [-3.61332, 42.33289], [-3.61308, 42.33357], [-3.61356, 42.33389], [-3.61552, 42.33331], [-3.61701, 42.33368], [-3.6172, 42.33426], [-3.61808, 42.33463], [-3.61766, 42.33533], [-3.61787, 42.33637], [-3.61945, 42.33815], [-3.62095, 42.33847], [-3.62429, 42.33849], [-3.62591, 42.33948], [-3.62826, 42.33977], [-3.63001, 42.34044], [-3.63329, 42.34048], [-3.63341, 42.34129], [-3.6328, 42.34276], [-3.6337, 42.34324], [-3.63482, 42.34309], [-3.63573, 42.34257], [-3.63649, 42.34163], [-3.63734, 42.34138], [-3.64171, 42.34246], [-3.64338, 42.34251], [-3.64457, 42.34172], [-3.6462, 42.34173], [-3.65655, 42.34266], [-3.65898, 42.34348], [-3.66284, 42.34339], [-3.66482, 42.34357], [-3.66578, 42.34397]]]}}, {"type": "Feature", "properties": {"codigo": "BU-REFUG-22", "etiqueta": "REFUGIO-Humedal de Fuentes Blancas", "nombr_tram": "Humedal de Fuentes Blancas", "rio_mas_a": "Arlanzón", "categoria": "Refugio de pesca", "modalidad": "Vedado", "provincia": "Burgos", "tm": "Burgos", "truchera": "Aguas trucheras", "long_km": 0.24, "lim_superi": "Zona del humedal más próxima a la carretera BU-30 (circunvalación de Burgos)", "lim_inferi": "Desembocadura en el río Arlanzón", "n_canas": 0, "esp_princ": null, "per1_pec_i": null, "per1_pec_f": null, "per2_pec_i": null, "per2_pec_f": null, "truch_cm": 0, "truch_cup_": 0, "cebos": null, "otras_limi": null, "info_tramo": "https://www.pescacastillayleon.es/visor/tramo.html?nid=337413", "lat": 42.34225, "lon": -3.63892, "estacion": "EA139", "estacion_dist_km": 7.8, "pueblo": {"nombre": "Urbanización Fuentes Blancas", "municipio": "Cardeñajimeno", "provincia": "Burgos", "lat": 42.33621, "lon": -3.63301, "dist_km": 0.8}}, "geometry": {"type": "MultiLineString", "coordinates": [[[-3.64061, 42.34338], [-3.63915, 42.34356], [-3.63807, 42.34244], [-3.63843, 42.34212], [-3.64099, 42.34278], [-3.64061, 42.34338], [-3.64249, 42.34275]]]}}, {"type": "Feature", "properties": {"codigo": "BU-EDS-4", "etiqueta": "EDS-Ciudad de Burgos", "nombr_tram": "Ciudad de Burgos", "rio_mas_a": "Arlanzón", "categoria": "Escenario Deportivo Social", "modalidad": "Sin Muerte", "provincia": "Burgos", "tm": "Burgos", "truchera": "Aguas trucheras", "long_km": 4.78, "lim_superi": "Puente del bulevar en Fuentes Blancas", "lim_inferi": "Puente de las piscinas de San Amaro", "n_canas": 1, "esp_princ": "Trucha común", "per1_pec_i": "Último sábado de marzo", "per1_pec_f": "15 de octubre", "per2_pec_i": null, "per2_pec_f": null, "truch_cm": 0, "truch_cup_": 0, "cebos": "PSM", "otras_limi": null, "info_tramo": "https://www.pescacastillayleon.es/visor/tramo.html?nid=337346", "lat": 42.34119, "lon": -3.69421, "estacion": "EA139", "estacion_dist_km": 1.6, "pueblo": {"nombre": "Burgos", "municipio": "Burgos", "provincia": "Burgos", "lat": 42.34082, "lon": -3.70206, "dist_km": 0.6}}, "geometry": {"type": "MultiLineString", "coordinates": [[[-3.66578, 42.34397], [-3.66854, 42.34453], [-3.68512, 42.34289], [-3.70272, 42.3396], [-3.70399, 42.33912], [-3.70661, 42.33736], [-3.70899, 42.33695], [-3.71023, 42.33725], [-3.71994, 42.34172]]]}}, {"type": "Feature", "properties": {"codigo": "BU-REFUG-20", "etiqueta": "REFUGIO-Canal del Arlanzón en Arlanzón", "nombr_tram": "Canal del Arlanzón en Arlanzón", "rio_mas_a": "Arlanzón", "categoria": "Refugio de pesca", "modalidad": "Vedado", "provincia": "Burgos", "tm": "Ibeas de Juarros", "truchera": "Aguas trucheras", "long_km": 9.18, "lim_superi": "Comienzo en el pueblo de Arlanzón", "lim_inferi": "Desembocadura en San Millán de Juarros (T.M. de Ibeas de Juarros)", "n_canas": 0, "esp_princ": "Trucha común", "per1_pec_i": null, "per1_pec_f": null, "per2_pec_i": null, "per2_pec_f": null, "truch_cm": 0, "truch_cup_": 0, "cebos": null, "otras_limi": null, "info_tramo": "https://www.pescacastillayleon.es/visor/tramo.html?nid=337411", "lat": 42.32331, "lon": -3.50478, "estacion": "EA032", "estacion_dist_km": 7.1, "pueblo": {"nombre": "Mozoncillo de Juarros", "municipio": "Ibeas de Juarros", "provincia": "Burgos", "lat": 42.30685, "lon": -3.51471, "dist_km": 2.0}}, "geometry": {"type": "MultiLineString", "coordinates": [[[-3.55373, 42.31927], [-3.55391, 42.32014], [-3.55269, 42.32102], [-3.55082, 42.32131], [-3.54956, 42.32187], [-3.54431, 42.32492], [-3.5375, 42.32713], [-3.53254, 42.32749], [-3.53163, 42.32801], [-3.53074, 42.32772], [-3.52879, 42.32808], [-3.52576, 42.3274], [-3.52251, 42.32628], [-3.52119, 42.3254], [-3.52031, 42.32528], [-3.51146, 42.32536], [-3.50534, 42.32389], [-3.50418, 42.32284], [-3.50257, 42.32345], [-3.49905, 42.32299], [-3.49704, 42.32371], [-3.4953, 42.32554], [-3.49242, 42.32451], [-3.48945, 42.32477], [-3.48868, 42.32439], [-3.48506, 42.32382], [-3.48192, 42.32203], [-3.48038, 42.32213], [-3.47809, 42.32074], [-3.47598, 42.3204], [-3.47432, 42.32068], [-3.47178, 42.31933], [-3.46986, 42.31897], [-3.46722, 42.31986], [-3.4667, 42.32052], [-3.46132, 42.32141], [-3.45979, 42.32121], [-3.456, 42.32208]]]}}, {"type": "Feature", "properties": {"codigo": "BU-AAL-127", "etiqueta": "AAL-San Millán de Juarros", "nombr_tram": "San Millán de Juarros", "rio_mas_a": "Arlanzón", "categoria": "Aguas de Acceso Libre", "modalidad": "Mixto", "provincia": "Burgos", "tm": "Ibeas de Juarros", "truchera": "Aguas trucheras", "long_km": 5.4, "lim_superi": "Fábrica de luz Inclán", "lim_inferi": "Puente de San Millán de Juarros en la ctra. que va desde la N-120 a Tinieblas de la Sierra", "n_canas": 1, "esp_princ": "Trucha común", "per1_pec_i": "Último sábado de marzo", "per1_pec_f": "15 de octubre", "per2_pec_i": null, "per2_pec_f": null, "truch_cm": 0, "truch_cup_": 0, "cebos": null, "otras_limi": null, "info_tramo": "https://www.pescacastillayleon.es/visor/tramo.html?nid=337292", "lat": 42.32283, "lon": -3.51923, "estacion": "EA032", "estacion_dist_km": 9.8, "pueblo": {"nombre": "Ibeas de Juarros", "municipio": "Ibeas de Juarros", "provincia": "Burgos", "lat": 42.33136, "lon": -3.53573, "dist_km": 1.7}}, "geometry": {"type": "MultiLineString", "coordinates": [[[-3.48961, 42.32305], [-3.49309, 42.32279], [-3.49377, 42.32252], [-3.49437, 42.3217], [-3.49603, 42.32137], [-3.49776, 42.32055], [-3.49912, 42.32046], [-3.50073, 42.32127], [-3.50288, 42.32124], [-3.50447, 42.32164], [-3.50675, 42.32136], [-3.50879, 42.32272], [-3.50978, 42.32304], [-3.5105, 42.32289], [-3.51138, 42.3234], [-3.51662, 42.3234], [-3.5203, 42.32275], [-3.52073, 42.32318], [-3.52192, 42.32341], [-3.52282, 42.32322], [-3.5255, 42.32464], [-3.52789, 42.32446], [-3.53161, 42.32617], [-3.53413, 42.32536], [-3.53788, 42.32532], [-3.53889, 42.32453], [-3.54017, 42.32453], [-3.54084, 42.32401], [-3.54818, 42.32168]]]}}, {"type": "Feature", "properties": {"codigo": "BU-EDS-1", "etiqueta": "EDS-Arlanzón", "nombr_tram": "Arlanzón", "rio_mas_a": "Arlanzón", "categoria": "Escenario Deportivo Social", "modalidad": "Sin Muerte", "provincia": "Burgos", "tm": "Castrillo del Val", "truchera": "Aguas trucheras", "long_km": 6.86, "lim_superi": "Puente sobre Arlanzón de Ctra. local de N-120 a Tinieblas de la Sierra, T.M. de S. Millán de Juarros", "lim_inferi": "Pasarela sobre el Arlanzón en el camino de Venta Los Adobes a Cardeñajimeno en T.M. de Cardeñajimeno", "n_canas": 1, "esp_princ": "Trucha común", "per1_pec_i": "Último sábado de marzo", "per1_pec_f": "15 de octubre", "per2_pec_i": null, "per2_pec_f": null, "truch_cm": 0, "truch_cup_": 0, "cebos": "PSM", "otras_limi": null, "info_tramo": "https://www.pescacastillayleon.es/visor/tramo.html?nid=337344", "lat": 42.32196, "lon": -3.58033, "estacion": "EA139", "estacion_dist_km": 10.5, "pueblo": {"nombre": "Cerca Santa Eugenia", "municipio": "Castrillo del Val", "provincia": "Burgos", "lat": 42.32422, "lon": -3.58078, "dist_km": 0.3}}, "geometry": {"type": "MultiLineString", "coordinates": [[[-3.54818, 42.32168], [-3.55037, 42.32088], [-3.55099, 42.31982], [-3.55323, 42.32002], [-3.55373, 42.31927], [-3.55349, 42.31879], [-3.5551, 42.31823], [-3.55909, 42.31895], [-3.56107, 42.31986], [-3.56222, 42.3208], [-3.56337, 42.32064], [-3.56447, 42.32107], [-3.56488, 42.32156], [-3.56443, 42.32212], [-3.56451, 42.32255], [-3.56528, 42.32332], [-3.56685, 42.32296], [-3.56727, 42.3222], [-3.56857, 42.32119], [-3.57089, 42.32164], [-3.5728, 42.32113], [-3.57503, 42.32108], [-3.57757, 42.32193], [-3.58139, 42.32218], [-3.58418, 42.32435], [-3.58441, 42.32507], [-3.5853, 42.32539], [-3.58861, 42.32527], [-3.58936, 42.32655], [-3.59102, 42.32691], [-3.5914, 42.32779], [-3.59229, 42.32826], [-3.59333, 42.32792], [-3.59345, 42.32689], [-3.59491, 42.3272], [-3.59652, 42.32685], [-3.60048, 42.32838], [-3.6022, 42.32829], [-3.60344, 42.32923], [-3.60463, 42.32906], [-3.60572, 42.32995], [-3.60679, 42.3295], [-3.6076, 42.32963], [-3.60856, 42.33002], [-3.60916, 42.33072], [-3.61105, 42.33118], [-3.61183, 42.33189]]]}}, {"type": "Feature", "properties": {"codigo": "BU-EFIC-35", "etiqueta": "AAL_E-Arlanzón II", "nombr_tram": "Arlanzón II", "rio_mas_a": "Arlanzón", "categoria": "Excepciones fecha de inicio y cierre", "modalidad": "Sin Muerte", "provincia": "Burgos", "tm": "Arlanzón", "truchera": "Aguas trucheras", "long_km": 9.51, "lim_superi": "Embalse de Uzquiza", "lim_inferi": "Puente de la localidad de Arlanzón", "n_canas": 1, "esp_princ": "Trucha común", "per1_pec_i": "Último sábado de marzo", "per1_pec_f": "15 de octubre", "per2_pec_i": null, "per2_pec_f": null, "truch_cm": 0, "truch_cup_": 0, "cebos": "PSM", "otras_limi": null, "info_tramo": "https://www.pescacastillayleon.es/visor/tramo.html?nid=337375", "lat": 42.31678, "lon": -3.41199, "estacion": "EA032", "estacion_dist_km": 0.0, "pueblo": {"nombre": "Villasur de Herreros", "municipio": "Villasur de Herreros", "provincia": "Burgos", "lat": 42.3077, "lon": -3.39359, "dist_km": 1.8}}, "geometry": {"type": "MultiLineString", "coordinates": [[[-3.36856, 42.30441], [-3.3705, 42.30389], [-3.37155, 42.30503], [-3.3734, 42.30509], [-3.37514, 42.30375], [-3.37639, 42.30393], [-3.3773, 42.30456], [-3.37714, 42.30508], [-3.37857, 42.30549], [-3.37936, 42.30606], [-3.38039, 42.30752], [-3.38033, 42.3085], [-3.38187, 42.30896], [-3.38466, 42.30876], [-3.38754, 42.30982], [-3.3885, 42.30924], [-3.39051, 42.30943], [-3.39161, 42.30906], [-3.39322, 42.3094], [-3.39777, 42.30928], [-3.39958, 42.30958], [-3.4007, 42.30915], [-3.40348, 42.30981], [-3.40501, 42.31092], [-3.40544, 42.31201], [-3.4061, 42.31261], [-3.40555, 42.31326], [-3.40563, 42.31443], [-3.4113, 42.31673], [-3.4131, 42.31692], [-3.41429, 42.31795], [-3.41685, 42.31849], [-3.41776, 42.31908], [-3.4202, 42.31929], [-3.42091, 42.32007], [-3.42109, 42.32172], [-3.42314, 42.32161], [-3.42507, 42.32258], [-3.42509, 42.32366], [-3.42567, 42.32492], [-3.42632, 42.32536], [-3.43507, 42.32538], [-3.43931, 42.3239], [-3.44059, 42.32392], [-3.44233, 42.32342], [-3.44358, 42.32192], [-3.44531, 42.32116], [-3.44651, 42.32127], [-3.44661, 42.32174], [-3.4473, 42.32186], [-3.44924, 42.32097], [-3.45023, 42.32127], [-3.45237, 42.3211], [-3.45469, 42.32219], [-3.456, 42.32208], [-3.45785, 42.32131]]]}}, {"type": "Feature", "properties": {"codigo": "BU-AAL-124", "etiqueta": "AAL-Arlanzón", "nombr_tram": "Arlanzón", "rio_mas_a": "Arlanzón", "categoria": "Aguas de Acceso Libre", "modalidad": "Mixto", "provincia": "Burgos", "tm": "Arlanzón", "truchera": "Aguas trucheras", "long_km": 3.43, "lim_superi": "Puente de la localidad de Arlanzón", "lim_inferi": "Límite superior del AAL de San Millán de Juarros", "n_canas": 1, "esp_princ": "Trucha común", "per1_pec_i": "Último sábado de marzo", "per1_pec_f": "15 de octubre", "per2_pec_i": null, "per2_pec_f": null, "truch_cm": 0, "truch_cup_": 0, "cebos": null, "otras_limi": null, "info_tramo": "https://www.pescacastillayleon.es/visor/tramo.html?nid=337291", "lat": 42.31649, "lon": -3.47499, "estacion": "EA032", "estacion_dist_km": 7.2, "pueblo": {"nombre": "Arlanzón", "municipio": "Arlanzón", "provincia": "Burgos", "lat": 42.32293, "lon": -3.45719, "dist_km": 1.6}}, "geometry": {"type": "MultiLineString", "coordinates": [[[-3.45785, 42.32131], [-3.46136, 42.31906], [-3.46249, 42.31919], [-3.46421, 42.31823], [-3.46686, 42.31757], [-3.46857, 42.31757], [-3.46895, 42.31679], [-3.471, 42.31692], [-3.47164, 42.31637], [-3.47275, 42.31613], [-3.47351, 42.31654], [-3.4748, 42.31637], [-3.4753, 42.31681], [-3.47866, 42.31747], [-3.4802, 42.31697], [-3.48182, 42.3193], [-3.4823, 42.31946], [-3.48313, 42.31888], [-3.48374, 42.31896], [-3.48418, 42.31993], [-3.48542, 42.3199], [-3.48641, 42.32033], [-3.48862, 42.32252], [-3.48961, 42.32305]]]}}, {"type": "Feature", "properties": {"codigo": "BU-AREC-4", "etiqueta": "AREC-Urquiza", "nombr_tram": "Urquiza", "rio_mas_a": "Arlanzón", "categoria": "Agua en Régimen Especial con Extracción Controlada", "modalidad": "Mixto", "provincia": "Burgos", "tm": "Villasur de Herreros", "truchera": "Aguas trucheras", "long_km": 14.94, "lim_superi": "Embalse de Uzquiza", "lim_inferi": "Embalse de Uzquiza", "n_canas": 1, "esp_princ": "Trucha común", "per1_pec_i": "Último sábado de marzo", "per1_pec_f": "31 de julio", "per2_pec_i": "1 de agosto", "per2_pec_f": "15 de octubre", "truch_cm": 24, "truch_cup_": 2, "cebos": "T/PSM", "otras_limi": "En los días con muerte, una vez alcanzado el cupo de trucha común, la acción de pescar deberá practicarse en la modalidad de pesca sin muerte, según lo establecido en el artículo 37 del Decreto 33/2017, de 9 de noviembre. Tanto en los días con mue", "info_tramo": "https://www.pescacastillayleon.es/visor/tramo.html?nid=337339", "lat": 42.28906, "lon": -3.33623, "estacion": "EA032", "estacion_dist_km": 0.3, "pueblo": {"nombre": "Alarcia", "municipio": "Rábanos", "provincia": "Burgos", "lat": 42.30522, "lon": -3.29677, "dist_km": 3.7}}, "geometry": {"type": "MultiLineString", "coordinates": [[[-3.36122, 42.31189], [-3.36122, 42.31189]]]}}, {"type": "Feature", "properties": {"codigo": "BU-REFUG-21", "etiqueta": "REFUGIO-Río Arlanzón II", "nombr_tram": "Río Arlanzón II", "rio_mas_a": "Arlanzón", "categoria": "Refugio de pesca", "modalidad": "Vedado", "provincia": "Burgos", "tm": "Villasur de Herreros", "truchera": "Aguas trucheras", "long_km": 2.7, "lim_superi": "Presa del embalse de Arlanzón", "lim_inferi": "Comienzo de aguas embalsadas del embalse de Uzquiza (altura de antigua carretera de Villorobe)", "n_canas": 0, "esp_princ": "Trucha común", "per1_pec_i": null, "per1_pec_f": null, "per2_pec_i": null, "per2_pec_f": null, "truch_cm": 0, "truch_cup_": 0, "cebos": null, "otras_limi": null, "info_tramo": "https://www.pescacastillayleon.es/visor/tramo.html?nid=337412", "lat": 42.27451, "lon": -3.33898, "estacion": "EA109", "estacion_dist_km": 0.0, "pueblo": {"nombre": "Alarcia", "municipio": "Rábanos", "provincia": "Burgos", "lat": 42.30522, "lon": -3.29677, "dist_km": 4.9}}, "geometry": {"type": "MultiLineString", "coordinates": [[[-3.33955, 42.26391], [-3.34005, 42.26677], [-3.33893, 42.26812], [-3.33973, 42.26909], [-3.34014, 42.27152], [-3.34082, 42.2732], [-3.34072, 42.27409], [-3.33947, 42.27451], [-3.33642, 42.27435], [-3.33591, 42.27477], [-3.33671, 42.27776], [-3.33627, 42.27954], [-3.33647, 42.28126], [-3.33493, 42.28356], [-3.33505, 42.28401]]]}}, {"type": "Feature", "properties": {"codigo": "BU-AREC-24", "etiqueta": "AREC-Arlanzón", "nombr_tram": "Arlanzón", "rio_mas_a": "Arlanzón", "categoria": "Agua en Régimen Especial con Extracción Controlada", "modalidad": "Mixto", "provincia": "Burgos", "tm": "Pineda de la Sierra", "truchera": "Aguas trucheras", "long_km": 11.87, "lim_superi": "Desembocadura del arroyo de Modubar", "lim_inferi": "Cola del Embalse del Arlanzón", "n_canas": 1, "esp_princ": "Trucha común", "per1_pec_i": "Último sábado de marzo", "per1_pec_f": "31 de julio", "per2_pec_i": "1 de agosto", "per2_pec_f": "15 de octubre", "truch_cm": 24, "truch_cup_": 2, "cebos": "T/PSM", "otras_limi": "En los días con muerte, una vez alcanzado el cupo de trucha común, la acción de pescar deberá practicarse en la modalidad de pesca sin muerte, según lo establecido en el artículo 37 del Decreto 33/2017, de 9 de noviembre. Tanto en los días con mue", "info_tramo": "https://www.pescacastillayleon.es/visor/tramo.html?nid=337330", "lat": 42.257, "lon": -3.34222, "estacion": "EA109", "estacion_dist_km": 0.6, "pueblo": {"nombre": "Urrez", "municipio": "Villasur de Herreros", "provincia": "Burgos", "lat": 42.27015, "lon": -3.40164, "dist_km": 5.1}}, "geometry": {"type": "MultiLineString", "coordinates": [[[-3.3198, 42.2383], [-3.32095, 42.23981], [-3.32105, 42.24109], [-3.32377, 42.24279], [-3.3249, 42.24301], [-3.32705, 42.24134], [-3.32646, 42.24214], [-3.32822, 42.24442], [-3.33035, 42.2444], [-3.33096, 42.24382], [-3.33171, 42.24434], [-3.33281, 42.24425], [-3.33475, 42.24554], [-3.33642, 42.24788], [-3.33966, 42.24652], [-3.34172, 42.244], [-3.34252, 42.24365], [-3.34003, 42.2467], [-3.33988, 42.2473], [-3.34042, 42.2477], [-3.33886, 42.24821], [-3.33775, 42.24906], [-3.33794, 42.2507], [-3.34028, 42.25457], [-3.34105, 42.25445], [-3.3437, 42.25285], [-3.34665, 42.25308], [-3.34346, 42.254], [-3.34167, 42.25579], [-3.34232, 42.25665], [-3.34212, 42.25856], [-3.34252, 42.26005], [-3.34168, 42.26371], [-3.34124, 42.26413], [-3.33954, 42.26391], [-3.33818, 42.2641], [-3.33761, 42.2614], [-3.3363, 42.26064], [-3.3349, 42.26069], [-3.3362, 42.26018], [-3.33775, 42.26046], [-3.33621, 42.25729], [-3.33464, 42.25699], [-3.33196, 42.25734], [-3.33026, 42.2568], [-3.33165, 42.25709], [-3.33316, 42.25695], [-3.33479, 42.25565], [-3.33498, 42.25507], [-3.33443, 42.25435], [-3.33205, 42.25429], [-3.33335, 42.25372], [-3.33377, 42.25309], [-3.33291, 42.25055], [-3.33043, 42.24807], [-3.32994, 42.24613], [-3.32905, 42.24582], [-3.32779, 42.2459], [-3.32651, 42.24282], [-3.32585, 42.24274], [-3.32495, 42.24345], [-3.32346, 42.24317], [-3.32296, 42.243], [-3.32214, 42.24194], [-3.3213, 42.24167], [-3.32108, 42.24111]]]}}, {"type": "Feature", "properties": {"codigo": "BU-AAL-33", "etiqueta": "AAL-Arlanzón III", "nombr_tram": "Arlanzón III", "rio_mas_a": "Arlanzón", "categoria": "Aguas de Acceso Libre", "modalidad": "Mixto", "provincia": "Burgos", "tm": "Barrio de Muñó", "truchera": "Aguas no trucheras", "long_km": 49.15, "lim_superi": "Puente de la autovía del Camino de Santiago A-231 en el término municipal de Tardajos", "lim_inferi": "Límite provincial Burgos-Palencia", "n_canas": 2, "esp_princ": null, "per1_pec_i": "1 de enero", "per1_pec_f": "31 de diciembre", "per2_pec_i": null, "per2_pec_f": null, "truch_cm": 0, "truch_cup_": 0, "cebos": null, "otras_limi": null, "info_tramo": "https://www.pescacastillayleon.es/visor/tramo.html?nid=338943", "lat": 42.25441, "lon": -3.93766, "estacion": "EA116", "estacion_dist_km": 0.0, "pueblo": {"nombre": "Celada del Camino", "municipio": "Celada del Camino", "provincia": "Burgos", "lat": 42.26352, "lon": -3.93436, "dist_km": 1.0}}, "geometry": {"type": "MultiLineString", "coordinates": [[[-4.07409, 42.15472], [-4.07265, 42.15367], [-4.07275, 42.15245], [-4.07304, 42.15225]], [[-3.79584, 42.35193], [-3.79827, 42.34994], [-3.79795, 42.34628], [-3.80028, 42.34422], [-3.80045, 42.34349], [-3.79985, 42.34253], [-3.80009, 42.34163], [-3.80081, 42.34096], [-3.80313, 42.34027], [-3.80504, 42.34054], [-3.80679, 42.3403], [-3.80721, 42.33983], [-3.8071, 42.33769], [-3.80956, 42.33699], [-3.81079, 42.33617], [-3.81052, 42.33531], [-3.81083, 42.33502], [-3.81181, 42.33469], [-3.81322, 42.3349], [-3.81387, 42.33437], [-3.81541, 42.33102], [-3.81542, 42.32987], [-3.81753, 42.32934], [-3.81808, 42.33003], [-3.81819, 42.33106], [-3.82056, 42.33124], [-3.8201, 42.32984], [-3.82086, 42.32913], [-3.82172, 42.32921], [-3.82284, 42.33025], [-3.82387, 42.33014], [-3.82435, 42.32972], [-3.82416, 42.32912], [-3.82256, 42.32803], [-3.82177, 42.32675], [-3.82197, 42.32633], [-3.82441, 42.32531], [-3.82535, 42.32534], [-3.82714, 42.3262], [-3.82897, 42.32582], [-3.82942, 42.32545], [-3.82909, 42.32477], [-3.82973, 42.32342], [-3.8292, 42.3223], [-3.83032, 42.32094], [-3.8304, 42.32028], [-3.82978, 42.31944], [-3.82806, 42.31827], [-3.82783, 42.31685], [-3.8306, 42.31506], [-3.83066, 42.31448], [-3.82974, 42.31353], [-3.83116, 42.31168], [-3.83251, 42.31064], [-3.83305, 42.30971], [-3.83492, 42.30798], [-3.83463, 42.3058], [-3.83497, 42.30369], [-3.83452, 42.30194], [-3.83335, 42.30012], [-3.83071, 42.299], [-3.83066, 42.29742], [-3.83107, 42.29683], [-3.8339, 42.29506], [-3.83642, 42.29391], [-3.83931, 42.293], [-3.8423, 42.29302], [-3.84243, 42.29229], [-3.8413, 42.29117], [-3.84193, 42.28936], [-3.84393, 42.28902], [-3.84415, 42.29013], [-3.84556, 42.29], [-3.84613, 42.28955], [-3.84615, 42.28888], [-3.84481, 42.28681], [-3.84497, 42.28619], [-3.84679, 42.28609], [-3.84918, 42.28547], [-3.84978, 42.28403], [-3.85173, 42.28272], [-3.85296, 42.28306], [-3.85455, 42.28431], [-3.85629, 42.28441], [-3.85773, 42.28219], [-3.85971, 42.28183], [-3.86036, 42.28051], [-3.86203, 42.27975], [-3.86394, 42.27965], [-3.86424, 42.27978], [-3.8641, 42.2802], [-3.86507, 42.2806], [-3.86808, 42.28037], [-3.87012, 42.27886], [-3.87126, 42.27866], [-3.87159, 42.27616], [-3.87385, 42.27604], [-3.87463, 42.27531], [-3.8754, 42.2754], [-3.87823, 42.27678], [-3.87998, 42.2768], [-3.88223, 42.27522], [-3.88211, 42.27432], [-3.88261, 42.27137], [-3.88443, 42.27114], [-3.88493, 42.27132], [-3.88543, 42.27229], [-3.88596, 42.27237], [-3.88711, 42.27144], [-3.88657, 42.27068], [-3.88619, 42.26906], [-3.88732, 42.26871], [-3.88919, 42.26876], [-3.89219, 42.26686], [-3.89357, 42.26688], [-3.89659, 42.26896], [-3.89763, 42.26876], [-3.89896, 42.26724], [-3.89948, 42.26706], [-3.90054, 42.26746], [-3.90138, 42.26711], [-3.90125, 42.26576], [-3.90173, 42.26531], [-3.90273, 42.26539], [-3.90304, 42.26566], [-3.90302, 42.2663], [-3.90418, 42.26687], [-3.9057, 42.26688], [-3.90614, 42.26566], [-3.90551, 42.26405], [-3.90578, 42.26369], [-3.90784, 42.26324], [-3.90785, 42.26213], [-3.90833, 42.26127], [-3.90875, 42.26101], [-3.91299, 42.26161], [-3.91321, 42.26039], [-3.91539, 42.26082], [-3.91729, 42.25922], [-3.91732, 42.25862], [-3.91528, 42.25736], [-3.91518, 42.25668], [-3.91555, 42.25625], [-3.91775, 42.25608], [-3.9192, 42.25525], [-3.91997, 42.25545], [-3.92061, 42.25609], [-3.92253, 42.25583], [-3.92427, 42.25505], [-3.92555, 42.25388], [-3.92889, 42.25567], [-3.93009, 42.25516], [-3.93726, 42.25453], [-3.94089, 42.25197], [-3.9411, 42.25104], [-3.94172, 42.25027], [-3.94347, 42.24955], [-3.94664, 42.24926], [-3.9473, 42.24759], [-3.94957, 42.24743], [-3.95189, 42.24897], [-3.95377, 42.24845], [-3.95411, 42.24816], [-3.95391, 42.24779], [-3.95277, 42.24764], [-3.95328, 42.24652], [-3.9541, 42.2459], [-3.95579, 42.24591], [-3.95591, 42.24511], [-3.95729, 42.24415], [-3.95753, 42.24261], [-3.95934, 42.24151], [-3.96165, 42.24183], [-3.96175, 42.24225], [-3.9601, 42.24285], [-3.96149, 42.24341], [-3.96334, 42.24233], [-3.96532, 42.24208], [-3.96614, 42.2398], [-3.96937, 42.23929], [-3.97005, 42.23846], [-3.97062, 42.23684], [-3.97051, 42.23647], [-3.96892, 42.23524], [-3.96906, 42.23424], [-3.97002, 42.23421], [-3.97094, 42.23491], [-3.97148, 42.23496], [-3.97226, 42.23471], [-3.97271, 42.23417], [-3.97198, 42.23141], [-3.97262, 42.23009], [-3.97663, 42.22756], [-3.97853, 42.22764], [-3.97928, 42.22736], [-3.97936, 42.2267], [-3.97884, 42.22584], [-3.97761, 42.22608], [-3.97746, 42.22549], [-3.97816, 42.22496], [-3.97934, 42.22469], [-3.97961, 42.22422], [-3.97942, 42.22319], [-3.97978, 42.22272], [-3.98116, 42.22275], [-3.98246, 42.22187], [-3.98274, 42.2213], [-3.98265, 42.21982], [-3.98334, 42.21932], [-3.98525, 42.21882], [-3.98773, 42.21926], [-3.98845, 42.21878], [-3.98856, 42.21836], [-3.98812, 42.21792], [-3.98849, 42.21713], [-3.98789, 42.21693], [-3.9869, 42.21758], [-3.98614, 42.21729], [-3.98582, 42.21679], [-3.98618, 42.21619], [-3.98605, 42.21525], [-3.98662, 42.21465], [-3.9877, 42.21425], [-3.98771, 42.21377], [-3.98713, 42.21344], [-3.98724, 42.21293], [-3.98942, 42.20995], [-3.98915, 42.20871], [-3.9897, 42.20684], [-3.98943, 42.20527], [-3.98961, 42.20369], [-3.98905, 42.20267], [-3.99028, 42.20144], [-3.99253, 42.20069], [-3.99381, 42.20065], [-3.99482, 42.2009], [-3.99483, 42.20148], [-3.99405, 42.20197], [-3.99568, 42.2034], [-3.99737, 42.20332], [-3.9978, 42.2025], [-3.99669, 42.20066], [-3.99624, 42.19887], [-3.99653, 42.19801], [-3.99835, 42.19719], [-3.99958, 42.19703], [-4.00059, 42.19746], [-4.00172, 42.19866], [-4.00158, 42.19966], [-4.00212, 42.20015], [-4.00282, 42.20017], [-4.00397, 42.19957], [-4.00466, 42.19883], [-4.00458, 42.19815], [-4.00527, 42.19587], [-4.00383, 42.1964], [-4.00192, 42.19529], [-4.00168, 42.19439], [-4.00005, 42.19301], [-3.99986, 42.19222], [-4.00075, 42.19185], [-4.00275, 42.19184], [-4.00367, 42.19139], [-4.00617, 42.19181], [-4.00654, 42.19163], [-4.00707, 42.19019], [-4.00684, 42.18936], [-4.00513, 42.18864], [-4.00503, 42.18829], [-4.00623, 42.18691], [-4.01046, 42.18833], [-4.01197, 42.18816], [-4.01289, 42.18752], [-4.01323, 42.18688], [-4.0132, 42.18581], [-4.01237, 42.1843], [-4.01234, 42.18315], [-4.01329, 42.18052], [-4.01364, 42.17986], [-4.01428, 42.17956], [-4.01657, 42.17977], [-4.01705, 42.17886], [-4.01674, 42.17774], [-4.01698, 42.17705], [-4.01871, 42.17703], [-4.02149, 42.17619], [-4.02304, 42.175], [-4.0243, 42.17607], [-4.02625, 42.17633], [-4.02698, 42.17519], [-4.02602, 42.17465], [-4.02621, 42.17419], [-4.02921, 42.17188], [-4.03144, 42.17178], [-4.03263, 42.1714], [-4.03425, 42.16983], [-4.03501, 42.16953], [-4.03669, 42.1702], [-4.04091, 42.17077], [-4.04376, 42.17045], [-4.04514, 42.17097], [-4.0464, 42.17098], [-4.04686, 42.17051], [-4.04737, 42.16813], [-4.04782, 42.16752], [-4.04923, 42.16711], [-4.05157, 42.16699], [-4.05203, 42.16672], [-4.05268, 42.16506], [-4.05514, 42.1638], [-4.05797, 42.16362], [-4.06104, 42.16431], [-4.06422, 42.16418], [-4.06427, 42.16306], [-4.06516, 42.16248], [-4.06571, 42.16156], [-4.0663, 42.15973], [-4.0665, 42.15763], [-4.06706, 42.15684], [-4.07018, 42.15553], [-4.07191, 42.15582], [-4.07317, 42.15658]]]}}, {"type": "Feature", "properties": {"codigo": "BU-ARE-4", "etiqueta": "ARE-Aula del Río Pineda de la Sierra", "nombr_tram": "Aula del Río Pineda de la Sierra", "rio_mas_a": "Arlanzón", "categoria": "Aguas en Régimen Especial", "modalidad": "Sin Muerte", "provincia": "Burgos", "tm": "Pineda de la Sierra", "truchera": "Aguas trucheras", "long_km": 2.28, "lim_superi": "Azud antigua piscifactoría de Pineada de la Sierra", "lim_inferi": "Cola Embalse Arlanzón, desembocadura del arroyo de Módubar", "n_canas": 1, "esp_princ": "Trucha común", "per1_pec_i": "Último sábado de marzo", "per1_pec_f": "31 de octubre", "per2_pec_i": null, "per2_pec_f": null, "truch_cm": 0, "truch_cup_": 0, "cebos": "PSM", "otras_limi": null, "info_tramo": "https://www.pescacastillayleon.es/visor/tramo.html?nid=337312", "lat": 42.23156, "lon": -3.31208, "estacion": "EA508", "estacion_dist_km": 0.0, "pueblo": {"nombre": "Pineda de la Sierra", "municipio": "Pineda de la Sierra", "provincia": "Burgos", "lat": 42.21614, "lon": -3.29733, "dist_km": 2.1}}, "geometry": {"type": "MultiLineString", "coordinates": [[[-3.30472, 42.22557], [-3.30497, 42.2283], [-3.30566, 42.22846], [-3.3077, 42.22808], [-3.30831, 42.22905], [-3.31009, 42.22916], [-3.31088, 42.22966], [-3.31207, 42.23105], [-3.31198, 42.23261], [-3.3139, 42.23518], [-3.31527, 42.236], [-3.3154, 42.23685], [-3.31684, 42.23829], [-3.3198, 42.2383]]]}}, {"type": "Feature", "properties": {"codigo": "BU-AAL-92", "etiqueta": "AAL-Arlanzón I", "nombr_tram": "Arlanzón I", "rio_mas_a": "Arlanzón", "categoria": "Aguas de Acceso Libre", "modalidad": "Mixto", "provincia": "Burgos", "tm": "Pineda de la Sierra", "truchera": "Aguas trucheras", "long_km": 1.58, "lim_superi": "Cola Embalse Arlanzón, desembocadura del arroyo de Módubar", "lim_inferi": "Vedado nacimiento río Arlanzón", "n_canas": 1, "esp_princ": null, "per1_pec_i": "Último sábado de marzo", "per1_pec_f": "31 de julio", "per2_pec_i": null, "per2_pec_f": null, "truch_cm": 0, "truch_cup_": 0, "cebos": null, "otras_limi": null, "info_tramo": "https://www.pescacastillayleon.es/visor/tramo.html?nid=338949", "lat": 42.21947, "lon": -3.30241, "estacion": "EA508", "estacion_dist_km": 0.6, "pueblo": {"nombre": "Pineda de la Sierra", "municipio": "Pineda de la Sierra", "provincia": "Burgos", "lat": 42.21614, "lon": -3.29733, "dist_km": 0.6}}, "geometry": {"type": "MultiLineString", "coordinates": [[[-3.29877, 42.21401], [-3.2997, 42.21502], [-3.30005, 42.2172], [-3.30276, 42.21821], [-3.30264, 42.21914], [-3.30148, 42.2207], [-3.30145, 42.22148], [-3.30209, 42.22298], [-3.30318, 42.22358], [-3.30472, 42.22557]]]}}, {"type": "Feature", "properties": {"codigo": "BU-REFUG-19", "etiqueta": "REFUGIO-Río Arlanzón I", "nombr_tram": "Río Arlanzón I", "rio_mas_a": "Arlanzón", "categoria": "Refugio de pesca", "modalidad": "Vedado", "provincia": "Burgos", "tm": "Pineda de la Sierra", "truchera": "Aguas trucheras", "long_km": 14.57, "lim_superi": "Nacimiento", "lim_inferi": "En todo su curso y afluentes hasta desmbocadura en Arroyo de barranco Malo, incluido esté", "n_canas": 0, "esp_princ": "Trucha común", "per1_pec_i": null, "per1_pec_f": null, "per2_pec_i": null, "per2_pec_f": null, "truch_cm": 0, "truch_cup_": 0, "cebos": null, "otras_limi": null, "info_tramo": "https://www.pescacastillayleon.es/visor/tramo.html?nid=337409", "lat": 42.20186, "lon": -3.27122, "estacion": "EA508", "estacion_dist_km": 2.0, "pueblo": {"nombre": "Pineda de la Sierra", "municipio": "Pineda de la Sierra", "provincia": "Burgos", "lat": 42.21614, "lon": -3.29733, "dist_km": 2.7}}, "geometry": {"type": "MultiLineString", "coordinates": [[[-3.21603, 42.19807], [-3.21495, 42.19591], [-3.21506, 42.19373], [-3.21676, 42.19134], [-3.21797, 42.19067], [-3.21819, 42.18967], [-3.22119, 42.18779], [-3.22351, 42.18553], [-3.22401, 42.1845], [-3.22392, 42.18328], [-3.22589, 42.18092], [-3.22707, 42.18029], [-3.23172, 42.18045], [-3.23392, 42.1809], [-3.23646, 42.18073], [-3.23943, 42.18248], [-3.24272, 42.18276], [-3.2447, 42.18346], [-3.24592, 42.18409], [-3.24644, 42.18535], [-3.2501, 42.18634], [-3.25126, 42.1869], [-3.25213, 42.1879], [-3.25358, 42.18794], [-3.25742, 42.18951], [-3.25869, 42.19142], [-3.25939, 42.19189], [-3.26084, 42.19446], [-3.26192, 42.19462], [-3.26372, 42.19591], [-3.26526, 42.19623], [-3.26591, 42.19692], [-3.26923, 42.19791], [-3.27128, 42.20021], [-3.27113, 42.20148], [-3.2715, 42.20352], [-3.27179, 42.20377], [-3.27503, 42.20374], [-3.27614, 42.2044], [-3.27709, 42.20567], [-3.27787, 42.20541], [-3.27943, 42.20607], [-3.28208, 42.20597], [-3.28303, 42.20707], [-3.28715, 42.20805], [-3.28822, 42.20848], [-3.2889, 42.2092], [-3.29133, 42.20857], [-3.29295, 42.2101], [-3.29453, 42.21028], [-3.29504, 42.21083], [-3.29524, 42.21173], [-3.29607, 42.21181], [-3.2963, 42.21335], [-3.29733, 42.21339], [-3.29877, 42.21401], [-3.29688, 42.21421], [-3.29615, 42.21494], [-3.29269, 42.21485], [-3.29083, 42.21561], [-3.28976, 42.21555], [-3.28877, 42.21626], [-3.28721, 42.21659], [-3.28481, 42.21808], [-3.28337, 42.21839], [-3.28101, 42.21954], [-3.27924, 42.21964], [-3.27698, 42.22036], [-3.27519, 42.21909], [-3.27383, 42.21872], [-3.27123, 42.2186], [-3.27019, 42.21885], [-3.26917, 42.21839], [-3.26361, 42.21832], [-3.25785, 42.21919], [-3.25571, 42.22009], [-3.25387, 42.22036]]]}}, {"type": "Feature", "properties": {"codigo": "P-AAL-25", "etiqueta": "AAL-Arlanzón IV", "nombr_tram": "Arlanzón IV", "rio_mas_a": "Arlanzón", "categoria": "Aguas de Acceso Libre", "modalidad": "Mixto", "provincia": "Palencia", "tm": "Revilla Vallejera", "truchera": "Aguas no trucheras", "long_km": 4.64, "lim_superi": "Límite provincial Palencia-Burgos", "lim_inferi": "Límite provincial Palencia-Burgos", "n_canas": 2, "esp_princ": null, "per1_pec_i": "1 de enero", "per1_pec_f": "31 de diciembre", "per2_pec_i": null, "per2_pec_f": null, "truch_cm": 0, "truch_cup_": 0, "cebos": null, "otras_limi": null, "info_tramo": "https://www.pescacastillayleon.es/visor/tramo.html?nid=338921", "lat": 42.14752, "lon": -4.08934, "estacion": "EA116", "estacion_dist_km": 16.2, "pueblo": {"nombre": "Villodrigo", "municipio": "Villodrigo", "provincia": "Palencia", "lat": 42.14455, "lon": -4.09452, "dist_km": 0.5}}, "geometry": {"type": "MultiLineString", "coordinates": [[[-4.07317, 42.15658], [-4.07411, 42.15671], [-4.07459, 42.15633], [-4.07468, 42.15562], [-4.07409, 42.15472]], [[-4.10278, 42.13728], [-4.10196, 42.13761], [-4.09884, 42.13768], [-4.09654, 42.13989], [-4.09401, 42.14096], [-4.09139, 42.14108], [-4.09005, 42.14181], [-4.08864, 42.14345], [-4.08886, 42.14419], [-4.09015, 42.14524], [-4.08982, 42.14728], [-4.08546, 42.14841], [-4.08518, 42.14948], [-4.08525, 42.15133], [-4.08472, 42.15195], [-4.08389, 42.15216], [-4.08278, 42.15133], [-4.08237, 42.1505], [-4.0814, 42.15026], [-4.07892, 42.15116], [-4.0798, 42.15274], [-4.07903, 42.15317], [-4.07688, 42.15336], [-4.07632, 42.15183], [-4.07566, 42.15157], [-4.07413, 42.15161], [-4.07304, 42.15225]]]}}, {"type": "Feature", "properties": {"codigo": "BU-AAL-95", "etiqueta": "AAL-Arlanzón V", "nombr_tram": "Arlanzón V", "rio_mas_a": "Arlanzón", "categoria": "Aguas de Acceso Libre", "modalidad": "Mixto", "provincia": "Burgos", "tm": "Revilla Vallejera", "truchera": "Aguas no trucheras", "long_km": 5.13, "lim_superi": "Límite provincial Palencia-Burgos", "lim_inferi": "Límite provincial Palencia-Burgos", "n_canas": 2, "esp_princ": null, "per1_pec_i": "1 de enero", "per1_pec_f": "31 de diciembre", "per2_pec_i": null, "per2_pec_f": null, "truch_cm": 0, "truch_cup_": 0, "cebos": null, "otras_limi": null, "info_tramo": "https://www.pescacastillayleon.es/visor/tramo.html?nid=338919", "lat": 42.12787, "lon": -4.12056, "estacion": "EA116", "estacion_dist_km": 19.5, "pueblo": {"nombre": "Revilla Vallejera", "municipio": "Revilla Vallejera", "provincia": "Burgos", "lat": 42.1469, "lon": -4.13453, "dist_km": 2.4}}, "geometry": {"type": "MultiLineString", "coordinates": [[[-4.10278, 42.13728], [-4.10428, 42.13666], [-4.10783, 42.13431], [-4.11184, 42.13404], [-4.11305, 42.13225], [-4.11398, 42.13148], [-4.11352, 42.13046], [-4.11448, 42.12901], [-4.1147, 42.12677], [-4.1158, 42.12477], [-4.11689, 42.1248], [-4.11988, 42.12696], [-4.1209, 42.12819], [-4.12176, 42.12832], [-4.12451, 42.12665], [-4.1237, 42.1262], [-4.12405, 42.12468], [-4.12475, 42.12377], [-4.12647, 42.12256], [-4.1278, 42.12218], [-4.12984, 42.12245], [-4.13237, 42.12368], [-4.13387, 42.12328], [-4.13682, 42.12113], [-4.13792, 42.11979], [-4.13868, 42.11978], [-4.14011, 42.12051], [-4.14207, 42.1199]]]}}, {"type": "Feature", "properties": {"codigo": "P-AAL-24", "etiqueta": "AAL-Arlanzón VI", "nombr_tram": "Arlanzón VI", "rio_mas_a": "Arlanzón", "categoria": "Aguas de Acceso Libre", "modalidad": "Mixto", "provincia": "Palencia", "tm": "Revilla Vallejera", "truchera": "Aguas no trucheras", "long_km": 3.22, "lim_superi": "Límite provincial Palencia-Burgos", "lim_inferi": "Desembocadura en el río Arlanza", "n_canas": 2, "esp_princ": null, "per1_pec_i": "1 de enero", "per1_pec_f": "31 de diciembre", "per2_pec_i": null, "per2_pec_f": null, "truch_cm": 0, "truch_cup_": 0, "cebos": null, "otras_limi": null, "info_tramo": "https://www.pescacastillayleon.es/visor/tramo.html?nid=338920", "lat": 42.11209, "lon": -4.1533, "estacion": "EA116", "estacion_dist_km": 23.2, "pueblo": {"nombre": "Palenzuela", "municipio": "Palenzuela", "provincia": "Palencia", "lat": 42.09523, "lon": -4.12972, "dist_km": 2.7}}, "geometry": {"type": "MultiLineString", "coordinates": [[[-4.14207, 42.1199], [-4.14352, 42.11384], [-4.14401, 42.1131], [-4.14513, 42.11244], [-4.14906, 42.11255], [-4.15098, 42.11173], [-4.15171, 42.11175], [-4.15676, 42.11234], [-4.15938, 42.11392], [-4.16034, 42.11408], [-4.16168, 42.11341], [-4.16291, 42.11174], [-4.16302, 42.11025], [-4.16233, 42.10943], [-4.16258, 42.10863], [-4.16427, 42.1079], [-4.16508, 42.10821]]]}}, {"type": "Feature", "properties": {"codigo": "P-REFUG-6", "etiqueta": "REFUGIO-Río Carrión I", "nombr_tram": "Río Carrión I", "rio_mas_a": "Carrión", "categoria": "Refugio de pesca", "modalidad": "Vedado", "provincia": "Palencia", "tm": "Cervera de Pisuerga", "truchera": "Aguas trucheras", "long_km": 9.87, "lim_superi": "Desde su nacimiento hasta su confluencia con el barranco del Hospital y todos sus afluentes en este tramo, incluido dicho barranco", "lim_inferi": "Desde su nacimiento hasta su confluencia con el barranco del Hospital y todos sus afluentes en este tramo, incluido dicho barranco", "n_canas": 0, "esp_princ": "Trucha común", "per1_pec_i": null, "per1_pec_f": null, "per2_pec_i": null, "per2_pec_f": null, "truch_cm": 0, "truch_cup_": 0, "cebos": null, "otras_limi": null, "info_tramo": "https://www.pescacastillayleon.es/visor/tramo.html?nid=337778", "lat": 43.00034, "lon": -4.68161, "estacion": "EA512", "estacion_dist_km": 5.8, "pueblo": {"nombre": "Vidrieros", "municipio": "Triollo", "provincia": "Palencia", "lat": 42.94243, "lon": -4.66472, "dist_km": 6.6}}, "geometry": {"type": "MultiLineString", "coordinates": [[[-4.66069, 42.98013], [-4.65439, 42.98262], [-4.65377, 42.98344], [-4.65398, 42.98485], [-4.65324, 42.98596], [-4.6512, 42.98734], [-4.64814, 42.98833]], [[-4.68104, 43.00011], [-4.67747, 42.99863], [-4.6736, 42.99899], [-4.67193, 42.99882], [-4.66922, 42.99908], [-4.66827, 42.99952], [-4.66768, 42.99938], [-4.66739, 42.9985], [-4.66627, 42.99785], [-4.66637, 42.99732], [-4.66523, 42.99635], [-4.66265, 42.99611], [-4.66124, 42.99551], [-4.66084, 42.99377], [-4.65923, 42.99277], [-4.65812, 42.99248], [-4.65628, 42.99266], [-4.65618, 42.99217], [-4.65515, 42.99169], [-4.6542, 42.99008], [-4.65083, 42.9898], [-4.64896, 42.98904]], [[-4.68104, 43.00011], [-4.6823, 43.00084], [-4.68478, 43.0015], [-4.68569, 43.00238], [-4.68759, 43.0033]], [[-4.68759, 43.0033], [-4.6884, 43.00406], [-4.69189, 43.00586], [-4.69433, 43.00654], [-4.69497, 43.00706], [-4.69637, 43.00706], [-4.69676, 43.00666], [-4.69882, 43.00677], [-4.70091, 43.00734], [-4.70257, 43.00701], [-4.70472, 43.00733], [-4.70925, 43.00691], [-4.7101, 43.00717], [-4.71114, 43.00846], [-4.71652, 43.00984], [-4.72235, 43.00907]], [[-4.72941, 43.01421], [-4.72843, 43.01411], [-4.72778, 43.01342], [-4.72619, 43.01289], [-4.7266, 43.0117], [-4.72462, 43.00941], [-4.72372, 43.00904], [-4.72235, 43.00907]]]}}, {"type": "Feature", "properties": {"codigo": "P-3", "etiqueta": "COTO-Pineda", "nombr_tram": "Pineda", "rio_mas_a": "Carrión", "categoria": "Coto de pesca", "modalidad": "Sin Muerte", "provincia": "Palencia", "tm": "Cervera de Pisuerga", "truchera": "Aguas trucheras", "long_km": 7.95, "lim_superi": "Confluencia del río Carrión con el barranco del Hospital", "lim_inferi": "Ruinas del puente Teblo", "n_canas": 1, "esp_princ": "Trucha común", "per1_pec_i": "Segundo domingo de abril", "per1_pec_f": "31 de julio", "per2_pec_i": null, "per2_pec_f": null, "truch_cm": 0, "truch_cup_": 0, "cebos": "PSM", "otras_limi": "En los días Sin Muerte señalados se permitirá la extracción de ciprínidos conforme a lo indicado en la tabla “Talla y cupo por especies”", "info_tramo": "https://www.pescacastillayleon.es/visor/tramo.html?nid=337716", "lat": 42.97376, "lon": -4.61201, "estacion": "EA512", "estacion_dist_km": 5.8, "pueblo": {"nombre": "Vidrieros", "municipio": "Triollo", "provincia": "Palencia", "lat": 42.94243, "lon": -4.66472, "dist_km": 5.5}}, "geometry": {"type": "MultiLineString", "coordinates": [[[-4.6488, 42.98896], [-4.64745, 42.98781], [-4.64565, 42.9873], [-4.64546, 42.98643], [-4.64487, 42.9862], [-4.64167, 42.98582], [-4.64028, 42.98633], [-4.63877, 42.98644], [-4.63714, 42.98545], [-4.63562, 42.98543], [-4.63214, 42.9831], [-4.62899, 42.98201], [-4.62845, 42.9815], [-4.62497, 42.98055], [-4.62336, 42.97924], [-4.62369, 42.97812], [-4.62323, 42.97759], [-4.62227, 42.9775], [-4.62206, 42.97639], [-4.62143, 42.97573], [-4.62009, 42.97562], [-4.61831, 42.97466], [-4.61534, 42.97496], [-4.61465, 42.97445], [-4.6134, 42.97469], [-4.61233, 42.97384], [-4.61131, 42.97371], [-4.61068, 42.97305], [-4.60955, 42.9736], [-4.60834, 42.97308], [-4.6086, 42.97199], [-4.60814, 42.97111], [-4.6062, 42.96941], [-4.60622, 42.969], [-4.60838, 42.9647], [-4.60901, 42.96411], [-4.60985, 42.96399], [-4.61095, 42.96218], [-4.61017, 42.96047], [-4.6093, 42.95963], [-4.60978, 42.95784], [-4.60813, 42.95615], [-4.60782, 42.95536], [-4.60825, 42.95486], [-4.60803, 42.9545], [-4.60736, 42.95438], [-4.60629, 42.95281], [-4.607, 42.95089], [-4.60649, 42.95023], [-4.60622, 42.94869], [-4.60735, 42.94636], [-4.60628, 42.94474]]]}}, {"type": "Feature", "properties": {"codigo": "P-REFUG-7", "etiqueta": "REFUGIO-Río Carrión II", "nombr_tram": "Río Carrión II", "rio_mas_a": "Carrión", "categoria": "Refugio de pesca", "modalidad": "Vedado", "provincia": "Palencia", "tm": "Cervera de Pisuerga", "truchera": "Aguas trucheras", "long_km": 4.07, "lim_superi": "Todos sus afluentes en el tramo comprendido entre su confluencia con el barranco del Hospital y su confluencia con el arroyo Arauz", "lim_inferi": "Todos sus afluentes en el tramo comprendido entre su confluencia con el barranco del Hospital y su confluencia con el arroyo Arauz", "n_canas": 0, "esp_princ": "Trucha común", "per1_pec_i": null, "per1_pec_f": null, "per2_pec_i": null, "per2_pec_f": null, "truch_cm": 0, "truch_cup_": 0, "cebos": null, "otras_limi": null, "info_tramo": "https://www.pescacastillayleon.es/visor/tramo.html?nid=337779", "lat": 42.96677, "lon": -4.6409, "estacion": "EA512", "estacion_dist_km": 4.8, "pueblo": {"nombre": "Vidrieros", "municipio": "Triollo", "provincia": "Palencia", "lat": 42.94243, "lon": -4.66472, "dist_km": 3.3}}, "geometry": {"type": "MultiLineString", "coordinates": [[[-4.6425, 42.98583], [-4.64312, 42.98773], [-4.64569, 42.99073], [-4.646, 42.99204], [-4.64569, 42.9928], [-4.645, 42.99298], [-4.64487, 42.99371], [-4.64358, 42.99472], [-4.64368, 42.99693], [-4.64347, 42.99794], [-4.64276, 42.99909], [-4.64281, 42.99974], [-4.64325, 43.00008]], [[-4.64355, 42.96573], [-4.63693, 42.96805], [-4.63648, 42.96885], [-4.63506, 42.9698], [-4.63382, 42.97244], [-4.62549, 42.97599], [-4.62209, 42.97691]]]}}, {"type": "Feature", "properties": {"codigo": "P-AAL-23", "etiqueta": "AAL-Carrión I", "nombr_tram": "Carrión I", "rio_mas_a": "Carrión", "categoria": "Aguas de Acceso Libre", "modalidad": "Mixto", "provincia": "Palencia", "tm": "Triollo", "truchera": "Aguas trucheras", "long_km": 2.22, "lim_superi": "Refugio de pescadores en el término local de Vidrieros", "lim_inferi": "Puente sobre el río en Vidrieros", "n_canas": 1, "esp_princ": null, "per1_pec_i": "Último sábado de marzo", "per1_pec_f": "31 de julio", "per2_pec_i": null, "per2_pec_f": null, "truch_cm": 0, "truch_cup_": 0, "cebos": null, "otras_limi": null, "info_tramo": "https://www.pescacastillayleon.es/visor/tramo.html?nid=338195", "lat": 42.93974, "lon": -4.65511, "estacion": "EA512", "estacion_dist_km": 1.6, "pueblo": {"nombre": "Vidrieros", "municipio": "Triollo", "provincia": "Palencia", "lat": 42.94243, "lon": -4.66472, "dist_km": 0.8}}, "geometry": {"type": "MultiLineString", "coordinates": [[[-4.64269, 42.93806], [-4.64674, 42.93708], [-4.65017, 42.93778], [-4.6549, 42.93976], [-4.66032, 42.93877], [-4.66092, 42.93927], [-4.66127, 42.94021], [-4.6625, 42.94064], [-4.66373, 42.94178], [-4.6652, 42.94217], [-4.66604, 42.9419]]]}}, {"type": "Feature", "properties": {"codigo": "P-REFUG-9", "etiqueta": "REFUGIO-Río Carrión III", "nombr_tram": "Río Carrión III", "rio_mas_a": "Carrión", "categoria": "Refugio de pesca", "modalidad": "Vedado", "provincia": "Palencia", "tm": "Cervera de Pisuerga", "truchera": "Aguas trucheras", "long_km": 13.73, "lim_superi": "Todos sus afluententes en el tramo comprendido entre la desembocadura del arroyo Arauz y el puente sobre el río Carrión en Triollo (ctra. P-210 de Velilla del Río Carrión a Cervera de Pisuerga)", "lim_inferi": "Todos sus afluententes en el tramo comprendido entre la desembocadura del arroyo Arauz y el puente sobre el río Carrión en Triollo (ctra. P-210 de Velilla del Río Carrión a Cervera de Pisuerga)", "n_canas": 0, "esp_princ": "Trucha común", "per1_pec_i": null, "per1_pec_f": null, "per2_pec_i": null, "per2_pec_f": null, "truch_cm": 0, "truch_cup_": 0, "cebos": null, "otras_limi": null, "info_tramo": "https://www.pescacastillayleon.es/visor/tramo.html?nid=337781", "lat": 42.93761, "lon": -4.59324, "estacion": "EA512", "estacion_dist_km": 0.2, "pueblo": {"nombre": "Santibáñez de Resoba", "municipio": "Cervera de Pisuerga", "provincia": "Palencia", "lat": 42.90886, "lon": -4.60759, "dist_km": 3.4}}, "geometry": {"type": "MultiLineString", "coordinates": [[[-4.6514, 42.95131], [-4.65147, 42.95001], [-4.65307, 42.94545], [-4.65457, 42.94426], [-4.65546, 42.94401], [-4.65807, 42.94177], [-4.66004, 42.9409], [-4.661, 42.93951]], [[-4.62511, 42.94761], [-4.62293, 42.946], [-4.6201, 42.94159], [-4.61983, 42.94017], [-4.61896, 42.93898], [-4.6184, 42.9369], [-4.61792, 42.93618], [-4.61839, 42.9345]], [[-4.63861, 42.93762], [-4.63785, 42.93949], [-4.63983, 42.94064], [-4.63999, 42.94104], [-4.63937, 42.94354], [-4.64028, 42.94548], [-4.64018, 42.94652]], [[-4.6926, 42.94141], [-4.69188, 42.94094], [-4.69006, 42.9409], [-4.68791, 42.94036], [-4.68622, 42.93931], [-4.68182, 42.93772], [-4.6774, 42.93473], [-4.67583, 42.93207], [-4.67383, 42.93086]], [[-4.60536, 42.93939], [-4.60649, 42.94007], [-4.60874, 42.94026], [-4.60907, 42.94043], [-4.60929, 42.94121]], [[-4.59298, 42.93758], [-4.59806, 42.93798], [-4.60126, 42.93776], [-4.60382, 42.9384], [-4.6051, 42.93911]], [[-4.64461, 42.92769], [-4.64505, 42.92865], [-4.6444, 42.92969], [-4.64435, 42.93134], [-4.64365, 42.93312], [-4.64357, 42.93439], [-4.64583, 42.93717]], [[-4.64848, 42.92625], [-4.65324, 42.92755], [-4.65444, 42.92828], [-4.65673, 42.93068], [-4.65777, 42.93129], [-4.65918, 42.93372], [-4.66046, 42.93401], [-4.6613, 42.93467], [-4.66497, 42.93538], [-4.66887, 42.93477]], [[-4.62714, 42.92099], [-4.62288, 42.92046], [-4.62204, 42.92054], [-4.62113, 42.92123], [-4.62003, 42.92146], [-4.61957, 42.92223], [-4.6197, 42.92426], [-4.6174, 42.92649], [-4.61717, 42.92811], [-4.61529, 42.92948], [-4.61516, 42.92999], [-4.61746, 42.93166], [-4.6189, 42.93348], [-4.62322, 42.93373]]]}}, {"type": "Feature", "properties": {"codigo": "P-4", "etiqueta": "COTO-Vidrieros", "nombr_tram": "Vidrieros", "rio_mas_a": "Carrión", "categoria": "Coto de pesca", "modalidad": "Sin Muerte", "provincia": "Palencia", "tm": "Cervera de Pisuerga", "truchera": "Aguas trucheras", "long_km": 4.18, "lim_superi": "Ruinas del puente Teblo", "lim_inferi": "Refugio de pescadores en el término local de Vidrieros", "n_canas": 1, "esp_princ": "Trucha común", "per1_pec_i": "Segundo domingo de abril", "per1_pec_f": "31 de julio", "per2_pec_i": null, "per2_pec_f": null, "truch_cm": 0, "truch_cup_": 0, "cebos": "PSM", "otras_limi": "En los días Sin Muerte señalados se permitirá la extracción de ciprínidos conforme a lo indicado en la tabla “Talla y cupo por especies”", "info_tramo": "https://www.pescacastillayleon.es/visor/tramo.html?nid=337717", "lat": 42.93465, "lon": -4.61986, "estacion": "EA512", "estacion_dist_km": 2.8, "pueblo": {"nombre": "Santibáñez de Resoba", "municipio": "Cervera de Pisuerga", "provincia": "Palencia", "lat": 42.90886, "lon": -4.60759, "dist_km": 3.0}}, "geometry": {"type": "MultiLineString", "coordinates": [[[-4.60628, 42.94474], [-4.60448, 42.94359], [-4.60532, 42.94217], [-4.60795, 42.94136], [-4.61284, 42.94077], [-4.61415, 42.93853], [-4.61435, 42.93719], [-4.61499, 42.93581], [-4.61699, 42.93415], [-4.62173, 42.93467], [-4.62317, 42.93387], [-4.62433, 42.93373], [-4.62782, 42.93437], [-4.63014, 42.93622], [-4.63088, 42.93636], [-4.63369, 42.9358], [-4.636, 42.93708], [-4.63708, 42.93704], [-4.6397, 42.93806], [-4.64269, 42.93806]]]}}, {"type": "Feature", "properties": {"codigo": "P-AAL-93", "etiqueta": "AAL-Triollo", "nombr_tram": "Triollo", "rio_mas_a": "Carrión", "categoria": "Aguas de Acceso Libre", "modalidad": "Mixto", "provincia": "Palencia", "tm": "Triollo", "truchera": "Aguas trucheras", "long_km": 2.65, "lim_superi": "Puente sobre el río en Vidrieros", "lim_inferi": "Puente sobre el río en Triollo", "n_canas": 1, "esp_princ": "Trucha común", "per1_pec_i": "Último sábado de marzo", "per1_pec_f": "31 de julio", "per2_pec_i": null, "per2_pec_f": null, "truch_cm": 0, "truch_cup_": 0, "cebos": null, "otras_limi": null, "info_tramo": "https://www.pescacastillayleon.es/visor/tramo.html?nid=337732", "lat": 42.93269, "lon": -4.67172, "estacion": "EA512", "estacion_dist_km": 0.1, "pueblo": {"nombre": "Vidrieros", "municipio": "Triollo", "provincia": "Palencia", "lat": 42.94243, "lon": -4.66472, "dist_km": 1.2}}, "geometry": {"type": "MultiLineString", "coordinates": [[[-4.66604, 42.9419], [-4.66652, 42.94116], [-4.66641, 42.94039], [-4.66692, 42.93891], [-4.66905, 42.93774], [-4.66944, 42.93698], [-4.66882, 42.93575], [-4.66916, 42.93306], [-4.66993, 42.93267], [-4.67148, 42.93275], [-4.67256, 42.93246], [-4.67355, 42.93143], [-4.67398, 42.93023], [-4.67654, 42.92674], [-4.6775, 42.92417], [-4.67878, 42.92413], [-4.67952, 42.9231]]]}}, {"type": "Feature", "properties": {"codigo": "P-AREC-21", "etiqueta": "AREC-Embalse de Camporredondo", "nombr_tram": "Embalse de Camporredondo", "rio_mas_a": "Carrión", "categoria": "Agua en Régimen Especial con Extracción Controlada", "modalidad": "Mixto", "provincia": "Palencia", "tm": "Velilla del Río Carrión", "truchera": "Aguas trucheras", "long_km": 23.370418, "lim_superi": "Puente sobre el río Carrión en Triollo", "lim_inferi": "Margen drecha presa del embalse de Camporredondo/Margen izquiereda Desembocadura del arroyo Miranda", "n_canas": 1, "esp_princ": "Trucha común", "per1_pec_i": "15 de junio", "per1_pec_f": "31 de agosto", "per2_pec_i": "1 de septiembre", "per2_pec_f": "15 de octubre", "truch_cm": 40, "truch_cup_": 1, "cebos": "T/PSM", "otras_limi": "En los días con muerte, una vez alcanzado el cupo de trucha común, la acción de pescar deberá practicarse en la modalidad de pesca sin muerte, según lo establecido en el artículo 37 del Decreto 33/2017, de 9 de noviembre. Tanto en los días con mue", "info_tramo": "https://www.pescacastillayleon.es/visor/tramo.html?nid=337771", "lat": 42.91404, "lon": -4.72206, "estacion": "EA108", "estacion_dist_km": 0.7, "pueblo": {"nombre": "Alba de los Cardaños", "municipio": "Velilla del Río Carrión", "provincia": "Palencia", "lat": 42.90809, "lon": -4.7185, "dist_km": 0.7}}, "geometry": {"type": "MultiLineString", "coordinates": [[[-4.73811, 42.89978], [-4.73686, 42.90023], [-4.73722, 42.90103], [-4.7371, 42.90193], [-4.73611, 42.90217], [-4.73595, 42.90474], [-4.73672, 42.90547], [-4.7385, 42.90668], [-4.74109, 42.90777], [-4.74297, 42.90933], [-4.74686, 42.9092], [-4.74801, 42.90958], [-4.74885, 42.9103], [-4.75061, 42.91036], [-4.75201, 42.91109], [-4.75491, 42.91143], [-4.75512, 42.91178], [-4.75459, 42.91211], [-4.75568, 42.91217], [-4.75644, 42.91256], [-4.75926, 42.9151], [-4.75909, 42.91584], [-4.75791, 42.91544], [-4.75772, 42.91521], [-4.75805, 42.91469], [-4.75747, 42.91472], [-4.75928, 42.91802], [-4.75853, 42.91886], [-4.75855, 42.91948], [-4.76021, 42.9205], [-4.76199, 42.92019], [-4.76156, 42.92062], [-4.75982, 42.92085], [-4.75913, 42.92153], [-4.75855, 42.92308], [-4.75798, 42.92372], [-4.75784, 42.92495], [-4.75871, 42.92749], [-4.75845, 42.92794], [-4.75917, 42.92917], [-4.75822, 42.9281], [-4.75814, 42.92869], [-4.75763, 42.92879], [-4.75734, 42.9285], [-4.7575, 42.92809], [-4.75685, 42.92748], [-4.75651, 42.92613], [-4.75561, 42.92457], [-4.75588, 42.9221], [-4.75509, 42.92078], [-4.75331, 42.91938], [-4.75183, 42.91896], [-4.75203, 42.91868], [-4.75174, 42.91841], [-4.74977, 42.91754], [-4.74588, 42.91445], [-4.74372, 42.91455], [-4.74298, 42.91556], [-4.74281, 42.9145], [-4.74316, 42.91377], [-4.74276, 42.91235], [-4.73924, 42.91132], [-4.73737, 42.91006], [-4.73428, 42.90921], [-4.73152, 42.90625], [-4.73028, 42.90636], [-4.72776, 42.9053], [-4.72313, 42.90683], [-4.72264, 42.90736], [-4.72163, 42.91156], [-4.72195, 42.9128], [-4.72314, 42.91349], [-4.72163, 42.91438], [-4.7207, 42.9131], [-4.71961, 42.91255], [-4.72064, 42.91055], [-4.72006, 42.90957], [-4.72073, 42.90875], [-4.72068, 42.90803], [-4.72125, 42.90775], [-4.72094, 42.90723], [-4.72028, 42.90769], [-4.71855, 42.90718], [-4.71703, 42.90771], [-4.71463, 42.90723], [-4.70924, 42.90722], [-4.70866, 42.90773], [-4.70891, 42.90919], [-4.70638, 42.9079], [-4.70599, 42.90821], [-4.70546, 42.91013], [-4.70431, 42.90909], [-4.70381, 42.90769], [-4.70324, 42.90729], [-4.70213, 42.90726], [-4.7014, 42.90769], [-4.70124, 42.91026], [-4.70038, 42.9096], [-4.69889, 42.90739], [-4.69809, 42.9071], [-4.69729, 42.90723], [-4.69649, 42.90763], [-4.69568, 42.90865], [-4.6933, 42.90887], [-4.69212, 42.90934], [-4.6918, 42.91062], [-4.69206, 42.9117], [-4.69064, 42.91242], [-4.6898, 42.91336], [-4.68807, 42.91599], [-4.68833, 42.91693], [-4.68792, 42.91697], [-4.68726, 42.91848], [-4.68509, 42.92036], [-4.68468, 42.92036], [-4.68487, 42.92014], [-4.68447, 42.91999], [-4.68204, 42.92072], [-4.67951, 42.9231], [-4.6825, 42.91964], [-4.68444, 42.91821], [-4.68385, 42.91741], [-4.68399, 42.9165], [-4.68447, 42.91594], [-4.68444, 42.91433], [-4.68529, 42.91342], [-4.68549, 42.91247], [-4.68691, 42.9116], [-4.68637, 42.91079], [-4.68493, 42.91066], [-4.68106, 42.90921], [-4.67988, 42.90908], [-4.688, 42.91017], [-4.68871, 42.90989], [-4.68926, 42.90688], [-4.69009, 42.90597], [-4.69125, 42.90351], [-4.69484, 42.90279], [-4.69748, 42.90273], [-4.69922, 42.90223], [-4.69946, 42.90169], [-4.69928, 42.90124], [-4.69718, 42.89931]]]}}, {"type": "Feature", "properties": {"codigo": "P-REFUG-24", "etiqueta": "REFUGIO-Afluentes del Embalse de Camporredondo", "nombr_tram": "Embalse de Camporredondo", "rio_mas_a": "Carrión", "categoria": "Refugio de pesca", "modalidad": "Vedado", "provincia": "Palencia", "tm": "Velilla del Río Carrión", "truchera": "Aguas trucheras", "long_km": 15.82, "lim_superi": "Afluentes margen derecha Embalse Camporredondo. Desde la presa hasta el Arroyo de Miranda", "lim_inferi": "Afluentes margen derecha Embalse Camporredondo. Desde la presa hasta el Arroyo de Miranda", "n_canas": 0, "esp_princ": "Trucha común", "per1_pec_i": null, "per1_pec_f": null, "per2_pec_i": null, "per2_pec_f": null, "truch_cm": 0, "truch_cup_": 0, "cebos": null, "otras_limi": null, "info_tramo": "https://www.pescacastillayleon.es/visor/tramo.html?nid=537257", "lat": 42.90955, "lon": -4.70909, "estacion": "EA108", "estacion_dist_km": 0.7, "pueblo": {"nombre": "Alba de los Cardaños", "municipio": "Velilla del Río Carrión", "provincia": "Palencia", "lat": 42.90809, "lon": -4.7185, "dist_km": 0.8}}, "geometry": {"type": "MultiLineString", "coordinates": [[[-4.73506, 42.93551], [-4.7336, 42.93215], [-4.73369, 42.93173], [-4.73498, 42.93032], [-4.7369, 42.92908], [-4.73898, 42.92713], [-4.73983, 42.92679], [-4.74171, 42.9245], [-4.74221, 42.92066], [-4.74166, 42.91869], [-4.74208, 42.91701], [-4.74298, 42.91556]], [[-4.6966, 42.92092], [-4.69672, 42.91989], [-4.69643, 42.91887], [-4.69438, 42.91595], [-4.69366, 42.91424], [-4.69358, 42.91311], [-4.69283, 42.91215], [-4.69198, 42.91177]], [[-4.70783, 42.92224], [-4.70785, 42.92111], [-4.70704, 42.91902], [-4.70691, 42.9176], [-4.70608, 42.91596], [-4.70647, 42.91409], [-4.70549, 42.91012]], [[-4.71781, 42.92253], [-4.71638, 42.91938], [-4.71811, 42.91729], [-4.71956, 42.91654], [-4.72206, 42.91586], [-4.72184, 42.91434]], [[-4.71452, 42.92319], [-4.71491, 42.92049], [-4.71416, 42.91928], [-4.71273, 42.91803], [-4.71209, 42.91569], [-4.71074, 42.91444], [-4.70892, 42.90916]], [[-4.70266, 42.92368], [-4.70232, 42.92168], [-4.70278, 42.91898], [-4.7028, 42.91642], [-4.70374, 42.91467], [-4.70198, 42.91083], [-4.70137, 42.91017]], [[-4.72309, 42.91372], [-4.72476, 42.91378], [-4.72533, 42.91487], [-4.72856, 42.91818], [-4.7293, 42.92228], [-4.73138, 42.92354]], [[-4.69718, 42.89931], [-4.69789, 42.89968], [-4.69797, 42.90008], [-4.69981, 42.90072], [-4.70038, 42.90133], [-4.70067, 42.90221], [-4.70011, 42.90299], [-4.70106, 42.90268], [-4.70092, 42.9022], [-4.70202, 42.90103], [-4.70255, 42.90222], [-4.70348, 42.90268], [-4.70569, 42.90301], [-4.70777, 42.90292], [-4.71203, 42.90407], [-4.71405, 42.90392], [-4.71453, 42.90362], [-4.71602, 42.90432], [-4.71895, 42.90414], [-4.71905, 42.90509], [-4.72009, 42.9056], [-4.72178, 42.90468], [-4.72374, 42.9044], [-4.72637, 42.90228], [-4.72906, 42.90192], [-4.73188, 42.90217], [-4.73244, 42.90155], [-4.7326, 42.89921], [-4.73289, 42.89883], [-4.73596, 42.899], [-4.73716, 42.89835], [-4.73811, 42.89978]]]}}, {"type": "Feature", "properties": {"codigo": "P-REFUG-25", "etiqueta": "REFUGIO-Embalse de Compuerto", "nombr_tram": "Embalse de Compuerto", "rio_mas_a": "Carrión", "categoria": "Refugio de pesca", "modalidad": "Vedado", "provincia": "Palencia", "tm": "Velilla del Río Carrión", "truchera": "Aguas trucheras", "long_km": 34.52, "lim_superi": "Todos los afluentes del embalse y los tramos del mismo no declarados AREC", "lim_inferi": "Todos los afluentes del embalse y los tramos del mismo no declarados AREC", "n_canas": 0, "esp_princ": "Trucha común", "per1_pec_i": null, "per1_pec_f": null, "per2_pec_i": null, "per2_pec_f": null, "truch_cm": 0, "truch_cup_": 0, "cebos": null, "otras_limi": null, "info_tramo": "https://www.pescacastillayleon.es/visor/tramo.html?nid=337772", "lat": 42.89288, "lon": -4.82196, "estacion": "EA108", "estacion_dist_km": 0.4, "pueblo": {"nombre": "Otero de Guardo", "municipio": "Velilla del Río Carrión", "provincia": "Palencia", "lat": 42.87897, "lon": -4.80749, "dist_km": 1.9}}, "geometry": {"type": "MultiLineString", "coordinates": [[[-4.80551, 42.85588], [-4.80416, 42.85379], [-4.80316, 42.85129], [-4.7982, 42.84851], [-4.7963, 42.84652], [-4.79551, 42.84439], [-4.79568, 42.84404], [-4.79528, 42.84354], [-4.79528, 42.8427], [-4.79557, 42.84192], [-4.79694, 42.84062], [-4.79791, 42.83843], [-4.79674, 42.83677], [-4.79517, 42.83576], [-4.79442, 42.83486], [-4.79437, 42.83261], [-4.79159, 42.83143], [-4.79007, 42.83152], [-4.78899, 42.83075], [-4.78528, 42.83074], [-4.78366, 42.82995]], [[-4.83533, 42.87362], [-4.83434, 42.87239], [-4.83124, 42.87068], [-4.82907, 42.86973], [-4.8262, 42.86902]], [[-4.75597, 42.86356], [-4.7634, 42.86879], [-4.76588, 42.87092], [-4.76771, 42.87342], [-4.76928, 42.87689], [-4.76942, 42.87889], [-4.77099, 42.88246], [-4.7709, 42.88319], [-4.7701, 42.88445], [-4.77032, 42.88533]], [[-4.74121, 42.89189], [-4.74131, 42.8915], [-4.74236, 42.89081], [-4.7451, 42.89065], [-4.74875, 42.88936], [-4.74942, 42.88963], [-4.75019, 42.8895], [-4.75427, 42.88658], [-4.75833, 42.88549], [-4.76332, 42.88491], [-4.77246, 42.88555], [-4.77684, 42.8847], [-4.77648, 42.88437], [-4.77735, 42.88373], [-4.77874, 42.8834], [-4.78047, 42.88317], [-4.78548, 42.88376], [-4.7935, 42.88093], [-4.79892, 42.87969], [-4.7998, 42.87866], [-4.80103, 42.87594], [-4.8028, 42.8739], [-4.80379, 42.87336], [-4.80611, 42.87366], [-4.8077, 42.87345], [-4.80944, 42.87223], [-4.81001, 42.87147], [-4.81074, 42.86898], [-4.81311, 42.8644], [-4.81409, 42.86321], [-4.8167, 42.86275], [-4.81603, 42.86152], [-4.81392, 42.86125], [-4.81282, 42.86006], [-4.81041, 42.86041], [-4.80986, 42.85931], [-4.80908, 42.85903], [-4.80833, 42.85916]], [[-4.82706, 42.89109], [-4.82485, 42.89219], [-4.82195, 42.89289], [-4.8175, 42.89166], [-4.81308, 42.88915], [-4.81081, 42.88873], [-4.8093, 42.88801], [-4.80879, 42.88744], [-4.80812, 42.88548], [-4.8078, 42.88211], [-4.80749, 42.88138], [-4.8065, 42.88067]], [[-4.81777, 42.87086], [-4.82115, 42.87234], [-4.82221, 42.8737], [-4.8249, 42.87523], [-4.82951, 42.87934], [-4.83064, 42.87946], [-4.83216, 42.88046], [-4.83509, 42.884], [-4.8376, 42.88562], [-4.84046, 42.88803], [-4.84342, 42.88977], [-4.84507, 42.89139], [-4.8461, 42.89316]], [[-4.75194, 42.90397], [-4.75316, 42.90183], [-4.75297, 42.90031], [-4.75165, 42.89609], [-4.75132, 42.89573], [-4.75038, 42.89556], [-4.74995, 42.89504], [-4.75099, 42.89323], [-4.75253, 42.8921], [-4.75289, 42.89125]], [[-4.76089, 42.88969], [-4.7608, 42.8906], [-4.76245, 42.89304], [-4.76374, 42.89372], [-4.76455, 42.89547], [-4.76356, 42.89661], [-4.76339, 42.89718], [-4.76369, 42.89823], [-4.76522, 42.89974], [-4.76854, 42.90093], [-4.77303, 42.90414]], [[-4.80231, 42.90631], [-4.80165, 42.90608], [-4.80144, 42.90539], [-4.80054, 42.90487], [-4.80062, 42.90424], [-4.80017, 42.90355], [-4.80061, 42.90291], [-4.8005, 42.90251], [-4.79777, 42.90038], [-4.79616, 42.89657], [-4.7945, 42.89519]], [[-4.79788, 42.90049], [-4.79728, 42.90177], [-4.7981, 42.90327], [-4.79803, 42.90459], [-4.79858, 42.90529], [-4.79568, 42.90741], [-4.79389, 42.90817], [-4.79201, 42.90888], [-4.7903, 42.90875]], [[-4.80231, 42.90631], [-4.80409, 42.90665], [-4.80652, 42.90606], [-4.80888, 42.90734], [-4.81237, 42.90787], [-4.81378, 42.90927], [-4.81449, 42.90894], [-4.81805, 42.91094], [-4.8219, 42.91194], [-4.82336, 42.91278], [-4.82485, 42.91286], [-4.82666, 42.91385], [-4.82776, 42.91518]], [[-4.81033, 42.92709], [-4.81004, 42.92526], [-4.80822, 42.92317], [-4.80853, 42.92188], [-4.80779, 42.92108], [-4.80789, 42.9193], [-4.80762, 42.91838], [-4.8071, 42.91798], [-4.80486, 42.91367], [-4.80336, 42.90795], [-4.80231, 42.90631]]]}}, {"type": "Feature", "properties": {"codigo": "P-AREC-13", "etiqueta": "AREC-Embalse de Compuerto", "nombr_tram": "Embalse de Compuerto", "rio_mas_a": "Carrión", "categoria": "Agua en Régimen Especial con Extracción Controlada", "modalidad": "Mixto", "provincia": "Palencia", "tm": "Velilla del Río Carrión", "truchera": "Aguas trucheras", "long_km": 19.01, "lim_superi": "Margen derecha presa del embalse de Camporredondo / Margen izquierda presa del embalse de Camporredondo, exceptuando el tramo comprendido entre la desembocadura del arroyo de Valsurbio y 600 metros aguas arriba del puente sobre el arroyo de Valcobero", "lim_inferi": "Margen derecha presa del Embalse de Compuerto / Margen izquierda presa del Embalse de Compuerto", "n_canas": 1, "esp_princ": "Trucha común", "per1_pec_i": "15 de junio", "per1_pec_f": "31 de agosto", "per2_pec_i": "1 de septiembre", "per2_pec_f": "15 de octubre", "truch_cm": 40, "truch_cup_": 1, "cebos": "T/PSM", "otras_limi": "En los días con muerte, una vez alcanzado el cupo de trucha común, la acción de pescar deberá practicarse en la modalidad de pesca sin muerte, según lo establecido en el artículo 37 del Decreto 33/2017, de 9 de noviembre. Tanto en los días con mue", "info_tramo": "https://www.pescacastillayleon.es/visor/tramo.html?nid=337727", "lat": 42.88444, "lon": -4.79421, "estacion": "EA108", "estacion_dist_km": 0.0, "pueblo": {"nombre": "Otero de Guardo", "municipio": "Velilla del Río Carrión", "provincia": "Palencia", "lat": 42.87897, "lon": -4.80749, "dist_km": 1.2}}, "geometry": {"type": "MultiLineString", "coordinates": [[[-4.80833, 42.85916], [-4.8066, 42.85896], [-4.80452, 42.85696], [-4.80286, 42.85651], [-4.80294, 42.85623], [-4.80525, 42.85654], [-4.80558, 42.85585], [-4.80604, 42.85705], [-4.80754, 42.85719], [-4.81173, 42.85852], [-4.81384, 42.85872], [-4.81738, 42.85964], [-4.81911, 42.86107], [-4.82263, 42.86051], [-4.82559, 42.86129], [-4.82591, 42.8608], [-4.82894, 42.86126], [-4.82952, 42.86176], [-4.8297, 42.8625], [-4.82831, 42.86222], [-4.82869, 42.86355], [-4.82752, 42.86409], [-4.82361, 42.86414], [-4.82312, 42.86454], [-4.82305, 42.86498], [-4.8253, 42.86645], [-4.8256, 42.86733], [-4.82535, 42.86823], [-4.8262, 42.86902], [-4.82508, 42.86872], [-4.82402, 42.86758], [-4.82417, 42.86703], [-4.82229, 42.86654], [-4.82195, 42.86726], [-4.82103, 42.86773], [-4.81891, 42.86807], [-4.81797, 42.86962], [-4.81799, 42.87074], [-4.81754, 42.87088], [-4.81549, 42.87021], [-4.81253, 42.87197], [-4.8121, 42.87327], [-4.81013, 42.87573], [-4.81008, 42.8762], [-4.81062, 42.87708], [-4.80838, 42.87695], [-4.80663, 42.87723], [-4.80448, 42.87607], [-4.80385, 42.8762], [-4.80336, 42.87694], [-4.80331, 42.87837], [-4.80565, 42.87927], [-4.80648, 42.88071], [-4.80514, 42.88015], [-4.80323, 42.88035], [-4.80114, 42.88215], [-4.79823, 42.88261], [-4.79575, 42.88355], [-4.79096, 42.88632], [-4.79055, 42.88708], [-4.79077, 42.88846], [-4.79171, 42.89019], [-4.79229, 42.89046], [-4.79447, 42.89521], [-4.79256, 42.89354], [-4.79218, 42.89197], [-4.78937, 42.88992], [-4.78867, 42.88897], [-4.7874, 42.88844], [-4.78594, 42.88838], [-4.78246, 42.88915], [-4.77758, 42.88864], [-4.77416, 42.88919], [-4.77388, 42.88884], [-4.77277, 42.88903], [-4.7715, 42.88829], [-4.77025, 42.88864], [-4.76449, 42.88798], [-4.76074, 42.8891], [-4.76115, 42.88916], [-4.76089, 42.88969], [-4.76041, 42.88906], [-4.75926, 42.88912], [-4.75575, 42.89076], [-4.75291, 42.89125], [-4.75307, 42.89098], [-4.75285, 42.89088], [-4.75202, 42.89106], [-4.75185, 42.8908], [-4.75024, 42.89064], [-4.74717, 42.89082], [-4.74664, 42.89128], [-4.74549, 42.89153], [-4.74276, 42.89132], [-4.74244, 42.89161], [-4.74228, 42.89321], [-4.74449, 42.89325], [-4.74522, 42.89363], [-4.74538, 42.89427], [-4.74455, 42.8952], [-4.7389, 42.89762], [-4.73838, 42.89864], [-4.73753, 42.89909]], [[-4.73753, 42.89909], [-4.73838, 42.89861], [-4.7383, 42.89812], [-4.73882, 42.89758], [-4.74483, 42.89469], [-4.74492, 42.89424], [-4.74383, 42.89347], [-4.74223, 42.89369], [-4.74179, 42.89242], [-4.74216, 42.89133], [-4.74121, 42.89189]]]}}, {"type": "Feature", "properties": {"codigo": "P-5", "etiqueta": "COTO-Velilla", "nombr_tram": "Velilla", "rio_mas_a": "Carrión", "categoria": "Coto de pesca", "modalidad": "Sin Muerte", "provincia": "Palencia", "tm": "Velilla del Río Carrión", "truchera": "Aguas trucheras", "long_km": 4.18, "lim_superi": "Presa del embalse de Compuerto", "lim_inferi": "Salida de agua de la piscifactoría de Velilla del Río Carrión", "n_canas": 1, "esp_princ": "Trucha común", "per1_pec_i": "Último sábado de marzo", "per1_pec_f": "31 de agosto", "per2_pec_i": null, "per2_pec_f": null, "truch_cm": 0, "truch_cup_": 0, "cebos": "PSM", "otras_limi": "En los días Sin Muerte señalados se permitirá la extracción de ciprínidos conforme a lo indicado en la tabla “Talla y cupo por especies”", "info_tramo": "https://www.pescacastillayleon.es/visor/tramo.html?nid=337718", "lat": 42.84655, "lon": -4.84223, "estacion": "EA037", "estacion_dist_km": 0.0, "pueblo": {"nombre": "Velilla del Río Carrión", "municipio": "Velilla del Río Carrión", "provincia": "Palencia", "lat": 42.82776, "lon": -4.84416, "dist_km": 2.1}}, "geometry": {"type": "MultiLineString", "coordinates": [[[-4.82684, 42.86094], [-4.8274, 42.86029], [-4.82787, 42.8589], [-4.8323, 42.85436], [-4.83464, 42.85127], [-4.84222, 42.84693], [-4.84397, 42.84221], [-4.84319, 42.8401], [-4.84396, 42.83928], [-4.84397, 42.8382], [-4.84448, 42.83687], [-4.84484, 42.83463], [-4.84427, 42.83359], [-4.84421, 42.83235], [-4.84568, 42.83083], [-4.84517, 42.8294], [-4.84553, 42.82891]]]}}, {"type": "Feature", "properties": {"codigo": "P-EFIC-10", "etiqueta": "AAL_E-Carrión I", "nombr_tram": "Carrión I", "rio_mas_a": "Carrión", "categoria": "Excepciones fecha de inicio y cierre", "modalidad": "Sin Muerte", "provincia": "Palencia", "tm": "Velilla del Río Carrión", "truchera": "Aguas trucheras", "long_km": 0.43, "lim_superi": "Confluencia de aguas en la Central con la Piscifactoría de Velilla", "lim_inferi": "Puente sobre el río en la ctra. P-215 en Velilla del Río Carrión", "n_canas": 1, "esp_princ": "Trucha común", "per1_pec_i": "Último sábado de marzo", "per1_pec_f": "15 de octubre", "per2_pec_i": null, "per2_pec_f": null, "truch_cm": 0, "truch_cup_": 0, "cebos": "PSM", "otras_limi": null, "info_tramo": "https://www.pescacastillayleon.es/visor/tramo.html?nid=337743", "lat": 42.82791, "lon": -4.84774, "estacion": "EA134", "estacion_dist_km": 2.1, "pueblo": {"nombre": "Velilla del Río Carrión", "municipio": "Velilla del Río Carrión", "provincia": "Palencia", "lat": 42.82776, "lon": -4.84416, "dist_km": 0.3}}, "geometry": {"type": "MultiLineString", "coordinates": [[[-4.84553, 42.82891], [-4.84689, 42.82844], [-4.84801, 42.82764], [-4.84799, 42.82608]]]}}, {"type": "Feature", "properties": {"codigo": "P-AAL-92", "etiqueta": "AAL-Embalse de Velilla", "nombr_tram": "Embalse de Velilla", "rio_mas_a": "Carrión", "categoria": "Aguas de Acceso Libre", "modalidad": "Mixto", "provincia": "Palencia", "tm": "Velilla del Río Carrión", "truchera": "Aguas trucheras", "long_km": 4.5, "lim_superi": "Puente sobre el río en la ctra. P-215 en Velilla del Río Carrión", "lim_inferi": "Presa del embalse de la central térmica de Velilla del Río Carrión", "n_canas": 1, "esp_princ": "Trucha común", "per1_pec_i": "Último sábado de marzo", "per1_pec_f": "31 de agosto", "per2_pec_i": null, "per2_pec_f": null, "truch_cm": 0, "truch_cup_": 0, "cebos": null, "otras_limi": null, "info_tramo": "https://www.pescacastillayleon.es/visor/tramo.html?nid=337730", "lat": 42.81175, "lon": -4.8552, "estacion": "EA134", "estacion_dist_km": 0.5, "pueblo": {"nombre": "Velilla del Río Carrión", "municipio": "Velilla del Río Carrión", "provincia": "Palencia", "lat": 42.82776, "lon": -4.84416, "dist_km": 2.0}}, "geometry": {"type": "MultiLineString", "coordinates": [[[-4.84799, 42.82608], [-4.84899, 42.82455], [-4.84978, 42.82214]], [[-4.8503, 42.81995], [-4.8503, 42.81995]]]}}, {"type": "Feature", "properties": {"codigo": "P-AREC-3", "etiqueta": "AREC-Guardo", "nombr_tram": "Guardo", "rio_mas_a": "Carrión", "categoria": "Agua en Régimen Especial con Extracción Controlada", "modalidad": "Mixto", "provincia": "Palencia", "tm": "Guardo", "truchera": "Aguas trucheras", "long_km": 4.51, "lim_superi": "Presa del embalse de la central térmica de Velilla", "lim_inferi": "Presa de regulación del cauce de derivación hacia Mantinos", "n_canas": 1, "esp_princ": "Trucha común", "per1_pec_i": "Último sábado de marzo", "per1_pec_f": "31 de agosto", "per2_pec_i": "1 de septiembre", "per2_pec_f": "15 de octubre", "truch_cm": 24, "truch_cup_": 2, "cebos": "T/PSM", "otras_limi": "En los días con muerte, una vez alcanzado el cupo de trucha común, la acción de pescar deberá practicarse en la modalidad de pesca sin muerte, según lo establecido en el artículo 37 del Decreto 33/2017, de 9 de noviembre. Tanto en los días con mue", "info_tramo": "https://www.pescacastillayleon.es/visor/tramo.html?nid=337734", "lat": 42.79251, "lon": -4.84878, "estacion": "EA134", "estacion_dist_km": 0.1, "pueblo": {"nombre": "Guardo", "municipio": "Guardo", "provincia": "Palencia", "lat": 42.78925, "lon": -4.84461, "dist_km": 0.5}}, "geometry": {"type": "MultiLineString", "coordinates": [[[-4.85305, 42.81122], [-4.85163, 42.80986], [-4.85009, 42.80917], [-4.84965, 42.8086], [-4.85026, 42.80456], [-4.85134, 42.80208], [-4.84956, 42.79947], [-4.84943, 42.795], [-4.84874, 42.79233], [-4.84954, 42.79048], [-4.84943, 42.78883], [-4.84987, 42.78743], [-4.85164, 42.78579], [-4.85168, 42.78486], [-4.85065, 42.78304], [-4.84683, 42.77898], [-4.84726, 42.77732], [-4.84707, 42.77504], [-4.84759, 42.774]]]}}, {"type": "Feature", "properties": {"codigo": "P-EFIC-11", "etiqueta": "AAL_E-Carrión II", "nombr_tram": "Carrión II", "rio_mas_a": "Carrión", "categoria": "Excepciones fecha de inicio y cierre", "modalidad": "Sin Muerte", "provincia": "Palencia", "tm": "Mantinos", "truchera": "Aguas trucheras", "long_km": 2.7, "lim_superi": "Presa de regulación del cauce de derivación a Mantinos", "lim_inferi": "Puente sobre el río en Mantinos", "n_canas": 1, "esp_princ": "Trucha común", "per1_pec_i": "Último sábado de marzo", "per1_pec_f": "15 de octubre", "per2_pec_i": null, "per2_pec_f": null, "truch_cm": 0, "truch_cup_": 0, "cebos": "PSM", "otras_limi": null, "info_tramo": "https://www.pescacastillayleon.es/visor/tramo.html?nid=337744", "lat": 42.76359, "lon": -4.84682, "estacion": "EA134", "estacion_dist_km": 3.7, "pueblo": {"nombre": "Mantinos", "municipio": "Mantinos", "provincia": "Palencia", "lat": 42.75151, "lon": -4.84193, "dist_km": 1.4}}, "geometry": {"type": "MultiLineString", "coordinates": [[[-4.84759, 42.774], [-4.85071, 42.7706], [-4.85073, 42.76935], [-4.8503, 42.76703], [-4.8472, 42.76484], [-4.84664, 42.76248], [-4.84673, 42.76132], [-4.84477, 42.75889], [-4.84582, 42.75538], [-4.84805, 42.75468], [-4.84963, 42.75351]]]}}, {"type": "Feature", "properties": {"codigo": "P-EDS-1", "etiqueta": "EDS-Carrión", "nombr_tram": "Carrión", "rio_mas_a": "Carrión", "categoria": "Escenario Deportivo Social", "modalidad": "Sin Muerte", "provincia": "Palencia", "tm": "Villalba de Guardo", "truchera": "Aguas trucheras", "long_km": 4.57, "lim_superi": "Puente sobre el río en Mantinos", "lim_inferi": "Puente sobre el río en Villalba de Guardo", "n_canas": 1, "esp_princ": "Trucha común", "per1_pec_i": "Último sábado de marzo", "per1_pec_f": "15 de octubre", "per2_pec_i": null, "per2_pec_f": null, "truch_cm": 0, "truch_cup_": 0, "cebos": "PSM", "otras_limi": null, "info_tramo": "https://www.pescacastillayleon.es/visor/tramo.html?nid=337741", "lat": 42.73729, "lon": -4.83995, "estacion": "EA134", "estacion_dist_km": 6.0, "pueblo": {"nombre": "Mantinos", "municipio": "Mantinos", "provincia": "Palencia", "lat": 42.75151, "lon": -4.84193, "dist_km": 1.6}}, "geometry": {"type": "MultiLineString", "coordinates": [[[-4.84963, 42.75351], [-4.85069, 42.75186], [-4.8471, 42.7474], [-4.84798, 42.74412], [-4.84417, 42.74056], [-4.84407, 42.73908], [-4.84249, 42.73727], [-4.84074, 42.73744], [-4.84025, 42.73722], [-4.83851, 42.73796], [-4.83693, 42.73799], [-4.83378, 42.73621], [-4.83215, 42.73426], [-4.83044, 42.73402], [-4.82902, 42.73306], [-4.82774, 42.73094], [-4.8274, 42.72973], [-4.8245, 42.72584], [-4.82471, 42.72374]]]}}, {"type": "Feature", "properties": {"codigo": "P-EFIC-12", "etiqueta": "AAL_E-Carrión III", "nombr_tram": "Carrión III", "rio_mas_a": "Carrión", "categoria": "Excepciones fecha de inicio y cierre", "modalidad": "Sin Muerte", "provincia": "Palencia", "tm": "Villalba de Guardo", "truchera": "Aguas trucheras", "long_km": 5.43, "lim_superi": "Puente sobre el río en Villalba de Guardo", "lim_inferi": "Puente sobre el río en Fresno del Río", "n_canas": 1, "esp_princ": "Trucha común", "per1_pec_i": "Último sábado de marzo", "per1_pec_f": "15 de octubre", "per2_pec_i": null, "per2_pec_f": null, "truch_cm": 0, "truch_cup_": 0, "cebos": "PSM", "otras_limi": null, "info_tramo": "https://www.pescacastillayleon.es/visor/tramo.html?nid=337745", "lat": 42.70299, "lon": -4.82544, "estacion": "EA023", "estacion_dist_km": 8.4, "pueblo": {"nombre": "Villalba de Guardo", "municipio": "Villalba de Guardo", "provincia": "Palencia", "lat": 42.72345, "lon": -4.82425, "dist_km": 2.3}}, "geometry": {"type": "MultiLineString", "coordinates": [[[-4.82471, 42.72374], [-4.82566, 42.72189], [-4.82529, 42.71975], [-4.82544, 42.71867], [-4.82506, 42.71805], [-4.82348, 42.71799], [-4.82304, 42.71759], [-4.82323, 42.71549], [-4.82128, 42.71118], [-4.82103, 42.7089], [-4.82157, 42.70657], [-4.82146, 42.705], [-4.82204, 42.70401], [-4.82607, 42.70278], [-4.82772, 42.70128], [-4.82727, 42.6982], [-4.82758, 42.69636], [-4.82904, 42.69437], [-4.8298, 42.6914], [-4.82909, 42.68811], [-4.82838, 42.68637], [-4.8284, 42.68503], [-4.8288, 42.68417], [-4.82821, 42.68271], [-4.82758, 42.68205], [-4.82792, 42.68101], [-4.82776, 42.6802]]]}}, {"type": "Feature", "properties": {"codigo": "P-EDS-2", "etiqueta": "EDS-Pino del Río", "nombr_tram": "Pino del Río", "rio_mas_a": "Carrión", "categoria": "Escenario Deportivo Social", "modalidad": "Sin Muerte", "provincia": "Palencia", "tm": "Pino del Río", "truchera": "Aguas trucheras", "long_km": 4.8, "lim_superi": "Puente sobre el río en Fresno del Río", "lim_inferi": "Puente sobre el río en Pino del Río", "n_canas": 1, "esp_princ": "Trucha común", "per1_pec_i": "Último sábado de marzo", "per1_pec_f": "15 de octubre", "per2_pec_i": null, "per2_pec_f": null, "truch_cm": 0, "truch_cup_": 0, "cebos": "PSM", "otras_limi": null, "info_tramo": "https://www.pescacastillayleon.es/visor/tramo.html?nid=337719", "lat": 42.65988, "lon": -4.82456, "estacion": "EA023", "estacion_dist_km": 4.1, "pueblo": {"nombre": "Pino del Río", "municipio": "Pino del Río", "provincia": "Palencia", "lat": 42.64427, "lon": -4.8059, "dist_km": 2.3}}, "geometry": {"type": "MultiLineString", "coordinates": [[[-4.82776, 42.6802], [-4.82759, 42.6782], [-4.82676, 42.67665], [-4.82697, 42.67575], [-4.82641, 42.67504], [-4.82548, 42.67233], [-4.82635, 42.67088], [-4.82655, 42.66958], [-4.82546, 42.66754], [-4.82552, 42.66544], [-4.82514, 42.66482], [-4.82579, 42.66432], [-4.826, 42.66324], [-4.82506, 42.66205], [-4.82533, 42.66101], [-4.82381, 42.65862], [-4.82359, 42.65733], [-4.82442, 42.65673], [-4.82409, 42.65593], [-4.82341, 42.65536], [-4.82337, 42.65407], [-4.82281, 42.65358], [-4.82166, 42.65347], [-4.81955, 42.65198], [-4.81809, 42.65173], [-4.81648, 42.65042], [-4.81657, 42.64939], [-4.81624, 42.64845], [-4.81492, 42.64691], [-4.81482, 42.64552], [-4.81332, 42.64412], [-4.81143, 42.64352]]]}}, {"type": "Feature", "properties": {"codigo": "P-REFUG-10", "etiqueta": "REFUGIO-Río Carrión IV", "nombr_tram": "Río Carrión IV", "rio_mas_a": "Carrión", "categoria": "Refugio de pesca", "modalidad": "Vedado", "provincia": "Palencia", "tm": "Pino del Río", "truchera": "Aguas trucheras", "long_km": 13.9, "lim_superi": "Todos sus afluentes en el tramo comprendido entre el puente sobre el río Carrión en Fresno del Río y la desembocadura del canal de desagüe del salto de Acera de la Vega. Se incluye además dicho canal de desagüe", "lim_inferi": "Todos sus afluentes en el tramo comprendido entre el puente sobre el río Carrión en Fresno del Río y la desembocadura del canal de desagüe del salto de Acera de la Vega. Se incluye además dicho canal de desagüe", "n_canas": 0, "esp_princ": "Trucha común", "per1_pec_i": null, "per1_pec_f": null, "per2_pec_i": null, "per2_pec_f": null, "truch_cm": 0, "truch_cup_": 0, "cebos": null, "otras_limi": null, "info_tramo": "https://www.pescacastillayleon.es/visor/tramo.html?nid=337758", "lat": 42.6544, "lon": -4.81594, "estacion": "EA023", "estacion_dist_km": 3.5, "pueblo": {"nombre": "Pino del Río", "municipio": "Pino del Río", "provincia": "Palencia", "lat": 42.64427, "lon": -4.8059, "dist_km": 1.4}}, "geometry": {"type": "MultiLineString", "coordinates": [[[-4.8075, 42.63928], [-4.80588, 42.63942], [-4.79911, 42.64191], [-4.79605, 42.64532], [-4.79616, 42.64664], [-4.79583, 42.64742], [-4.79379, 42.64877], [-4.7935, 42.64986]], [[-4.81427, 42.65286], [-4.81419, 42.6528]], [[-4.81427, 42.65286], [-4.81391, 42.65169], [-4.81167, 42.64983], [-4.81142, 42.64907], [-4.80997, 42.64733], [-4.80959, 42.64532], [-4.80999, 42.64453], [-4.80937, 42.64363], [-4.80844, 42.64337], [-4.80691, 42.64129], [-4.80679, 42.64044], [-4.80733, 42.6396]], [[-4.82363, 42.65294], [-4.81996, 42.65199]], [[-4.82363, 42.65294], [-4.82347, 42.65259]], [[-4.82461, 42.65309], [-4.82363, 42.65294]], [[-4.82461, 42.65309], [-4.82363, 42.65294]], [[-4.82496, 42.65313], [-4.82461, 42.65309]], [[-4.82496, 42.65313], [-4.82461, 42.65309]], [[-4.82563, 42.65334], [-4.82496, 42.65313]], [[-4.82563, 42.65334], [-4.82496, 42.65313]], [[-4.82589, 42.65347], [-4.82563, 42.65334]], [[-4.82589, 42.65347], [-4.82563, 42.65334]], [[-4.82608, 42.65442], [-4.82589, 42.65347]], [[-4.82608, 42.65442], [-4.82615, 42.65367], [-4.82589, 42.65347]], [[-4.82599, 42.6548], [-4.82608, 42.65442]], [[-4.82599, 42.6548], [-4.82608, 42.65442]], [[-4.82763, 42.6569], [-4.82699, 42.65604], [-4.82588, 42.65536], [-4.82599, 42.6548]], [[-4.82763, 42.6569], [-4.82755, 42.65629], [-4.82629, 42.65548], [-4.82599, 42.6548]], [[-4.82762, 42.65699], [-4.82763, 42.6569]], [[-4.82799, 42.65752], [-4.82763, 42.6569]], [[-4.82799, 42.65752], [-4.82785, 42.6571]], [[-4.82844, 42.65839], [-4.82799, 42.65752]], [[-4.82844, 42.65839], [-4.82799, 42.65752]], [[-4.82848, 42.6589], [-4.82844, 42.65839]], [[-4.82848, 42.6589], [-4.82844, 42.65839]], [[-4.82872, 42.6594], [-4.82848, 42.6589]], [[-4.82872, 42.6594], [-4.82848, 42.6589]], [[-4.82879, 42.65949], [-4.82872, 42.6594]], [[-4.82879, 42.65949], [-4.82872, 42.6594]], [[-4.82886, 42.65956], [-4.82879, 42.65949]], [[-4.82886, 42.65956], [-4.82879, 42.65949]], [[-4.829, 42.6597], [-4.82886, 42.65956]], [[-4.829, 42.6597], [-4.82886, 42.65956]], [[-4.82921, 42.65998], [-4.829, 42.6597]], [[-4.82921, 42.65998], [-4.829, 42.6597]], [[-4.82123, 42.66076], [-4.82121, 42.66008], [-4.82069, 42.65954], [-4.81925, 42.65901], [-4.8186, 42.6584], [-4.81879, 42.65743], [-4.81853, 42.65689], [-4.8165, 42.65586], [-4.81664, 42.65509], [-4.81605, 42.65462], [-4.81562, 42.65332], [-4.81427, 42.65286]], [[-4.82958, 42.66087], [-4.82921, 42.65998]], [[-4.82958, 42.66087], [-4.82921, 42.65998]], [[-4.82982, 42.66126], [-4.82958, 42.66087]], [[-4.82982, 42.66126], [-4.82958, 42.66087]], [[-4.83005, 42.66162], [-4.82982, 42.66126]], [[-4.83005, 42.66162], [-4.82982, 42.66126]], [[-4.83041, 42.66207], [-4.83005, 42.66162]], [[-4.83041, 42.66207], [-4.83005, 42.66162]], [[-4.83065, 42.6625], [-4.83041, 42.66207]], [[-4.83065, 42.6625], [-4.83041, 42.66207]], [[-4.83187, 42.66389], [-4.83065, 42.6625]], [[-4.83187, 42.66389], [-4.83065, 42.6625]], [[-4.83192, 42.66484], [-4.83187, 42.66389]], [[-4.83192, 42.66484], [-4.83187, 42.66389]], [[-4.83199, 42.66517], [-4.83192, 42.66484]], [[-4.83199, 42.66517], [-4.83192, 42.66484]], [[-4.83247, 42.66578], [-4.83199, 42.66517]], [[-4.83247, 42.66578], [-4.83199, 42.66517]], [[-4.81868, 42.66624], [-4.81816, 42.66524], [-4.81806, 42.66385], [-4.81633, 42.6607], [-4.81508, 42.65922], [-4.81571, 42.65821], [-4.81536, 42.6571], [-4.81559, 42.65616], [-4.81454, 42.65436], [-4.81427, 42.65286]], [[-4.83286, 42.66628], [-4.83247, 42.66578]], [[-4.83286, 42.66628], [-4.83247, 42.66578]], [[-4.83293, 42.66635], [-4.83286, 42.66628]], [[-4.83293, 42.66635], [-4.83286, 42.66628]], [[-4.833, 42.6664], [-4.83293, 42.66635]], [[-4.83372, 42.66796], [-4.83366, 42.66715], [-4.83293, 42.66635]], [[-4.85104, 42.69052], [-4.85026, 42.688], [-4.84747, 42.68635], [-4.84692, 42.68409], [-4.84617, 42.68277], [-4.84418, 42.68159], [-4.84342, 42.68056], [-4.84133, 42.67921], [-4.83836, 42.67904], [-4.83662, 42.67847], [-4.83471, 42.67643], [-4.83368, 42.67581], [-4.83372, 42.67418], [-4.83288, 42.67318], [-4.82987, 42.67215], [-4.82581, 42.67233]]]}}, {"type": "Feature", "properties": {"codigo": "P-AREC-4", "etiqueta": "AREC-Celadilla", "nombr_tram": "Celadilla", "rio_mas_a": "Carrión", "categoria": "Agua en Régimen Especial con Extracción Controlada", "modalidad": "Mixto", "provincia": "Palencia", "tm": "Villota del Páramo", "truchera": "Aguas trucheras", "long_km": 5.82, "lim_superi": "Puente sobre el río en Pino del Río", "lim_inferi": "Desembocadura del arroyo del Manadero o Valmentinos, aguas abajo de la localidad de Celadilla del Río", "n_canas": 1, "esp_princ": "Trucha común", "per1_pec_i": "Último sábado de marzo", "per1_pec_f": "31 de agosto", "per2_pec_i": "1 de septiembre", "per2_pec_f": "15 de octubre", "truch_cm": 24, "truch_cup_": 2, "cebos": "T/PSM", "otras_limi": "En los días con muerte, una vez alcanzado el cupo de trucha común, la acción de pescar deberá practicarse en la modalidad de pesca sin muerte, según lo establecido en el artículo 37 del Decreto 33/2017, de 9 de noviembre. Tanto en los días con mue", "info_tramo": "https://www.pescacastillayleon.es/visor/tramo.html?nid=337735", "lat": 42.62017, "lon": -4.8045, "estacion": "EA023", "estacion_dist_km": 0.0, "pueblo": {"nombre": "Acera de la Vega", "municipio": "Villota del Páramo", "provincia": "Palencia", "lat": 42.616, "lon": -4.81717, "dist_km": 1.1}}, "geometry": {"type": "MultiLineString", "coordinates": [[[-4.81143, 42.64352], [-4.81, 42.64216], [-4.80896, 42.64186], [-4.80683, 42.63742], [-4.80664, 42.63496], [-4.806, 42.63394], [-4.80579, 42.63287], [-4.80641, 42.63148], [-4.80279, 42.62773], [-4.80222, 42.62671], [-4.8022, 42.62595], [-4.804, 42.62351], [-4.80396, 42.62208], [-4.80472, 42.62104], [-4.80451, 42.62019], [-4.80268, 42.61753], [-4.80151, 42.61697], [-4.80113, 42.61608], [-4.80122, 42.61523], [-4.80051, 42.61363], [-4.7996, 42.61342], [-4.79934, 42.61302], [-4.79944, 42.61217], [-4.79853, 42.61008], [-4.7981, 42.60781], [-4.79582, 42.6044], [-4.7943, 42.60411], [-4.79405, 42.60376], [-4.79325, 42.6007], [-4.79197, 42.59983], [-4.79149, 42.59761]]]}}, {"type": "Feature", "properties": {"codigo": "P-EFIC-13", "etiqueta": "AAL_E-Carrión IV", "nombr_tram": "Carrión IV", "rio_mas_a": "Carrión", "categoria": "Excepciones fecha de inicio y cierre", "modalidad": "Sin Muerte", "provincia": "Palencia", "tm": "Saldaña", "truchera": "Aguas trucheras", "long_km": 9.23, "lim_superi": "Desembocadura del Arroyo del Manadero o Valmentinos,aguas abajo de la localidad de Celadilla del Rio", "lim_inferi": "Punto situado más al Sur de la parcela 15001 del polígono 103 de Saldaña", "n_canas": 1, "esp_princ": "Trucha común", "per1_pec_i": "Último sábado de marzo", "per1_pec_f": "15 de octubre", "per2_pec_i": null, "per2_pec_f": null, "truch_cm": 0, "truch_cup_": 0, "cebos": "PSM", "otras_limi": null, "info_tramo": "https://www.pescacastillayleon.es/visor/tramo.html?nid=337746", "lat": 42.56283, "lon": -4.77073, "estacion": "EA023", "estacion_dist_km": 1.3, "pueblo": {"nombre": "Valcabadillo", "municipio": "Saldaña", "provincia": "Palencia", "lat": 42.57144, "lon": -4.75887, "dist_km": 1.4}}, "geometry": {"type": "MultiLineString", "coordinates": [[[-4.79149, 42.59761], [-4.78943, 42.59641], [-4.78934, 42.59526], [-4.78985, 42.59475], [-4.78917, 42.59119], [-4.78832, 42.59048], [-4.78722, 42.59011], [-4.78663, 42.58939], [-4.78651, 42.58878], [-4.78571, 42.58802], [-4.78508, 42.586], [-4.78413, 42.58548], [-4.78342, 42.58422], [-4.78186, 42.58259], [-4.78198, 42.58109], [-4.78024, 42.57855], [-4.77636, 42.57542], [-4.77608, 42.57481], [-4.77629, 42.57293], [-4.77742, 42.57057], [-4.77714, 42.57004], [-4.77577, 42.56933], [-4.7755, 42.5688], [-4.77563, 42.56795], [-4.77425, 42.56697], [-4.77402, 42.56621], [-4.77101, 42.56437], [-4.77068, 42.56373], [-4.77075, 42.56246], [-4.76943, 42.56171], [-4.76828, 42.55954], [-4.76632, 42.55819], [-4.76493, 42.55675], [-4.76405, 42.55688], [-4.76344, 42.55566], [-4.76362, 42.55451], [-4.76298, 42.55417], [-4.76259, 42.55314], [-4.76121, 42.55209], [-4.76103, 42.54925], [-4.75955, 42.54843], [-4.75917, 42.54574], [-4.75836, 42.54476], [-4.75837, 42.54341], [-4.75742, 42.54262], [-4.75672, 42.54002], [-4.75577, 42.53958], [-4.75304, 42.54043], [-4.75252, 42.54013], [-4.75271, 42.53962], [-4.75199, 42.53814], [-4.75116, 42.53788], [-4.74932, 42.53522], [-4.7493, 42.53472], [-4.74995, 42.53383], [-4.7494, 42.53261], [-4.75052, 42.53167], [-4.75048, 42.53087]]]}}, {"type": "Feature", "properties": {"codigo": "P-AREC-20", "etiqueta": "AREC-La Vega", "nombr_tram": "La Vega", "rio_mas_a": "Carrión", "categoria": "Agua en Régimen Especial con Extracción Controlada", "modalidad": "Mixto", "provincia": "Palencia", "tm": "Saldaña", "truchera": "Aguas trucheras", "long_km": 2.03, "lim_superi": "Punto situado más al Sur de la parcela 15001 del polígono 103 de Saldaña", "lim_inferi": "Puente sobre el río en Saldaña", "n_canas": 1, "esp_princ": "Trucha común", "per1_pec_i": "Último sábado de marzo", "per1_pec_f": "31 de agosto", "per2_pec_i": "1 de septiembre", "per2_pec_f": "15 de octubre", "truch_cm": 24, "truch_cup_": 2, "cebos": "T/PSM", "otras_limi": "En los días con muerte, una vez alcanzado el cupo de trucha común, la acción de pescar deberá practicarse en la modalidad de pesca sin muerte, según lo establecido en el artículo 37 del Decreto 33/2017, de 9 de noviembre. Tanto en los días con mue", "info_tramo": "https://www.pescacastillayleon.es/visor/tramo.html?nid=337733", "lat": 42.52468, "lon": -4.74321, "estacion": "EA023", "estacion_dist_km": 9.5, "pueblo": {"nombre": "Saldaña", "municipio": "Saldaña", "provincia": "Palencia", "lat": 42.52219, "lon": -4.7361, "dist_km": 0.6}}, "geometry": {"type": "MultiLineString", "coordinates": [[[-4.75048, 42.53087], [-4.74929, 42.53062], [-4.74776, 42.52964], [-4.74773, 42.52841], [-4.74708, 42.52746], [-4.74699, 42.52635], [-4.74305, 42.52461], [-4.7407, 42.52226], [-4.73984, 42.52093], [-4.73954, 42.51952], [-4.73816, 42.51854], [-4.73793, 42.51754], [-4.73722, 42.51704]]]}}, {"type": "Feature", "properties": {"codigo": "P-7", "etiqueta": "COTO-Saldaña", "nombr_tram": "Saldaña", "rio_mas_a": "Carrión", "categoria": "Coto de pesca", "modalidad": "Sin Muerte", "provincia": "Palencia", "tm": "Pedrosa de la Vega", "truchera": "Aguas trucheras", "long_km": 6.97, "lim_superi": "Puente sobre el río en Saldaña", "lim_inferi": "Límite de términos de Gañinas y Moslares de la Vega", "n_canas": 1, "esp_princ": "Trucha común", "per1_pec_i": "Último sábado de marzo", "per1_pec_f": "15 de octubre", "per2_pec_i": null, "per2_pec_f": null, "truch_cm": 0, "truch_cup_": 0, "cebos": "PSM", "otras_limi": "En los días Sin Muerte señalados se permitirá la extracción de ciprínidos conforme a lo indicado en la tabla “Talla y cupo por especies”", "info_tramo": "https://www.pescacastillayleon.es/visor/tramo.html?nid=337720", "lat": 42.49444, "lon": -4.72074, "estacion": "EA023", "estacion_dist_km": 11.3, "pueblo": {"nombre": "Lobera de la Vega", "municipio": "Pedrosa de la Vega", "provincia": "Palencia", "lat": 42.49965, "lon": -4.72893, "dist_km": 0.9}}, "geometry": {"type": "MultiLineString", "coordinates": [[[-4.73717, 42.51701], [-4.73634, 42.51646], [-4.73556, 42.51466], [-4.73377, 42.51369], [-4.73263, 42.51348], [-4.73114, 42.51239], [-4.73031, 42.51236], [-4.7292, 42.51157], [-4.72811, 42.51174], [-4.72759, 42.51152], [-4.72798, 42.51075], [-4.72769, 42.50964], [-4.72651, 42.5082], [-4.72733, 42.50765], [-4.7266, 42.50578], [-4.72447, 42.50385], [-4.72508, 42.50146], [-4.72378, 42.50144], [-4.72271, 42.49996], [-4.72273, 42.49904], [-4.72344, 42.49849], [-4.72301, 42.49769], [-4.723, 42.49731], [-4.72361, 42.4968], [-4.72363, 42.49592], [-4.7233, 42.49531], [-4.72256, 42.49478], [-4.72117, 42.49488], [-4.72068, 42.49439], [-4.71923, 42.49445], [-4.7198, 42.49229], [-4.71931, 42.49164], [-4.7178, 42.49117], [-4.71698, 42.49176], [-4.71615, 42.49181], [-4.71183, 42.48749], [-4.71104, 42.48701], [-4.71, 42.48695], [-4.70872, 42.48539], [-4.7086, 42.48497], [-4.70895, 42.48443], [-4.70802, 42.48287], [-4.7076, 42.48249], [-4.70641, 42.48251], [-4.70474, 42.48011], [-4.7056, 42.47569], [-4.70528, 42.47527], [-4.70429, 42.47509], [-4.70326, 42.47549], [-4.70269, 42.47531], [-4.70247, 42.47493], [-4.70302, 42.47442], [-4.70312, 42.47382]]]}}, {"type": "Feature", "properties": {"codigo": "P-EFIC-14", "etiqueta": "AAL_E-Carrión V", "nombr_tram": "Carrión V", "rio_mas_a": "Carrión", "categoria": "Excepciones fecha de inicio y cierre", "modalidad": "Sin Muerte", "provincia": "Palencia", "tm": "Renedo de la Vega", "truchera": "Aguas trucheras", "long_km": 8.21, "lim_superi": "Límite de términos de Gañinas y Velillas del Duque", "lim_inferi": "Puente sobre el río en la Serna", "n_canas": 1, "esp_princ": "Trucha común", "per1_pec_i": "Último sábado de marzo", "per1_pec_f": "15 de octubre", "per2_pec_i": null, "per2_pec_f": null, "truch_cm": 0, "truch_cup_": 0, "cebos": "PSM", "otras_limi": null, "info_tramo": "https://www.pescacastillayleon.es/visor/tramo.html?nid=337747", "lat": 42.44485, "lon": -4.68406, "estacion": "EA023", "estacion_dist_km": 16.9, "pueblo": {"nombre": "Renedo de la Vega", "municipio": "Renedo de la Vega", "provincia": "Palencia", "lat": 42.45357, "lon": -4.70263, "dist_km": 1.8}}, "geometry": {"type": "MultiLineString", "coordinates": [[[-4.70312, 42.47382], [-4.70278, 42.47316], [-4.70179, 42.47302], [-4.70073, 42.47219], [-4.70171, 42.46995], [-4.70065, 42.46728], [-4.70155, 42.46584], [-4.70021, 42.46433], [-4.69682, 42.46342], [-4.69653, 42.46246], [-4.69562, 42.4614], [-4.69499, 42.46114], [-4.69328, 42.45744], [-4.69153, 42.45566], [-4.69125, 42.45502], [-4.69151, 42.45317], [-4.69062, 42.45103], [-4.68999, 42.45073], [-4.68798, 42.45099], [-4.68651, 42.45021], [-4.68578, 42.44619], [-4.68453, 42.445], [-4.68377, 42.44476], [-4.68295, 42.44504], [-4.68273, 42.44481], [-4.68196, 42.44118], [-4.68143, 42.44084], [-4.68029, 42.44082], [-4.67982, 42.44044], [-4.68054, 42.43828], [-4.68021, 42.43786], [-4.67917, 42.43773], [-4.67895, 42.43719], [-4.6787, 42.43551], [-4.67926, 42.43312], [-4.67903, 42.4322], [-4.67807, 42.43137], [-4.67553, 42.43121], [-4.67598, 42.43052], [-4.67502, 42.42976], [-4.67487, 42.428], [-4.67547, 42.42722], [-4.67476, 42.42577], [-4.67423, 42.42509], [-4.67236, 42.425], [-4.67161, 42.42432], [-4.67161, 42.42206], [-4.67103, 42.42011], [-4.66959, 42.42017], [-4.66839, 42.41677]]]}}, {"type": "Feature", "properties": {"codigo": "P-8", "etiqueta": "COTO-La Serna", "nombr_tram": "La Serna", "rio_mas_a": "Carrión", "categoria": "Coto de pesca", "modalidad": "Mixto", "provincia": "Palencia", "tm": "Nogal de las Huertas", "truchera": "Aguas trucheras", "long_km": 7.4, "lim_superi": "Puente sobre el río en la Serna", "lim_inferi": "Casco urbano de Villanueva de los Nabos", "n_canas": 1, "esp_princ": "Trucha común", "per1_pec_i": "Último sábado de marzo", "per1_pec_f": "31 de agosto", "per2_pec_i": "1 de septiembre", "per2_pec_f": "15 de octubre", "truch_cm": 24, "truch_cup_": 2, "cebos": "PN*", "otras_limi": "En los días con muerte, una vez alcanzado el cupo de trucha común, la acción de pescar deberá practicarse en la modalidad de pesca sin muerte, según lo establecido en el artículo 37 del Decreto 33/2017, de 9 de noviembre. Tanto en los días con mue", "info_tramo": "https://www.pescacastillayleon.es/visor/tramo.html?nid=337721", "lat": 42.3928, "lon": -4.65088, "estacion": "EA040", "estacion_dist_km": 14.5, "pueblo": {"nombre": "Nogal de las Huertas", "municipio": "Nogal de las Huertas", "provincia": "Palencia", "lat": 42.39225, "lon": -4.64188, "dist_km": 0.7}}, "geometry": {"type": "MultiLineString", "coordinates": [[[-4.66839, 42.41677], [-4.66764, 42.4152], [-4.66393, 42.41215], [-4.66274, 42.41009], [-4.66089, 42.4087], [-4.66059, 42.40732], [-4.66105, 42.40682], [-4.66067, 42.40636], [-4.65854, 42.40593], [-4.65873, 42.40535], [-4.65802, 42.40406], [-4.65647, 42.40404], [-4.65547, 42.40367], [-4.65451, 42.40234], [-4.6534, 42.40186], [-4.653, 42.40037], [-4.65247, 42.39968], [-4.6511, 42.39894], [-4.65118, 42.39786], [-4.65297, 42.39714], [-4.65296, 42.39661], [-4.65142, 42.39517], [-4.6495, 42.39504], [-4.65017, 42.39308], [-4.65191, 42.39224], [-4.653, 42.3905], [-4.65294, 42.38985], [-4.65121, 42.3893], [-4.64977, 42.38963], [-4.64865, 42.38849], [-4.64929, 42.38722], [-4.65048, 42.38704], [-4.65142, 42.38538], [-4.65094, 42.38477], [-4.64612, 42.38457], [-4.64575, 42.38423], [-4.64568, 42.38385], [-4.6461, 42.3834], [-4.64569, 42.38251], [-4.64528, 42.38252], [-4.64518, 42.38308], [-4.64484, 42.38321], [-4.64431, 42.38292], [-4.64316, 42.38294], [-4.6428, 42.38264], [-4.64337, 42.3822], [-4.64357, 42.38096], [-4.6432, 42.38045], [-4.64233, 42.38016], [-4.63934, 42.38068], [-4.63781, 42.38001], [-4.63775, 42.37958], [-4.6386, 42.37897], [-4.63935, 42.37909], [-4.64037, 42.37839], [-4.64065, 42.37783], [-4.64053, 42.37749], [-4.63894, 42.37674]]]}}, {"type": "Feature", "properties": {"codigo": "P-9", "etiqueta": "COTO-Carrión", "nombr_tram": "Carrión", "rio_mas_a": "Carrión", "categoria": "Coto de pesca", "modalidad": "Sin Muerte", "provincia": "Palencia", "tm": "Carrión de los Condes", "truchera": "Aguas trucheras", "long_km": 7.24, "lim_superi": "Casco urbano de Villanueva de los Nabos", "lim_inferi": "Puente sobre el río en Carrión de los Condes", "n_canas": 1, "esp_princ": "Trucha común", "per1_pec_i": "Último sábado de marzo", "per1_pec_f": "15 de octubre", "per2_pec_i": null, "per2_pec_f": null, "truch_cm": 0, "truch_cup_": 0, "cebos": "PSM", "otras_limi": "En los días Sin Muerte señalados se permitirá la extracción de ciprínidos conforme a lo indicado en la tabla “Talla y cupo por especies”", "info_tramo": "https://www.pescacastillayleon.es/visor/tramo.html?nid=337722", "lat": 42.36285, "lon": -4.62064, "estacion": "EA040", "estacion_dist_km": 10.1, "pueblo": {"nombre": "Población de Soto", "municipio": "Nogal de las Huertas", "provincia": "Palencia", "lat": 42.38006, "lon": -4.62955, "dist_km": 2.0}}, "geometry": {"type": "MultiLineString", "coordinates": [[[-4.63894, 42.37674], [-4.63889, 42.37455], [-4.63817, 42.37349], [-4.63924, 42.37266], [-4.64091, 42.37246], [-4.64113, 42.37177], [-4.63947, 42.37034], [-4.63784, 42.36972], [-4.63776, 42.36891], [-4.63621, 42.36948], [-4.63624, 42.37043], [-4.63444, 42.37045], [-4.63373, 42.36986], [-4.63377, 42.36909], [-4.63301, 42.36859], [-4.63226, 42.36864], [-4.63147, 42.36951], [-4.63089, 42.36952], [-4.62914, 42.3668], [-4.62941, 42.36598], [-4.62841, 42.36531], [-4.62778, 42.36527], [-4.62665, 42.36662], [-4.62579, 42.36689], [-4.62355, 42.36512], [-4.62123, 42.36477], [-4.62058, 42.3643], [-4.62077, 42.36293], [-4.62036, 42.36268], [-4.61927, 42.36304], [-4.61886, 42.36278], [-4.6185, 42.36206], [-4.61853, 42.36103], [-4.61938, 42.36033], [-4.61954, 42.35977], [-4.61767, 42.35903], [-4.61712, 42.35779], [-4.6159, 42.35777], [-4.61538, 42.35546], [-4.61419, 42.35427], [-4.61303, 42.35416], [-4.61288, 42.35253], [-4.61188, 42.3519], [-4.61186, 42.35109], [-4.61288, 42.35039], [-4.61268, 42.34941], [-4.61098, 42.34836], [-4.61014, 42.3473], [-4.61104, 42.3439], [-4.60985, 42.34263], [-4.61046, 42.34172], [-4.61034, 42.34129], [-4.60918, 42.34122], [-4.60826, 42.34158], [-4.60704, 42.34121], [-4.60655, 42.34019], [-4.60693, 42.33969]]]}}, {"type": "Feature", "properties": {"codigo": "P-EFIC-15", "etiqueta": "AAL_E-Carrión VI", "nombr_tram": "Carrión VI", "rio_mas_a": "Carrión", "categoria": "Excepciones fecha de inicio y cierre", "modalidad": "Sin Muerte", "provincia": "Palencia", "tm": "Villarrabé", "truchera": "Aguas trucheras", "long_km": 118.21, "lim_superi": "Puente sobre el río en Carrión de los Condes", "lim_inferi": "Confluencia con el canal de Castilla en el término municipal de Ribas de Campos", "n_canas": 1, "esp_princ": "Trucha común", "per1_pec_i": "Último sábado de marzo", "per1_pec_f": "15 de octubre", "per2_pec_i": null, "per2_pec_f": null, "truch_cm": 0, "truch_cup_": 0, "cebos": "PSM", "otras_limi": null, "info_tramo": "https://www.pescacastillayleon.es/visor/tramo.html?nid=337748", "lat": 42.16355, "lon": -4.53486, "estacion": "EA040", "estacion_dist_km": 0.0, "pueblo": {"nombre": "Ribas de Campos", "municipio": "Ribas de Campos", "provincia": "Palencia", "lat": 42.15315, "lon": -4.51645, "dist_km": 1.9}}, "geometry": {"type": "MultiLineString", "coordinates": [[[-4.80712, 42.31152], [-4.80708, 42.31079], [-4.80294, 42.30761], [-4.80105, 42.30679], [-4.79603, 42.30514], [-4.79082, 42.30449], [-4.77933, 42.29981], [-4.77276, 42.2993], [-4.76786, 42.29448], [-4.76515, 42.29341], [-4.76227, 42.2925], [-4.75397, 42.29174], [-4.74218, 42.28608], [-4.73511, 42.2841], [-4.72873, 42.28182], [-4.71338, 42.27867], [-4.70645, 42.2759], [-4.70309, 42.27374], [-4.70083, 42.2715], [-4.69457, 42.26969], [-4.69192, 42.2704], [-4.68789, 42.27083], [-4.68201, 42.2687], [-4.6755, 42.26841], [-4.66625, 42.26585], [-4.66324, 42.26548], [-4.64985, 42.26148], [-4.64745, 42.26048], [-4.64637, 42.25968], [-4.64559, 42.25753], [-4.64055, 42.25185], [-4.63916, 42.2514], [-4.63677, 42.25121], [-4.63343, 42.24989], [-4.62963, 42.24934], [-4.6273, 42.2482], [-4.6255, 42.24669], [-4.62368, 42.24581], [-4.61942, 42.24171], [-4.61768, 42.24084], [-4.61604, 42.23942], [-4.61559, 42.23834], [-4.61461, 42.2372], [-4.61123, 42.23676], [-4.60651, 42.23252]], [[-4.67674, 42.32319], [-4.6752, 42.32281], [-4.67499, 42.32175], [-4.67143, 42.32132], [-4.67085, 42.32079], [-4.67021, 42.31943], [-4.66905, 42.31915], [-4.6664, 42.31911], [-4.66466, 42.31967], [-4.66328, 42.32053], [-4.65976, 42.31993], [-4.65853, 42.32055], [-4.65677, 42.32084], [-4.65512, 42.31916], [-4.65275, 42.31787], [-4.6524, 42.31634], [-4.64987, 42.31366], [-4.64782, 42.31204], [-4.64758, 42.31115], [-4.64775, 42.30981], [-4.64714, 42.30932], [-4.64516, 42.30829], [-4.64396, 42.30817], [-4.64252, 42.3072], [-4.64062, 42.30649], [-4.63893, 42.30511], [-4.63478, 42.30348], [-4.62913, 42.30135], [-4.62098, 42.2993]], [[-4.81343, 42.32583], [-4.81287, 42.3249], [-4.81304, 42.32428], [-4.81102, 42.32133], [-4.81047, 42.31965], [-4.80821, 42.31747], [-4.80762, 42.31595], [-4.8078, 42.31369], [-4.80712, 42.31152]], [[-4.60693, 42.33969], [-4.60646, 42.3368], [-4.60543, 42.33476], [-4.60418, 42.33357], [-4.60423, 42.33319], [-4.60559, 42.32978], [-4.6065, 42.32899], [-4.60988, 42.32809], [-4.61039, 42.32753], [-4.61081, 42.32598], [-4.6103, 42.32427], [-4.61069, 42.32366], [-4.61235, 42.32287], [-4.61427, 42.32276], [-4.61463, 42.32163], [-4.61288, 42.32106], [-4.61138, 42.32116], [-4.61085, 42.3207], [-4.61101, 42.32023], [-4.61181, 42.3197], [-4.61083, 42.31744], [-4.61138, 42.31675], [-4.61571, 42.31626], [-4.61798, 42.31468], [-4.61785, 42.31408], [-4.61674, 42.31352], [-4.61532, 42.31216], [-4.61577, 42.31166], [-4.61836, 42.31185], [-4.6189, 42.31159], [-4.61956, 42.31043], [-4.61954, 42.30966], [-4.61781, 42.30676], [-4.61774, 42.3055], [-4.61889, 42.30531], [-4.61996, 42.30636], [-4.62096, 42.30628], [-4.62114, 42.30577], [-4.61895, 42.30304], [-4.61831, 42.30062], [-4.61898, 42.29975], [-4.62025, 42.29979], [-4.62098, 42.2993], [-4.62057, 42.29841], [-4.62062, 42.29448], [-4.62099, 42.29387], [-4.62318, 42.29341], [-4.62367, 42.29303], [-4.62352, 42.29145], [-4.62415, 42.29076], [-4.62417, 42.28998], [-4.6229, 42.28848], [-4.62141, 42.28761], [-4.62148, 42.28575], [-4.62208, 42.28502], [-4.622, 42.28356], [-4.62133, 42.28291], [-4.62025, 42.28307], [-4.61897, 42.28263], [-4.61775, 42.28202], [-4.61699, 42.28108], [-4.61698, 42.28045], [-4.61794, 42.28035], [-4.61835, 42.2796], [-4.61969, 42.2793], [-4.62021, 42.27854], [-4.61953, 42.27735], [-4.61985, 42.27631], [-4.61968, 42.27568], [-4.61768, 42.27454], [-4.61728, 42.27279], [-4.6178, 42.27181], [-4.6176, 42.27141], [-4.61644, 42.27134], [-4.61552, 42.27187], [-4.61389, 42.27149], [-4.61286, 42.26884], [-4.60955, 42.26625], [-4.60865, 42.264], [-4.60661, 42.26291], [-4.60684, 42.26118], [-4.6057, 42.25911], [-4.60311, 42.25883], [-4.60248, 42.25846], [-4.60165, 42.25134], [-4.59972, 42.24832], [-4.59934, 42.2471], [-4.59937, 42.24523], [-4.5988, 42.24401], [-4.5989, 42.24343], [-4.601, 42.24117], [-4.60065, 42.23919], [-4.59977, 42.23795], [-4.59954, 42.23666], [-4.60063, 42.23544], [-4.60312, 42.23477], [-4.60557, 42.2346], [-4.60651, 42.23252], [-4.60633, 42.23198], [-4.60279, 42.23094], [-4.60166, 42.23026], [-4.60148, 42.22955], [-4.60207, 42.22842], [-4.6017, 42.22751], [-4.60031, 42.22722], [-4.59862, 42.22787], [-4.59725, 42.22677], [-4.59727, 42.22617], [-4.59853, 42.22566], [-4.60061, 42.224], [-4.60048, 42.22363], [-4.59857, 42.2228], [-4.59746, 42.22298], [-4.59592, 42.22154], [-4.59565, 42.22023], [-4.59502, 42.21963], [-4.59409, 42.21953], [-4.59339, 42.21905], [-4.59286, 42.21814], [-4.59327, 42.21739], [-4.59395, 42.21698], [-4.59354, 42.21607], [-4.58989, 42.21652], [-4.58894, 42.21691], [-4.58724, 42.21705], [-4.58669, 42.21665], [-4.58747, 42.2155], [-4.58855, 42.21522], [-4.58999, 42.21414], [-4.59035, 42.21345], [-4.59039, 42.21181], [-4.58926, 42.20999], [-4.58887, 42.2098], [-4.58707, 42.21005], [-4.58661, 42.21037], [-4.58709, 42.21106], [-4.58695, 42.2114], [-4.58542, 42.21211], [-4.58345, 42.21179], [-4.58286, 42.2114], [-4.58318, 42.21022], [-4.58456, 42.20865], [-4.58247, 42.20817], [-4.58143, 42.20832], [-4.57923, 42.20982], [-4.57834, 42.20977], [-4.5761, 42.20808], [-4.5753, 42.20686], [-4.57614, 42.20476], [-4.57592, 42.20381], [-4.57422, 42.20346], [-4.5725, 42.20429], [-4.57184, 42.20421], [-4.57018, 42.20263], [-4.56954, 42.1998], [-4.57115, 42.19961], [-4.57164, 42.19928], [-4.57159, 42.19868], [-4.57042, 42.19672], [-4.56893, 42.19574], [-4.56813, 42.1946], [-4.56827, 42.19385], [-4.56776, 42.19355], [-4.56649, 42.19354], [-4.565, 42.19404], [-4.56434, 42.19236], [-4.56362, 42.19148], [-4.563, 42.19129], [-4.56162, 42.19139], [-4.56055, 42.19201], [-4.55988, 42.19133], [-4.55998, 42.19061], [-4.56039, 42.19018], [-4.56, 42.18852], [-4.55802, 42.18794], [-4.55759, 42.18743], [-4.55759, 42.18454], [-4.55795, 42.18333], [-4.55944, 42.18116], [-4.55923, 42.18056], [-4.55868, 42.18019], [-4.55784, 42.18032], [-4.55726, 42.18182], [-4.55492, 42.1824], [-4.55441, 42.18223], [-4.55332, 42.18001], [-4.55191, 42.17934], [-4.54932, 42.17723], [-4.54887, 42.17606], [-4.54938, 42.1749], [-4.54829, 42.17443], [-4.54679, 42.17474], [-4.54655, 42.17442], [-4.54666, 42.17264], [-4.54573, 42.17249], [-4.5456, 42.17318], [-4.54326, 42.17389], [-4.54213, 42.1701], [-4.53997, 42.16841], [-4.53889, 42.16693], [-4.53819, 42.16662], [-4.53707, 42.16466], [-4.5369, 42.1642], [-4.53726, 42.16322], [-4.53706, 42.1628], [-4.5354, 42.16282], [-4.53483, 42.16326], [-4.53489, 42.1638], [-4.53451, 42.16418], [-4.53216, 42.16428]], [[-4.86948, 42.3932], [-4.8686, 42.39286], [-4.86872, 42.39208], [-4.86624, 42.39006], [-4.86511, 42.38724], [-4.8662, 42.38379], [-4.86365, 42.37445], [-4.85753, 42.36879], [-4.8546, 42.36494], [-4.85127, 42.35946], [-4.84506, 42.35372], [-4.83719, 42.34434], [-4.83633, 42.34417], [-4.83442, 42.34214], [-4.83437, 42.341], [-4.83196, 42.338], [-4.8309, 42.33712], [-4.83038, 42.33591], [-4.82788, 42.33575], [-4.82554, 42.33502], [-4.82513, 42.33459], [-4.82178, 42.33347], [-4.81979, 42.33233], [-4.81821, 42.33184], [-4.81788, 42.33068], [-4.81727, 42.33018], [-4.81535, 42.32955], [-4.81479, 42.32744], [-4.81491, 42.32672], [-4.81402, 42.32657], [-4.81343, 42.32583]], [[-4.83737, 42.46242], [-4.8378, 42.46112], [-4.83738, 42.45837], [-4.83771, 42.45497], [-4.83765, 42.45404], [-4.83702, 42.45355], [-4.8371, 42.45004], [-4.83666, 42.44954], [-4.83644, 42.44836], [-4.83523, 42.44665], [-4.83449, 42.44356], [-4.83408, 42.44303], [-4.83446, 42.44146], [-4.83303, 42.43853], [-4.8328, 42.43714], [-4.83236, 42.43664], [-4.83196, 42.43333], [-4.83231, 42.43265], [-4.83179, 42.43185], [-4.83208, 42.43117], [-4.83136, 42.42958], [-4.83189, 42.42699], [-4.83132, 42.42605], [-4.8316, 42.42512], [-4.83101, 42.42382], [-4.83147, 42.42276], [-4.83138, 42.42179], [-4.82642, 42.41291], [-4.82733, 42.40883], [-4.82853, 42.40629], [-4.82829, 42.4057], [-4.82871, 42.40025], [-4.82734, 42.39888], [-4.82714, 42.39498], [-4.82855, 42.39183], [-4.82857, 42.38939], [-4.82757, 42.38777], [-4.82691, 42.38366], [-4.82467, 42.37693], [-4.82022, 42.36913], [-4.81713, 42.35927], [-4.8165, 42.35871], [-4.81659, 42.35795], [-4.81747, 42.35727], [-4.81731, 42.35657], [-4.81839, 42.35607], [-4.81886, 42.35299], [-4.81255, 42.34315], [-4.81222, 42.34176], [-4.81284, 42.33985], [-4.8111, 42.33757], [-4.80911, 42.33365], [-4.81045, 42.32763], [-4.8111, 42.32667], [-4.81343, 42.32583]], [[-4.9177, 42.54845], [-4.91697, 42.54653], [-4.91639, 42.54625], [-4.916, 42.54557], [-4.91611, 42.54397], [-4.91724, 42.54307], [-4.91805, 42.54186], [-4.91923, 42.53836], [-4.91923, 42.53728], [-4.91874, 42.53686], [-4.91925, 42.53581], [-4.92002, 42.53538], [-4.92012, 42.53468], [-4.92074, 42.53468], [-4.91966, 42.53255], [-4.9201, 42.53183], [-4.92031, 42.52962], [-4.9182, 42.52768], [-4.91858, 42.52554], [-4.92047, 42.52335], [-4.91935, 42.52228], [-4.92005, 42.52108], [-4.91921, 42.52042], [-4.91806, 42.51766], [-4.91807, 42.5169], [-4.91767, 42.51644], [-4.91788, 42.51571], [-4.91822, 42.51555], [-4.91798, 42.51001], [-4.91929, 42.50875], [-4.91902, 42.50757], [-4.91808, 42.50679], [-4.91807, 42.50617], [-4.91909, 42.50554], [-4.91888, 42.50475], [-4.91945, 42.50412], [-4.91873, 42.50261], [-4.91935, 42.50085], [-4.9189, 42.49904], [-4.91925, 42.49739], [-4.92049, 42.49569], [-4.9203, 42.4952], [-4.92075, 42.49492], [-4.91994, 42.49395], [-4.92041, 42.49334], [-4.92003, 42.49292], [-4.92045, 42.49151], [-4.91978, 42.49132], [-4.91986, 42.49004], [-4.9194, 42.4898], [-4.92071, 42.48803], [-4.92087, 42.48705], [-4.92157, 42.48697], [-4.92136, 42.48639], [-4.92162, 42.48567], [-4.9209, 42.48388], [-4.92104, 42.48287], [-4.92141, 42.48247], [-4.92106, 42.48136], [-4.92196, 42.47783], [-4.92286, 42.47709], [-4.92258, 42.47643], [-4.92327, 42.47487], [-4.92361, 42.47278], [-4.92412, 42.47223], [-4.92362, 42.47122], [-4.92383, 42.46921], [-4.9244, 42.46834], [-4.92465, 42.46575], [-4.92572, 42.46252], [-4.92478, 42.45959], [-4.92417, 42.45879], [-4.92466, 42.45731], [-4.92546, 42.45651], [-4.92391, 42.45373], [-4.92368, 42.45244], [-4.92369, 42.45188], [-4.92484, 42.44971], [-4.9244, 42.44843], [-4.92418, 42.4458], [-4.925, 42.44463], [-4.92561, 42.44004], [-4.9268, 42.4367], [-4.92701, 42.43494], [-4.92891, 42.43357], [-4.92861, 42.43123], [-4.92918, 42.42998], [-4.92932, 42.42861], [-4.93224, 42.42494], [-4.93201, 42.42311], [-4.93249, 42.42237], [-4.9325, 42.42158], [-4.93135, 42.42027], [-4.93117, 42.41902], [-4.93176, 42.41435], [-4.92921, 42.41224], [-4.92886, 42.41038], [-4.92816, 42.4091], [-4.9265, 42.40854], [-4.92543, 42.40779], [-4.92507, 42.4071], [-4.92339, 42.40666], [-4.9218, 42.40514], [-4.92059, 42.40467], [-4.91997, 42.40386], [-4.91872, 42.40312], [-4.91531, 42.4019], [-4.91325, 42.40024], [-4.91143, 42.39959], [-4.90285, 42.39221], [-4.89606, 42.38849], [-4.89364, 42.38752], [-4.88643, 42.38226], [-4.88202, 42.37765], [-4.87795, 42.37638], [-4.87282, 42.37247], [-4.8677, 42.36338], [-4.86749, 42.3524], [-4.86261, 42.34305], [-4.86274, 42.34076], [-4.86206, 42.33857], [-4.8612, 42.33744], [-4.8597, 42.33657], [-4.85638, 42.33594], [-4.85357, 42.33479], [-4.85165, 42.3319], [-4.84779, 42.32999], [-4.84598, 42.32882], [-4.84539, 42.32808], [-4.8439, 42.3276], [-4.84239, 42.32773], [-4.84095, 42.32739], [-4.83576, 42.32476], [-4.82658, 42.32088], [-4.82385, 42.321], [-4.82096, 42.32023], [-4.81382, 42.31561], [-4.81169, 42.31475], [-4.80986, 42.31247], [-4.80712, 42.31152]]]}}, {"type": "Feature", "properties": {"codigo": "P-AAL-14", "etiqueta": "AAL-Carrión II", "nombr_tram": "Carrión II", "rio_mas_a": "Carrión", "categoria": "Aguas de Acceso Libre", "modalidad": "Mixto", "provincia": "Palencia", "tm": "Dueñas", "truchera": "Aguas no trucheras", "long_km": 48.4, "lim_superi": "Confluencia con el canal de Castilla en el término municipal de Ribas de Campos", "lim_inferi": "Desembocadura en el río Pisuerga", "n_canas": 2, "esp_princ": null, "per1_pec_i": "1 de enero", "per1_pec_f": "31 de diciembre", "per2_pec_i": null, "per2_pec_f": null, "truch_cm": 0, "truch_cup_": 0, "cebos": null, "otras_limi": null, "info_tramo": "https://www.pescacastillayleon.es/visor/tramo.html?nid=338196", "lat": 42.03244, "lon": -4.55996, "estacion": "EA042", "estacion_dist_km": 0.1, "pueblo": {"nombre": "La Verdeguera", "municipio": "Grijota", "provincia": "Palencia", "lat": 42.05858, "lon": -4.56124, "dist_km": 2.9}}, "geometry": {"type": "MultiLineString", "coordinates": [[[-4.53216, 42.16428], [-4.53204, 42.16258], [-4.53373, 42.16055], [-4.53375, 42.15995], [-4.53225, 42.15822], [-4.53208, 42.15773], [-4.53247, 42.15638], [-4.53106, 42.15534], [-4.53041, 42.15546], [-4.52969, 42.15599], [-4.52952, 42.15688], [-4.52997, 42.15822], [-4.52975, 42.15854], [-4.52814, 42.15876], [-4.52662, 42.15812], [-4.52629, 42.15735], [-4.52686, 42.15691], [-4.52422, 42.15451], [-4.52412, 42.15182], [-4.52442, 42.15046], [-4.52358, 42.14876], [-4.52105, 42.14784], [-4.52065, 42.14722], [-4.52086, 42.1463], [-4.52269, 42.14544], [-4.52236, 42.14275], [-4.52275, 42.14157], [-4.52244, 42.1412], [-4.52174, 42.1411], [-4.52029, 42.14166], [-4.51894, 42.14171], [-4.51638, 42.14091], [-4.51586, 42.14023], [-4.51596, 42.13931], [-4.51694, 42.13861], [-4.51658, 42.13792], [-4.51412, 42.13816], [-4.51318, 42.13903], [-4.51176, 42.13936], [-4.50886, 42.139], [-4.50831, 42.13858], [-4.50821, 42.13772], [-4.50973, 42.13684], [-4.51007, 42.13623], [-4.50943, 42.13538], [-4.5087, 42.1353], [-4.50511, 42.13667], [-4.50391, 42.13649], [-4.50363, 42.13623], [-4.50363, 42.13454], [-4.50454, 42.13372], [-4.50402, 42.13313], [-4.50094, 42.13159], [-4.49887, 42.13182], [-4.49697, 42.13314], [-4.49523, 42.13267], [-4.49507, 42.13236], [-4.49582, 42.13143], [-4.49614, 42.13039], [-4.49548, 42.12857], [-4.49498, 42.1286], [-4.49289, 42.13001], [-4.49085, 42.12983], [-4.48984, 42.12933], [-4.48932, 42.12693], [-4.48959, 42.12523], [-4.49026, 42.12434], [-4.49079, 42.12252], [-4.49383, 42.12059], [-4.49956, 42.11527], [-4.50096, 42.1145], [-4.50129, 42.11209], [-4.50224, 42.11133], [-4.50604, 42.10948], [-4.50728, 42.10826], [-4.5094, 42.10806], [-4.51112, 42.10594], [-4.5137, 42.10599], [-4.51395, 42.10536], [-4.5129, 42.10483], [-4.51265, 42.10358], [-4.51276, 42.10059], [-4.51409, 42.09971], [-4.51624, 42.09971], [-4.51677, 42.09919], [-4.51664, 42.09856], [-4.51734, 42.09723], [-4.51666, 42.09285], [-4.51598, 42.09166], [-4.51605, 42.09008], [-4.51765, 42.08937], [-4.51981, 42.08937], [-4.52163, 42.09001], [-4.52172, 42.09058], [-4.52208, 42.09077], [-4.52498, 42.09005], [-4.52659, 42.08813], [-4.52707, 42.08537], [-4.52804, 42.08447], [-4.53415, 42.08452], [-4.53533, 42.08314], [-4.5366, 42.08226], [-4.53756, 42.08196], [-4.54187, 42.08182], [-4.54343, 42.08106], [-4.54644, 42.07826], [-4.54725, 42.07665], [-4.54706, 42.07332], [-4.5456, 42.07182], [-4.5453, 42.06905], [-4.54571, 42.06756], [-4.54748, 42.06546], [-4.54926, 42.0642], [-4.55081, 42.06335], [-4.55399, 42.06239], [-4.55921, 42.05885], [-4.55944, 42.05747], [-4.55863, 42.05413], [-4.5578, 42.05322], [-4.55484, 42.05151], [-4.55473, 42.05054], [-4.55542, 42.04884], [-4.55797, 42.04769], [-4.55832, 42.04622], [-4.55791, 42.04195], [-4.5586, 42.0385], [-4.55844, 42.03699], [-4.55767, 42.0353], [-4.55776, 42.03424], [-4.55861, 42.03303], [-4.56207, 42.03129], [-4.56222, 42.02784], [-4.56115, 42.02654], [-4.55837, 42.0248], [-4.55611, 42.02477], [-4.55471, 42.02431], [-4.54957, 42.02005], [-4.54463, 42.01782], [-4.54379, 42.01473], [-4.54214, 42.01321], [-4.53865, 42.00898], [-4.53753, 42.0086], [-4.5325, 42.00516], [-4.53106, 42.00373], [-4.53083, 42.00135], [-4.53237, 41.99965], [-4.53377, 41.99928], [-4.53493, 41.99818], [-4.53507, 41.99674], [-4.53445, 41.99658], [-4.53257, 41.99507], [-4.53202, 41.99419], [-4.52951, 41.99216], [-4.52812, 41.9891], [-4.52023, 41.98583], [-4.51869, 41.98395], [-4.51937, 41.98302], [-4.52029, 41.98295], [-4.52361, 41.98382], [-4.52453, 41.98187], [-4.52435, 41.97994], [-4.52153, 41.97795], [-4.5195, 41.97729], [-4.5135, 41.97609], [-4.51101, 41.97652], [-4.50998, 41.97594], [-4.50952, 41.9749], [-4.51025, 41.9723], [-4.51084, 41.97138], [-4.51242, 41.97103], [-4.51374, 41.96937], [-4.51816, 41.96725], [-4.51869, 41.96525], [-4.51754, 41.96127], [-4.5199, 41.95894], [-4.51997, 41.95842], [-4.51149, 41.95594], [-4.51099, 41.95552], [-4.51217, 41.95135], [-4.5117, 41.9484], [-4.50981, 41.94443], [-4.50971, 41.94201], [-4.51043, 41.94079], [-4.50926, 41.93969], [-4.50777, 41.93624], [-4.50784, 41.93539], [-4.50899, 41.93393], [-4.50898, 41.93347], [-4.50677, 41.93091], [-4.50652, 41.92957], [-4.50686, 41.92908], [-4.50825, 41.92847], [-4.50943, 41.92845], [-4.5113, 41.92951], [-4.51269, 41.93077], [-4.51396, 41.93082], [-4.51453, 41.93048], [-4.51465, 41.93002], [-4.51508, 41.92989], [-4.5143, 41.92852], [-4.51451, 41.92813], [-4.51573, 41.9278], [-4.5162, 41.92728], [-4.51545, 41.92693], [-4.51496, 41.92638], [-4.51508, 41.92609], [-4.51736, 41.92596], [-4.51818, 41.92533], [-4.51842, 41.92437], [-4.51816, 41.9228], [-4.51765, 41.92176], [-4.5168, 41.92099], [-4.51683, 41.9203], [-4.51838, 41.91926], [-4.52436, 41.91791], [-4.52651, 41.91444], [-4.5264, 41.91159], [-4.52603, 41.91068], [-4.52406, 41.90907], [-4.52304, 41.90862], [-4.52247, 41.90686], [-4.5224, 41.90549], [-4.52277, 41.90257], [-4.52551, 41.90171], [-4.52602, 41.90128], [-4.52759, 41.8983], [-4.52547, 41.89646], [-4.52435, 41.89652], [-4.52469, 41.89741], [-4.52449, 41.89777], [-4.52334, 41.89768], [-4.52296, 41.89721], [-4.52293, 41.89626], [-4.52337, 41.89535], [-4.52625, 41.89354], [-4.52904, 41.89311], [-4.52954, 41.89266], [-4.52954, 41.89185], [-4.52905, 41.89132], [-4.52709, 41.89057], [-4.52622, 41.88871], [-4.52606, 41.88755], [-4.52807, 41.8853]]]}}, {"type": "Feature", "properties": {"codigo": "LE-REFUG-43", "etiqueta": "REFUGIO-Mental", "nombr_tram": "Cea", "rio_mas_a": "Cea", "categoria": "Refugio de pesca", "modalidad": "Vedado", "provincia": "León", "tm": "Prioro", "truchera": "Aguas trucheras", "long_km": 21.39, "lim_superi": "Desde su nacimiento, todo su curso y afluentes", "lim_inferi": "Desembocadura en el río Cea", "n_canas": 0, "esp_princ": "Trucha común", "per1_pec_i": null, "per1_pec_f": null, "per2_pec_i": null, "per2_pec_f": null, "truch_cm": 0, "truch_cup_": 0, "cebos": null, "otras_limi": null, "info_tramo": "https://www.pescacastillayleon.es/visor/tramo.html?nid=337641", "lat": 42.88954, "lon": -5.04031, "estacion": "EA104", "estacion_dist_km": 27.8, "pueblo": {"nombre": "La Red de Valdetuéjar", "municipio": "Valderrueda", "provincia": "León", "lat": 42.87052, "lon": -5.02528, "dist_km": 2.4}}, "geometry": {"type": "MultiLineString", "coordinates": [[[-4.99767, 42.86228], [-4.99809, 42.86294], [-4.99831, 42.86538]], [[-5.00426, 42.86825], [-5.00229, 42.86875], [-4.99906, 42.86812], [-4.99659, 42.86822]], [[-4.99339, 42.86103], [-4.99227, 42.86427], [-4.99013, 42.86665], [-4.99191, 42.86919], [-4.99189, 42.8705]], [[-5.01096, 42.86583], [-5.01091, 42.86708], [-5.00893, 42.86935], [-5.00903, 42.87119]], [[-5.01842, 42.86888], [-5.01562, 42.86899], [-5.00903, 42.87119]], [[-4.98344, 42.87535], [-4.98714, 42.87384], [-4.98894, 42.87192], [-4.99028, 42.87119], [-4.99094, 42.87125], [-4.99189, 42.8705], [-4.99318, 42.87108], [-4.99481, 42.871], [-4.99515, 42.8702], [-4.99614, 42.86942], [-4.99685, 42.86777], [-4.99686, 42.86701], [-4.99831, 42.86538], [-5.00198, 42.86372], [-5.00298, 42.86287]], [[-5.00903, 42.87119], [-5.00833, 42.87421], [-5.00739, 42.87499]], [[-5.01705, 42.8727], [-5.01563, 42.874], [-5.0121, 42.87501], [-5.00945, 42.87543], [-5.00739, 42.87499]], [[-5.00739, 42.87499], [-5.00585, 42.8755], [-5.00286, 42.8753], [-5.00148, 42.87614]], [[-4.98793, 42.8769], [-4.98757, 42.87713]], [[-5.02464, 42.87791], [-5.02092, 42.87956], [-5.0195, 42.87917], [-5.01409, 42.87896], [-5.01216, 42.87989], [-5.01123, 42.88085], [-5.00902, 42.88118]], [[-5.01403, 42.88813], [-5.01335, 42.88711], [-5.01332, 42.88649], [-5.01406, 42.88478]], [[-5.0491, 42.88644], [-5.0481, 42.88764], [-5.04598, 42.88882]], [[-5.04598, 42.88882], [-5.04366, 42.88891], [-5.04007, 42.88959]], [[-5.05129, 42.89102], [-5.04684, 42.8898], [-5.04598, 42.88882]], [[-5.02953, 42.88929], [-5.02969, 42.89016], [-5.03149, 42.89101], [-5.03292, 42.8929], [-5.03264, 42.89339], [-5.03285, 42.89393]], [[-5.03285, 42.89393], [-5.0337, 42.8945], [-5.03504, 42.89639], [-5.03599, 42.89692]], [[-5.03062, 42.89714], [-5.03202, 42.89495], [-5.03264, 42.89466], [-5.03285, 42.89393]], [[-5.0409, 42.89892], [-5.04252, 42.89789], [-5.04285, 42.89713], [-5.0436, 42.89662], [-5.04397, 42.89559], [-5.04564, 42.89388], [-5.04464, 42.89257], [-5.04253, 42.8914], [-5.0409, 42.88986], [-5.03918, 42.88937], [-5.0371, 42.88986], [-5.0346, 42.88929], [-5.03046, 42.88929], [-5.02987, 42.88905], [-5.02958, 42.8893], [-5.02361, 42.88856], [-5.0233, 42.88807], [-5.02151, 42.88742], [-5.02064, 42.88744], [-5.01923, 42.88648], [-5.01888, 42.88573], [-5.01888, 42.88468], [-5.01796, 42.88414], [-5.01601, 42.88396], [-5.01465, 42.88477], [-5.01406, 42.88478], [-5.01133, 42.88276], [-5.01016, 42.88254], [-5.00871, 42.88094], [-5.00844, 42.88017], [-5.00724, 42.87983], [-5.00638, 42.87891], [-5.00591, 42.8788], [-5.00458, 42.87712], [-5.00286, 42.87643], [-4.99934, 42.8755], [-4.99825, 42.87596], [-4.99661, 42.87526], [-4.99537, 42.87525], [-4.99043, 42.87612], [-4.98785, 42.87688], [-4.98713, 42.87751], [-4.9854, 42.87755], [-4.98449, 42.8772], [-4.98427, 42.87619], [-4.98371, 42.87545], [-4.98127, 42.87522], [-4.98022, 42.87451], [-4.97911, 42.87469], [-4.97787, 42.8757], [-4.97654, 42.8762], [-4.97338, 42.87642], [-4.97292, 42.87679], [-4.972, 42.87675], [-4.97209, 42.87603], [-4.97049, 42.87548]]]}}, {"type": "Feature", "properties": {"codigo": "LE-AAL-47", "etiqueta": "AAL-Cea I", "nombr_tram": "Cea I", "rio_mas_a": "Cea", "categoria": "Aguas de Acceso Libre", "modalidad": "Mixto", "provincia": "León", "tm": "Prioro", "truchera": "Aguas trucheras", "long_km": 22.234154, "lim_superi": "Nacimiento", "lim_inferi": "Presa del molino viejo de Carrizal", "n_canas": 1, "esp_princ": null, "per1_pec_i": "Último sábado de marzo", "per1_pec_f": "31 de julio", "per2_pec_i": null, "per2_pec_f": null, "truch_cm": 0, "truch_cup_": 0, "cebos": null, "otras_limi": null, "info_tramo": "https://www.pescacastillayleon.es/visor/tramo.html?nid=338203", "lat": 42.85042, "lon": -4.96509, "estacion": "EA104", "estacion_dist_km": 18.9, "pueblo": {"nombre": "Morgovejo", "municipio": "Valderrueda", "provincia": "León", "lat": 42.84624, "lon": -4.95999, "dist_km": 0.6}}, "geometry": {"type": "MultiLineString", "coordinates": [[[-4.99321, 42.91656], [-4.99179, 42.91675], [-4.98927, 42.918], [-4.98796, 42.91807], [-4.9838, 42.9192], [-4.9811, 42.91866], [-4.97907, 42.91715], [-4.977, 42.91672], [-4.97415, 42.91675], [-4.97383, 42.91651], [-4.97369, 42.9149], [-4.97304, 42.91346], [-4.97199, 42.9132], [-4.97069, 42.91107], [-4.96987, 42.91067], [-4.96914, 42.9096], [-4.9668, 42.90758], [-4.96748, 42.90496], [-4.96659, 42.90285], [-4.96625, 42.90267], [-4.96622, 42.90197], [-4.96558, 42.90166], [-4.96571, 42.90091], [-4.96535, 42.89964], [-4.96595, 42.89883], [-4.96572, 42.89828], [-4.96596, 42.89791], [-4.96589, 42.89633], [-4.96622, 42.89588], [-4.96576, 42.89476], [-4.96645, 42.89392], [-4.96466, 42.89211], [-4.96392, 42.89088], [-4.96363, 42.89034], [-4.96397, 42.8893], [-4.96339, 42.88899], [-4.96326, 42.88833], [-4.96437, 42.88796], [-4.96483, 42.88714], [-4.96492, 42.88554], [-4.96568, 42.88559], [-4.96586, 42.88493], [-4.96643, 42.88451], [-4.96613, 42.8844], [-4.96652, 42.88396], [-4.96592, 42.8838], [-4.96588, 42.88349], [-4.96708, 42.88303], [-4.96733, 42.88248], [-4.96695, 42.88225], [-4.9671, 42.88175], [-4.96807, 42.88143], [-4.96842, 42.88048], [-4.96935, 42.88074], [-4.97021, 42.88], [-4.96913, 42.87968], [-4.9705, 42.87829], [-4.97147, 42.87848], [-4.97198, 42.87807], [-4.97187, 42.8776], [-4.97129, 42.87746], [-4.97138, 42.876], [-4.97062, 42.87557], [-4.97, 42.87463], [-4.96778, 42.8737], [-4.96671, 42.87287], [-4.96971, 42.87071], [-4.97055, 42.86922], [-4.97017, 42.86874], [-4.96643, 42.86765], [-4.96686, 42.86653], [-4.96633, 42.86444], [-4.96685, 42.8627], [-4.96665, 42.86105], [-4.96556, 42.85834], [-4.96694, 42.8548], [-4.96567, 42.85363], [-4.9651, 42.85096], [-4.96523, 42.84991], [-4.96447, 42.84807], [-4.96384, 42.84726], [-4.96207, 42.84665], [-4.96037, 42.8455], [-4.95937, 42.84282], [-4.95721, 42.84203], [-4.95528, 42.84066], [-4.95533, 42.84018], [-4.95636, 42.83894], [-4.95604, 42.83559], [-4.95666, 42.83441], [-4.95639, 42.83287], [-4.95583, 42.83207], [-4.95404, 42.83075], [-4.95347, 42.82979], [-4.95323, 42.82756], [-4.95148, 42.82306], [-4.95159, 42.82278], [-4.95333, 42.8225], [-4.95247, 42.82146], [-4.95234, 42.82058], [-4.95422, 42.81783], [-4.9528, 42.81427], [-4.95112, 42.81234], [-4.95113, 42.81171], [-4.95174, 42.81114], [-4.95167, 42.80781], [-4.95304, 42.80608], [-4.95415, 42.80561], [-4.95479, 42.80397], [-4.95405, 42.80348], [-4.9541, 42.80274], [-4.95346, 42.80227], [-4.95309, 42.80149], [-4.95433, 42.8005], [-4.95631, 42.79973], [-4.9567, 42.79889], [-4.95623, 42.79821], [-4.95539, 42.79797], [-4.95516, 42.79701], [-4.95535, 42.79655], [-4.95602, 42.79605], [-4.95775, 42.7962], [-4.95773, 42.79546], [-4.96064, 42.79376], [-4.96092, 42.79277], [-4.96239, 42.79117], [-4.96376, 42.79074], [-4.96582, 42.78946], [-4.96681, 42.78825], [-4.9671, 42.78651], [-4.9707, 42.78559], [-4.97188, 42.78478], [-4.97829, 42.78482], [-4.98124, 42.78515], [-4.98182, 42.78405], [-4.98328, 42.78331], [-4.98485, 42.78164], [-4.98497, 42.78107], [-4.98438, 42.78091], [-4.98415, 42.78038], [-4.9853, 42.77965], [-4.98679, 42.77982], [-4.98744, 42.77953], [-4.9879, 42.77884]]]}}, {"type": "Feature", "properties": {"codigo": "LE-38", "etiqueta": "COTO-Cea", "nombr_tram": "Cea", "rio_mas_a": "Cea", "categoria": "Coto de pesca", "modalidad": "Mixto", "provincia": "León", "tm": "Valderrueda", "truchera": "Aguas trucheras", "long_km": 6.88, "lim_superi": "Puente de Carrizal", "lim_inferi": "Puente de Vega de Almanza", "n_canas": 1, "esp_princ": "Trucha común", "per1_pec_i": "1 de mayo", "per1_pec_f": "31 de julio", "per2_pec_i": null, "per2_pec_f": null, "truch_cm": 22, "truch_cup_": 2, "cebos": "PN", "otras_limi": "En los días con muerte, una vez alcanzado el cupo de trucha común, la acción de pescar deberá practicarse en la modalidad de pesca sin muerte, según lo establecido en el artículo 37 del Decreto 33/2017, de 9 de noviembre. Tanto en los días con mue", "info_tramo": "https://www.pescacastillayleon.es/visor/tramo.html?nid=337527", "lat": 42.75569, "lon": -5.00205, "estacion": "EA104", "estacion_dist_km": 13.6, "pueblo": {"nombre": "Villamorisca", "municipio": "Valderrueda", "provincia": "León", "lat": 42.75544, "lon": -4.99727, "dist_km": 0.4}}, "geometry": {"type": "MultiLineString", "coordinates": [[[-4.9879, 42.77884], [-4.98765, 42.77757], [-4.98708, 42.77697], [-4.98793, 42.77452], [-4.98806, 42.77327], [-4.98774, 42.77165], [-4.98898, 42.77067], [-4.98905, 42.76975], [-4.99033, 42.76853], [-4.99079, 42.76677], [-4.99274, 42.76428], [-4.9931, 42.76259], [-4.99278, 42.76133], [-4.99289, 42.76026], [-4.99338, 42.75974], [-4.99478, 42.75925], [-4.99789, 42.75924], [-4.99833, 42.75877], [-4.99926, 42.75851], [-5.001, 42.75908], [-5.00195, 42.75869], [-5.00249, 42.75689], [-5.00201, 42.75538], [-5.00247, 42.75474], [-5.00379, 42.75437], [-5.00412, 42.7533], [-5.00413, 42.75255], [-5.00347, 42.75139], [-5.0009, 42.74977], [-5.00077, 42.74935], [-5.00141, 42.74807], [-5.00332, 42.74777], [-5.00418, 42.74725], [-5.00422, 42.74656], [-5.00392, 42.74624], [-5.00298, 42.74598], [-5.00268, 42.74528], [-5.00276, 42.7444], [-5.00386, 42.74344], [-5.00553, 42.74341], [-5.00637, 42.74227], [-5.00883, 42.74065], [-5.0123, 42.73763], [-5.01281, 42.73614], [-5.0124, 42.73552], [-5.0094, 42.73384], [-5.00939, 42.73355]]]}}, {"type": "Feature", "properties": {"codigo": "LE-AAL-226", "etiqueta": "AAL-Cea II", "nombr_tram": "Cea II", "rio_mas_a": "Cea", "categoria": "Aguas de Acceso Libre", "modalidad": "Mixto", "provincia": "León", "tm": "Almanza", "truchera": "Aguas trucheras", "long_km": 13.88, "lim_superi": "Puente de Vega de Almanza", "lim_inferi": "Puente carretera Almanza (LE-232)", "n_canas": 1, "esp_princ": null, "per1_pec_i": "Último sábado de marzo", "per1_pec_f": "31 de julio", "per2_pec_i": null, "per2_pec_f": null, "truch_cm": 0, "truch_cup_": 0, "cebos": null, "otras_limi": null, "info_tramo": "https://www.pescacastillayleon.es/visor/tramo.html?nid=339193", "lat": 42.69592, "lon": -5.0159, "estacion": "EA104", "estacion_dist_km": 5.0, "pueblo": {"nombre": "Mondreganes", "municipio": "Cebanico", "provincia": "León", "lat": 42.69705, "lon": -5.02168, "dist_km": 0.5}}, "geometry": {"type": "MultiLineString", "coordinates": [[[-5.01412, 42.72078], [-5.01497, 42.72052], [-5.01611, 42.72087], [-5.01695, 42.72044], [-5.0179, 42.71845], [-5.01728, 42.71658]], [[-5.02688, 42.67759], [-5.02968, 42.67593], [-5.03009, 42.6755], [-5.03039, 42.67427], [-5.02854, 42.67038], [-5.0276, 42.66944], [-5.02763, 42.66764], [-5.03073, 42.66553], [-5.03333, 42.66553], [-5.03404, 42.66488], [-5.03321, 42.66445], [-5.03123, 42.66225], [-5.03158, 42.66172], [-5.03293, 42.66138], [-5.03393, 42.66073], [-5.03429, 42.65993], [-5.03233, 42.65793], [-5.03051, 42.6581]], [[-5.02681, 42.67762], [-5.02692, 42.67829], [-5.02746, 42.6788], [-5.02943, 42.68002], [-5.02777, 42.68311], [-5.02734, 42.68331]], [[-5.02401, 42.68513], [-5.02468, 42.68405], [-5.02733, 42.68331]], [[-5.01544, 42.70701], [-5.01755, 42.70723], [-5.01825, 42.70686], [-5.01872, 42.7059], [-5.01854, 42.70467], [-5.01731, 42.70488], [-5.01603, 42.70333], [-5.01501, 42.70266], [-5.01394, 42.69986], [-5.01425, 42.69884], [-5.01517, 42.69838], [-5.01622, 42.6987], [-5.01681, 42.69769], [-5.01577, 42.6961], [-5.01804, 42.69443], [-5.01828, 42.69237], [-5.02107, 42.69232], [-5.0222, 42.69305], [-5.02219, 42.69359], [-5.02286, 42.69414], [-5.02463, 42.69476], [-5.0261, 42.69575], [-5.02709, 42.6958], [-5.02767, 42.69524], [-5.0275, 42.69356], [-5.02637, 42.69087], [-5.02862, 42.68966], [-5.02874, 42.68862], [-5.02794, 42.68709], [-5.02842, 42.68695], [-5.02836, 42.68666], [-5.02702, 42.68619], [-5.02466, 42.68678], [-5.0243, 42.68647], [-5.02403, 42.68516]], [[-5.01515, 42.70711], [-5.01543, 42.70702]], [[-5.01548, 42.71145], [-5.01574, 42.71103], [-5.01558, 42.71026], [-5.01483, 42.70922], [-5.01481, 42.70794], [-5.01515, 42.7071]], [[-5.01728, 42.71658], [-5.01627, 42.7152], [-5.01666, 42.71438], [-5.01634, 42.71355], [-5.01486, 42.71288], [-5.01548, 42.71144]], [[-5.01441, 42.72241], [-5.01391, 42.72103], [-5.01414, 42.72076]], [[-5.00939, 42.73355], [-5.00893, 42.73093], [-5.01058, 42.72814], [-5.0124, 42.7275], [-5.01373, 42.72623], [-5.01473, 42.72387], [-5.01445, 42.72176], [-5.01523, 42.7207]], [[-5.0093, 42.73039], [-5.01137, 42.72893], [-5.01189, 42.72795], [-5.01386, 42.72696], [-5.01435, 42.72601], [-5.01388, 42.72543]]]}}, {"type": "Feature", "properties": {"codigo": "LE-AAL-227", "etiqueta": "AAL-Cea III", "nombr_tram": "Cea III", "rio_mas_a": "Cea", "categoria": "Aguas de Acceso Libre", "modalidad": "Mixto", "provincia": "León", "tm": "Almanza", "truchera": "Aguas trucheras", "long_km": 14.9, "lim_superi": "Puente carretera Almanza (LE-232)", "lim_inferi": "Puente de Villamartín de Don Sancho", "n_canas": 1, "esp_princ": null, "per1_pec_i": "Último sábado de marzo", "per1_pec_f": "31 de julio", "per2_pec_i": null, "per2_pec_f": null, "truch_cm": 0, "truch_cup_": 0, "cebos": null, "otras_limi": null, "info_tramo": "https://www.pescacastillayleon.es/visor/tramo.html?nid=339194", "lat": 42.61513, "lon": -5.03446, "estacion": "EA104", "estacion_dist_km": 0.0, "pueblo": {"nombre": "Villaverde de Arcayos", "municipio": "Almanza", "provincia": "León", "lat": 42.60633, "lon": -5.03819, "dist_km": 1.0}}, "geometry": {"type": "MultiLineString", "coordinates": [[[-5.03051, 42.6581], [-5.02838, 42.65758], [-5.02858, 42.65659], [-5.02717, 42.65542], [-5.02735, 42.6552], [-5.02824, 42.65529], [-5.02976, 42.65424], [-5.03002, 42.65198], [-5.02869, 42.65121], [-5.02696, 42.65136], [-5.0256, 42.65104], [-5.0229, 42.6485], [-5.02172, 42.64665], [-5.02187, 42.64604], [-5.02345, 42.64548], [-5.02297, 42.64488], [-5.02267, 42.64359], [-5.0206, 42.64255], [-5.01784, 42.64186], [-5.01809, 42.64115], [-5.01927, 42.64052], [-5.02026, 42.63934], [-5.02251, 42.63856], [-5.02274, 42.63803], [-5.02344, 42.63763], [-5.02356, 42.63705], [-5.02182, 42.63478], [-5.021, 42.63546], [-5.01946, 42.63507], [-5.01812, 42.63409], [-5.01789, 42.63355], [-5.01867, 42.63221], [-5.02287, 42.62935], [-5.02209, 42.6282], [-5.02171, 42.62641], [-5.02107, 42.62551], [-5.0218, 42.62459], [-5.02389, 42.62463], [-5.02464, 42.62363], [-5.0242, 42.62262], [-5.02436, 42.62201], [-5.02567, 42.62163], [-5.0279, 42.62169], [-5.02931, 42.62082], [-5.02942, 42.61976], [-5.03111, 42.61834], [-5.03195, 42.61721], [-5.03339, 42.61649], [-5.03407, 42.61527], [-5.03627, 42.6145], [-5.03722, 42.61468], [-5.04093, 42.61227], [-5.04146, 42.60992], [-5.04032, 42.60756], [-5.04054, 42.60659], [-5.0412, 42.60603], [-5.04186, 42.60433], [-5.0438, 42.60107], [-5.04424, 42.59904], [-5.04723, 42.59646], [-5.04737, 42.59508], [-5.04824, 42.59423], [-5.0478, 42.59298], [-5.04622, 42.59203], [-5.04617, 42.59144], [-5.04695, 42.59041], [-5.04785, 42.5899], [-5.05053, 42.58991], [-5.05166, 42.5894], [-5.05139, 42.58838], [-5.0501, 42.58835], [-5.04875, 42.58754], [-5.04781, 42.58771], [-5.04764, 42.58687], [-5.04596, 42.5855], [-5.04634, 42.5844], [-5.04887, 42.58363], [-5.05154, 42.58127], [-5.05017, 42.58005], [-5.04801, 42.57918], [-5.04815, 42.5783], [-5.04706, 42.57624], [-5.04914, 42.57459], [-5.0507, 42.57459], [-5.05168, 42.57408], [-5.05302, 42.57292], [-5.05382, 42.57176], [-5.05378, 42.57115], [-5.0528, 42.56997], [-5.05146, 42.57018], [-5.04911, 42.56904]]]}}, {"type": "Feature", "properties": {"codigo": "LE-EFIC-13", "etiqueta": "AAL_E-Cea I", "nombr_tram": "Cea I", "rio_mas_a": "Cea", "categoria": "Excepciones fecha de inicio y cierre", "modalidad": "Sin Muerte", "provincia": "León", "tm": "Cea", "truchera": "Aguas trucheras", "long_km": 31.09, "lim_superi": "Puente de Villamartín de Don Sancho", "lim_inferi": "Puente Canto en Sahagún", "n_canas": 1, "esp_princ": "Trucha común", "per1_pec_i": "Último sábado de marzo", "per1_pec_f": "15 de octubre", "per2_pec_i": null, "per2_pec_f": null, "truch_cm": 0, "truch_cup_": 0, "cebos": "PSM", "otras_limi": null, "info_tramo": "https://www.pescacastillayleon.es/visor/tramo.html?nid=337576", "lat": 42.46926, "lon": -5.01572, "estacion": "EA073", "estacion_dist_km": 0.0, "pueblo": {"nombre": "Cea", "municipio": "Cea", "provincia": "León", "lat": 42.46346, "lon": -5.01233, "dist_km": 0.7}}, "geometry": {"type": "MultiLineString", "coordinates": [[[-5.04927, 42.56909], [-5.04663, 42.56774], [-5.04649, 42.56706], [-5.04688, 42.56565], [-5.04635, 42.56462], [-5.04661, 42.56291], [-5.04749, 42.56206], [-5.05034, 42.5606], [-5.05175, 42.55899], [-5.05234, 42.55742], [-5.05171, 42.55577], [-5.05188, 42.55488], [-5.05356, 42.55314], [-5.05324, 42.5493], [-5.05216, 42.54842], [-5.05088, 42.54846], [-5.0466, 42.54765], [-5.04578, 42.5471], [-5.04698, 42.54516], [-5.04618, 42.5446], [-5.04627, 42.54418], [-5.0479, 42.54244], [-5.04945, 42.54134], [-5.04733, 42.53985], [-5.04606, 42.53798], [-5.04636, 42.53691], [-5.04709, 42.53621], [-5.04727, 42.5353], [-5.04682, 42.53383], [-5.04477, 42.53043], [-5.04449, 42.5277], [-5.04481, 42.52641], [-5.04269, 42.52442], [-5.04274, 42.52391], [-5.04342, 42.52321], [-5.04288, 42.52253], [-5.04316, 42.52049], [-5.03937, 42.51758], [-5.03829, 42.51769], [-5.03765, 42.51951], [-5.03669, 42.51948], [-5.03613, 42.51916], [-5.03539, 42.51769], [-5.03486, 42.51728], [-5.03212, 42.51634], [-5.03167, 42.51485], [-5.03236, 42.51355], [-5.03125, 42.51234], [-5.03101, 42.50963], [-5.03, 42.50841], [-5.02756, 42.50803], [-5.02696, 42.50637], [-5.02724, 42.50468], [-5.02496, 42.50273], [-5.02502, 42.50224], [-5.02611, 42.50116], [-5.02723, 42.4993], [-5.02713, 42.49833], [-5.02654, 42.49763], [-5.02478, 42.49712], [-5.02287, 42.49773], [-5.02219, 42.49849], [-5.02055, 42.49932], [-5.0194, 42.49852], [-5.01959, 42.49582], [-5.01802, 42.49445], [-5.01836, 42.49406], [-5.01796, 42.49352], [-5.01682, 42.49296], [-5.01682, 42.49143], [-5.01647, 42.49094], [-5.01673, 42.48824], [-5.01813, 42.48554], [-5.01814, 42.48478], [-5.0177, 42.48427], [-5.01555, 42.48321], [-5.01509, 42.48256], [-5.01741, 42.47941], [-5.01743, 42.47878], [-5.01661, 42.47837], [-5.01629, 42.4761], [-5.01708, 42.47535], [-5.01507, 42.4754], [-5.01449, 42.47512], [-5.01593, 42.47414], [-5.01747, 42.47373], [-5.01899, 42.47263], [-5.01798, 42.4711], [-5.01706, 42.47098], [-5.01579, 42.46998], [-5.01568, 42.46804], [-5.01393, 42.46517], [-5.01445, 42.46416], [-5.01601, 42.46326], [-5.01624, 42.46262], [-5.01593, 42.46063], [-5.01676, 42.45929], [-5.01979, 42.45866], [-5.02233, 42.45984], [-5.02364, 42.4599], [-5.02392, 42.45964], [-5.02355, 42.45903], [-5.0237, 42.45856], [-5.02484, 42.45788], [-5.02602, 42.4578], [-5.02628, 42.45707], [-5.02753, 42.45598], [-5.02884, 42.45562], [-5.02951, 42.45446], [-5.03175, 42.4531], [-5.03156, 42.45198], [-5.03094, 42.4514], [-5.03088, 42.45088], [-5.03178, 42.45008], [-5.0309, 42.4481], [-5.03145, 42.44796], [-5.03101, 42.44708], [-5.03296, 42.44675], [-5.03295, 42.44585], [-5.03378, 42.44534], [-5.0341, 42.4446], [-5.03256, 42.44336], [-5.03349, 42.4427], [-5.03284, 42.44215], [-5.03337, 42.441], [-5.03275, 42.44067], [-5.03512, 42.44039], [-5.03572, 42.43972], [-5.03585, 42.43868], [-5.03451, 42.4377], [-5.03411, 42.43705], [-5.03587, 42.4352], [-5.036, 42.43411], [-5.03569, 42.43351], [-5.03671, 42.43236], [-5.03767, 42.4305], [-5.03736, 42.42982], [-5.03748, 42.42854], [-5.03796, 42.42759], [-5.03904, 42.42681], [-5.03861, 42.42589], [-5.03996, 42.42386], [-5.04029, 42.42248], [-5.04007, 42.42111], [-5.04142, 42.41913], [-5.04107, 42.41851], [-5.03914, 42.41866], [-5.03891, 42.41783], [-5.03951, 42.41679], [-5.03841, 42.41464], [-5.0362, 42.41335], [-5.03638, 42.41275], [-5.03729, 42.4125], [-5.03731, 42.41199], [-5.03686, 42.41044], [-5.03563, 42.4083], [-5.03599, 42.40788], [-5.03799, 42.40715], [-5.03713, 42.40571], [-5.03742, 42.40467], [-5.03877, 42.40507], [-5.03933, 42.40395], [-5.0402, 42.40313], [-5.04063, 42.40096], [-5.03975, 42.39978], [-5.04033, 42.3988], [-5.04107, 42.39862], [-5.04272, 42.399], [-5.04318, 42.39855], [-5.04309, 42.39787], [-5.04248, 42.39738], [-5.04523, 42.39378], [-5.04464, 42.39317], [-5.04345, 42.3927], [-5.04275, 42.39167], [-5.04264, 42.3909], [-5.04391, 42.39032], [-5.04447, 42.38943], [-5.04349, 42.38747], [-5.0435, 42.38687], [-5.04451, 42.38641], [-5.04528, 42.38655], [-5.04579, 42.38578], [-5.04499, 42.38515], [-5.04451, 42.38421], [-5.04322, 42.38349], [-5.04328, 42.38294], [-5.04286, 42.38223], [-5.04292, 42.38156], [-5.04403, 42.3805], [-5.04437, 42.37863], [-5.04407, 42.37792], [-5.04121, 42.37741], [-5.04053, 42.37681], [-5.04068, 42.37611], [-5.0427, 42.37396], [-5.04256, 42.37318], [-5.03896, 42.37173], [-5.03769, 42.37038], [-5.03748, 42.3696], [-5.0364, 42.36878]]]}}, {"type": "Feature", "properties": {"codigo": "LE-AREC-7", "etiqueta": "AREC-Sahagún", "nombr_tram": "Sahagún", "rio_mas_a": "Cea", "categoria": "Agua en Régimen Especial con Extracción Controlada", "modalidad": "Mixto", "provincia": "León", "tm": "Sahagún", "truchera": "Aguas trucheras", "long_km": 5.56, "lim_superi": "Puente Canto en Sahagún", "lim_inferi": "Puente en San Pedro de las Dueñas", "n_canas": 1, "esp_princ": "Trucha común", "per1_pec_i": "Último sábado de marzo", "per1_pec_f": "31 de agosto", "per2_pec_i": "1 de septiembre", "per2_pec_f": "15 de octubre", "truch_cm": 24, "truch_cup_": 2, "cebos": "T/PSM", "otras_limi": "En los días con muerte, una vez alcanzado el cupo de trucha común, la acción de pescar deberá practicarse en la modalidad de pesca sin muerte, según lo establecido en el artículo 37 del Decreto 33/2017, de 9 de noviembre.", "info_tramo": "https://www.pescacastillayleon.es/visor/tramo.html?nid=337563", "lat": 42.3513, "lon": -5.0487, "estacion": "EA073", "estacion_dist_km": 0.2, "pueblo": {"nombre": "San Pedro de las Dueñas", "municipio": "Sahagún", "provincia": "León", "lat": 42.33156, "lon": -5.05002, "dist_km": 2.2}}, "geometry": {"type": "MultiLineString", "coordinates": [[[-5.0364, 42.36878], [-5.03719, 42.3648], [-5.03796, 42.3633], [-5.03938, 42.36192], [-5.03932, 42.3605], [-5.03997, 42.35992], [-5.04054, 42.36012], [-5.04137, 42.35977], [-5.04285, 42.35767], [-5.04436, 42.3566], [-5.04437, 42.35558], [-5.04743, 42.35362], [-5.04662, 42.353], [-5.04713, 42.35206], [-5.04892, 42.35268], [-5.04993, 42.35227], [-5.04916, 42.3513], [-5.04768, 42.35121], [-5.04709, 42.35089], [-5.04699, 42.35008], [-5.04827, 42.3477], [-5.04829, 42.34644], [-5.04972, 42.34584], [-5.05224, 42.34619], [-5.05375, 42.346], [-5.05358, 42.34538], [-5.05468, 42.3438], [-5.05507, 42.34023], [-5.05708, 42.33805], [-5.05706, 42.33537], [-5.05863, 42.33245]]]}}, {"type": "Feature", "properties": {"codigo": "LE-EFIC-14", "etiqueta": "AAL_E-Cea II", "nombr_tram": "Cea II", "rio_mas_a": "Cea", "categoria": "Excepciones fecha de inicio y cierre", "modalidad": "Sin Muerte", "provincia": "León", "tm": "Sahagún", "truchera": "Aguas trucheras", "long_km": 2.94, "lim_superi": "Puente en San Pedro de las Dueñas", "lim_inferi": "Aguas embalsadas del Azud del trasvase Cea-Carrión en Galleguillos", "n_canas": 1, "esp_princ": "Trucha común", "per1_pec_i": "Último sábado de marzo", "per1_pec_f": "15 de octubre", "per2_pec_i": null, "per2_pec_f": null, "truch_cm": 0, "truch_cup_": 0, "cebos": "PSM", "otras_limi": null, "info_tramo": "https://www.pescacastillayleon.es/visor/tramo.html?nid=337577", "lat": 42.32293, "lon": -5.06366, "estacion": "EA073", "estacion_dist_km": 4.6, "pueblo": {"nombre": "San Pedro de las Dueñas", "municipio": "Sahagún", "provincia": "León", "lat": 42.33156, "lon": -5.05002, "dist_km": 1.5}}, "geometry": {"type": "MultiLineString", "coordinates": [[[-5.05863, 42.33245], [-5.05913, 42.32834], [-5.06105, 42.32768], [-5.06234, 42.32645], [-5.06214, 42.32571], [-5.06115, 42.32551], [-5.06099, 42.32392], [-5.06127, 42.32347], [-5.062, 42.32289], [-5.06348, 42.32282], [-5.06407, 42.32379], [-5.06479, 42.324], [-5.06669, 42.32253], [-5.06868, 42.32233], [-5.06996, 42.32179], [-5.07202, 42.31957], [-5.07346, 42.31738], [-5.07373, 42.31566]]]}}, {"type": "Feature", "properties": {"codigo": "LE-AREC-8", "etiqueta": "AREC-Galleguillos", "nombr_tram": "Galleguillos", "rio_mas_a": "Cea", "categoria": "Agua en Régimen Especial con Extracción Controlada", "modalidad": "Mixto", "provincia": "León", "tm": "Sahagún", "truchera": "Aguas trucheras", "long_km": 4.01, "lim_superi": "Límite superior de las aguas embalsadas del trasvase Cea-Carrión en Galleguillos", "lim_inferi": "Límite provincia Valladolid", "n_canas": 1, "esp_princ": "Trucha común", "per1_pec_i": "Último sábado de marzo", "per1_pec_f": "31 de agosto", "per2_pec_i": "1 de septiembre", "per2_pec_f": "15 de octubre", "truch_cm": 24, "truch_cup_": 2, "cebos": "T/PSM", "otras_limi": "En los días con muerte, una vez alcanzado el cupo de trucha común, la acción de pescar deberá practicarse en la modalidad de pesca sin muerte, según lo establecido en el artículo 37 del Decreto 33/2017, de 9 de noviembre.", "info_tramo": "https://www.pescacastillayleon.es/visor/tramo.html?nid=337564", "lat": 42.30017, "lon": -5.07032, "estacion": "EA073", "estacion_dist_km": 6.8, "pueblo": {"nombre": "Galleguillos de Campos", "municipio": "Sahagún", "provincia": "León", "lat": 42.30584, "lon": -5.06732, "dist_km": 0.7}}, "geometry": {"type": "MultiLineString", "coordinates": [[[-5.074, 42.31257], [-5.07373, 42.31566]], [[-5.07373, 42.31379], [-5.07393, 42.31181], [-5.07169, 42.30897], [-5.07094, 42.3059], [-5.06899, 42.30249], [-5.06949, 42.30064], [-5.0713, 42.2993], [-5.06923, 42.29672], [-5.06973, 42.29563], [-5.06929, 42.29453], [-5.06947, 42.29277], [-5.06894, 42.29158], [-5.07496, 42.28904], [-5.07594, 42.28826], [-5.0766, 42.28674]], [[-5.0766, 42.28674], [-5.07657, 42.28625]]]}}, {"type": "Feature", "properties": {"codigo": "VA-EFIC-1", "etiqueta": "AAL_E-Cea", "nombr_tram": "Cea IV", "rio_mas_a": "Cea", "categoria": "Excepciones fecha de inicio y cierre", "modalidad": "Mixto", "provincia": "Valladolid", "tm": "Sahagún", "truchera": "Aguas trucheras", "long_km": 16.58, "lim_superi": "Límite provincia Valladolid", "lim_inferi": "Puente carretera Sahelices de Mayorga (VA-932)", "n_canas": 1, "esp_princ": null, "per1_pec_i": "Tercer sábado de marzo", "per1_pec_f": "15 de octubre", "per2_pec_i": null, "per2_pec_f": null, "truch_cm": 0, "truch_cup_": 0, "cebos": null, "otras_limi": null, "info_tramo": "https://www.pescacastillayleon.es/visor/tramo.html?nid=338904", "lat": 42.2494, "lon": -5.14241, "estacion": "EA073", "estacion_dist_km": 9.8, "pueblo": {"nombre": "Melgar de Abajo", "municipio": "Melgar de Abajo", "provincia": "Valladolid", "lat": 42.24275, "lon": -5.14073, "dist_km": 0.8}}, "geometry": {"type": "MultiLineString", "coordinates": [[[-5.0766, 42.28674], [-5.07663, 42.2858], [-5.07726, 42.28555], [-5.08082, 42.28596], [-5.08257, 42.28559], [-5.08337, 42.28499], [-5.08452, 42.28271], [-5.08299, 42.27978], [-5.08463, 42.27833], [-5.08825, 42.27791], [-5.08985, 42.27842], [-5.09167, 42.27781], [-5.09232, 42.27729], [-5.09257, 42.27557], [-5.09329, 42.27451], [-5.09521, 42.2735], [-5.09814, 42.27258], [-5.09868, 42.2716], [-5.09959, 42.2711], [-5.10328, 42.2714], [-5.1085, 42.26851], [-5.11378, 42.26781], [-5.11888, 42.26755], [-5.11986, 42.26709], [-5.12027, 42.26582], [-5.12204, 42.26446], [-5.1251, 42.26386], [-5.12958, 42.26146], [-5.13222, 42.25779], [-5.13344, 42.25746], [-5.13442, 42.25772], [-5.13626, 42.25752], [-5.14224, 42.25479], [-5.14276, 42.25413], [-5.14294, 42.25281], [-5.1412, 42.25074], [-5.14104, 42.24996], [-5.14256, 42.24933], [-5.14493, 42.24759], [-5.14737, 42.24402], [-5.14871, 42.24363], [-5.15155, 42.24388], [-5.15347, 42.24504], [-5.15506, 42.2451], [-5.17427, 42.24039], [-5.17741, 42.23934], [-5.17907, 42.23802], [-5.18019, 42.23585], [-5.18183, 42.23379], [-5.18332, 42.23276], [-5.18704, 42.23157], [-5.18759, 42.23054], [-5.18741, 42.22894], [-5.1887, 42.22707], [-5.19162, 42.22568], [-5.19536, 42.22552], [-5.19975, 42.22363], [-5.20137, 42.22161], [-5.20014, 42.21711], [-5.20046, 42.21598], [-5.20221, 42.21489], [-5.20684, 42.21452], [-5.208, 42.21413], [-5.20874, 42.2132], [-5.20994, 42.21243], [-5.21034, 42.2102]]]}}, {"type": "Feature", "properties": {"codigo": "VA-AAL-14", "etiqueta": "AAL-Cea V", "nombr_tram": "Cea V", "rio_mas_a": "Cea", "categoria": "Aguas de Acceso Libre", "modalidad": "Mixto", "provincia": "Valladolid", "tm": "Gordoncillo", "truchera": "Aguas no trucheras", "long_km": 21.12, "lim_superi": "Puente carretera Sahelices de Mayorga (VA-932)", "lim_inferi": "Límite provincial Valladolid-León", "n_canas": 2, "esp_princ": null, "per1_pec_i": "1 de enero", "per1_pec_f": "31 de diciembre", "per2_pec_i": null, "per2_pec_f": null, "truch_cm": 0, "truch_cup_": 0, "cebos": null, "otras_limi": null, "info_tramo": "https://www.pescacastillayleon.es/visor/tramo.html?nid=338975", "lat": 42.16413, "lon": -5.28344, "estacion": "EA516", "estacion_dist_km": 8.7, "pueblo": {"nombre": "Mayorga", "municipio": "Mayorga", "provincia": "Valladolid", "lat": 42.16411, "lon": -5.26691, "dist_km": 1.4}}, "geometry": {"type": "MultiLineString", "coordinates": [[[-5.21034, 42.2102], [-5.21078, 42.20923], [-5.21168, 42.20846], [-5.21847, 42.20594], [-5.21992, 42.20381], [-5.21938, 42.20275], [-5.21942, 42.20129], [-5.22031, 42.20049], [-5.22485, 42.19819], [-5.24634, 42.19893], [-5.24786, 42.19847], [-5.25005, 42.19641], [-5.25032, 42.19537], [-5.24955, 42.19482], [-5.24784, 42.19439], [-5.24749, 42.19347], [-5.24813, 42.19264], [-5.25117, 42.1919], [-5.25219, 42.19234], [-5.25279, 42.19196], [-5.25422, 42.18963], [-5.25391, 42.18912], [-5.2543, 42.18641], [-5.25406, 42.18559], [-5.2552, 42.18489], [-5.25439, 42.18423], [-5.25438, 42.18377], [-5.2552, 42.18336], [-5.25683, 42.18347], [-5.26108, 42.181], [-5.26242, 42.17984], [-5.26204, 42.17805], [-5.25973, 42.17609], [-5.25922, 42.17533], [-5.25941, 42.17471], [-5.25985, 42.17447], [-5.26113, 42.17497], [-5.26204, 42.17472], [-5.26249, 42.17421], [-5.2656, 42.17326], [-5.26807, 42.17298], [-5.27025, 42.17074], [-5.27124, 42.17023], [-5.278, 42.16973], [-5.28005, 42.16874], [-5.28086, 42.16775], [-5.28001, 42.16609], [-5.27997, 42.16497], [-5.28145, 42.16414], [-5.28505, 42.16393], [-5.28663, 42.16231], [-5.28734, 42.15948], [-5.28711, 42.15837], [-5.28576, 42.1561], [-5.28622, 42.15492], [-5.28924, 42.15236], [-5.29127, 42.15193], [-5.29398, 42.15223], [-5.29719, 42.15129], [-5.2979, 42.15037], [-5.29854, 42.14724], [-5.29896, 42.14652], [-5.303, 42.14424], [-5.30477, 42.14349], [-5.31033, 42.14251], [-5.31469, 42.1429], [-5.31636, 42.14188], [-5.31757, 42.13962], [-5.31914, 42.13841], [-5.33012, 42.13658], [-5.33091, 42.13675], [-5.33283, 42.13805], [-5.34021, 42.1392], [-5.34214, 42.14024], [-5.34979, 42.1403], [-5.35394, 42.13831], [-5.35667, 42.1376], [-5.35741, 42.13667], [-5.35781, 42.13542], [-5.35915, 42.13423], [-5.36147, 42.13058], [-5.36378, 42.12968], [-5.36833, 42.12677], [-5.3696, 42.12643], [-5.36997, 42.12696], [-5.3716, 42.12688], [-5.37428, 42.12551], [-5.3752, 42.12554]]]}}, {"type": "Feature", "properties": {"codigo": "LE-AAL-31", "etiqueta": "AAL-Cea VI", "nombr_tram": "Cea VI", "rio_mas_a": "Cea", "categoria": "Aguas de Acceso Libre", "modalidad": "Mixto", "provincia": "León", "tm": "Gordoncillo", "truchera": "Aguas no trucheras", "long_km": 15.39, "lim_superi": "Límite provincial Valladolid-León", "lim_inferi": "Límite provincial Valladolid-León", "n_canas": 2, "esp_princ": null, "per1_pec_i": "1 de enero", "per1_pec_f": "31 de diciembre", "per2_pec_i": null, "per2_pec_f": null, "truch_cm": 0, "truch_cup_": 0, "cebos": null, "otras_limi": null, "info_tramo": "https://www.pescacastillayleon.es/visor/tramo.html?nid=338212", "lat": 42.09223, "lon": -5.4285, "estacion": "EA516", "estacion_dist_km": 0.0, "pueblo": {"nombre": "Valderas", "municipio": "Valderas", "provincia": "León", "lat": 42.07868, "lon": -5.44527, "dist_km": 2.0}}, "geometry": {"type": "MultiLineString", "coordinates": [[[-5.3752, 42.12554], [-5.37591, 42.12619], [-5.3773, 42.12638], [-5.37887, 42.12514], [-5.37937, 42.12342], [-5.37871, 42.12247], [-5.3789, 42.1218], [-5.38041, 42.12065], [-5.38064, 42.11929], [-5.38161, 42.11794], [-5.38217, 42.1178], [-5.38298, 42.11826], [-5.38454, 42.11846], [-5.38635, 42.11819], [-5.38671, 42.11853], [-5.38833, 42.11851], [-5.38984, 42.11692], [-5.39026, 42.11528], [-5.39235, 42.11418], [-5.39369, 42.11269], [-5.39469, 42.11271], [-5.39472, 42.11211], [-5.39541, 42.11171], [-5.39569, 42.11114], [-5.3975, 42.11042], [-5.40088, 42.11037], [-5.40292, 42.11094], [-5.40447, 42.11099], [-5.40639, 42.10935], [-5.40668, 42.108], [-5.40627, 42.10737], [-5.40718, 42.10683], [-5.40726, 42.10558], [-5.40824, 42.10507], [-5.40959, 42.10489], [-5.41043, 42.10419], [-5.41217, 42.10421], [-5.41222, 42.10253], [-5.41129, 42.10175], [-5.41194, 42.10048], [-5.41414, 42.10043], [-5.41465, 42.1011], [-5.41456, 42.10152], [-5.41498, 42.10166], [-5.41556, 42.10148], [-5.41628, 42.1004], [-5.41717, 42.09999], [-5.41847, 42.10006], [-5.41915, 42.10094], [-5.4196, 42.10101], [-5.42214, 42.09941], [-5.42303, 42.09785], [-5.42319, 42.09691], [-5.42549, 42.09422], [-5.42634, 42.09353], [-5.42836, 42.09299], [-5.42907, 42.0876], [-5.43041, 42.08614], [-5.43318, 42.08407], [-5.43548, 42.08292], [-5.44039, 42.08293], [-5.44273, 42.08126], [-5.45147, 42.08286], [-5.45379, 42.08282], [-5.45568, 42.08226], [-5.45548, 42.08016], [-5.45576, 42.0798], [-5.45832, 42.07923], [-5.45864, 42.07944], [-5.45826, 42.07986], [-5.4581, 42.08097], [-5.45949, 42.08214], [-5.46043, 42.0823], [-5.46258, 42.08126], [-5.46594, 42.08087], [-5.46804, 42.08214], [-5.46927, 42.0823], [-5.46993, 42.08178], [-5.47107, 42.07821], [-5.47205, 42.07685], [-5.47226, 42.07537], [-5.47316, 42.07487], [-5.47376, 42.07391], [-5.47295, 42.07279], [-5.47339, 42.07214], [-5.47591, 42.0713], [-5.4774, 42.07125], [-5.47785, 42.07064], [-5.48225, 42.0689], [-5.48275, 42.06899], [-5.48417, 42.07077], [-5.48538, 42.0716], [-5.4865, 42.07182], [-5.48826, 42.07102]]]}}, {"type": "Feature", "properties": {"codigo": "VA-AAL-2", "etiqueta": "AAL-Cea VI", "nombr_tram": "Cea VI", "rio_mas_a": "Cea", "categoria": "Aguas de Acceso Libre", "modalidad": "Mixto", "provincia": "Valladolid", "tm": "Valderas", "truchera": "Aguas no trucheras", "long_km": 2.9, "lim_superi": "Límite provincial Valladolid-León", "lim_inferi": "Límite provincial Valladolid-Zamora", "n_canas": 2, "esp_princ": null, "per1_pec_i": "1 de enero", "per1_pec_f": "31 de diciembre", "per2_pec_i": null, "per2_pec_f": null, "truch_cm": 0, "truch_cup_": 0, "cebos": null, "otras_limi": null, "info_tramo": "https://www.pescacastillayleon.es/visor/tramo.html?nid=338214", "lat": 42.06803, "lon": -5.49894, "estacion": "EA516", "estacion_dist_km": 2.4, "pueblo": {"nombre": "San Miguel del Valle", "municipio": "San Miguel del Valle", "provincia": "Zamora", "lat": 42.02889, "lon": -5.49649, "dist_km": 4.4}}, "geometry": {"type": "MultiLineString", "coordinates": [[[-5.48826, 42.07102], [-5.48956, 42.07089], [-5.49143, 42.07136], [-5.49224, 42.07119], [-5.49458, 42.06847], [-5.49507, 42.06693], [-5.49655, 42.0658], [-5.49763, 42.06592], [-5.49811, 42.06786], [-5.49882, 42.06805], [-5.49954, 42.06779], [-5.50231, 42.06507], [-5.50279, 42.06332], [-5.50263, 42.06244], [-5.50313, 42.06144], [-5.50555, 42.0593], [-5.50631, 42.05801], [-5.50761, 42.05743]]]}}, {"type": "Feature", "properties": {"codigo": "ZA-AAL-4", "etiqueta": "AAL-Cea VIII", "nombr_tram": "Cea VIII", "rio_mas_a": "Cea", "categoria": "Aguas de Acceso Libre", "modalidad": "Mixto", "provincia": "Zamora", "tm": "Roales de Campos", "truchera": "Aguas no trucheras", "long_km": 13.97, "lim_superi": "Límite provincial Valladolid-Zamora", "lim_inferi": "Desembocadura en el río Esla", "n_canas": 2, "esp_princ": null, "per1_pec_i": "1 de enero", "per1_pec_f": "31 de diciembre", "per2_pec_i": null, "per2_pec_f": null, "truch_cm": 0, "truch_cup_": 0, "cebos": null, "otras_limi": null, "info_tramo": "https://www.pescacastillayleon.es/visor/tramo.html?nid=338215", "lat": 42.03029, "lon": -5.55481, "estacion": "EA516", "estacion_dist_km": 4.6, "pueblo": {"nombre": "Fuentes de Ropel", "municipio": "Fuentes de Ropel", "provincia": "Zamora", "lat": 42.00302, "lon": -5.54515, "dist_km": 3.1}}, "geometry": {"type": "MultiLineString", "coordinates": [[[-5.50761, 42.05743], [-5.51352, 42.05472], [-5.51547, 42.05468], [-5.5188, 42.05363], [-5.51939, 42.0528], [-5.52002, 42.04982], [-5.52052, 42.04929], [-5.52221, 42.04946], [-5.52377, 42.04842], [-5.5249, 42.04892], [-5.52546, 42.04885], [-5.52631, 42.04668], [-5.52752, 42.04558], [-5.52832, 42.04409], [-5.52832, 42.04182], [-5.52883, 42.04137], [-5.52943, 42.04122], [-5.52983, 42.04149], [-5.53015, 42.04286], [-5.53122, 42.04347], [-5.53318, 42.04342], [-5.53352, 42.04019], [-5.5341, 42.03975], [-5.53536, 42.03974], [-5.53558, 42.03921], [-5.5352, 42.03825], [-5.53641, 42.03813], [-5.53748, 42.03762], [-5.53866, 42.03775], [-5.5394, 42.03725], [-5.53926, 42.0361], [-5.53796, 42.03527], [-5.53836, 42.03476], [-5.54148, 42.03436], [-5.5431, 42.03499], [-5.54381, 42.03611], [-5.54454, 42.03652], [-5.54665, 42.0366], [-5.54848, 42.03549], [-5.54844, 42.03329], [-5.54913, 42.03197], [-5.55049, 42.03158], [-5.55341, 42.03183], [-5.55414, 42.03059], [-5.55708, 42.02945], [-5.55847, 42.0277], [-5.5598, 42.02674], [-5.56069, 42.02693], [-5.56172, 42.02775], [-5.56524, 42.02632], [-5.56632, 42.02509], [-5.56764, 42.02269], [-5.56768, 42.02196], [-5.56822, 42.02154], [-5.56784, 42.02094], [-5.56794, 42.01984], [-5.56747, 42.01868], [-5.56821, 42.01799], [-5.56895, 42.01638], [-5.5704, 42.0162], [-5.57153, 42.01658], [-5.57353, 42.01599], [-5.57545, 42.01644], [-5.57685, 42.016], [-5.57649, 42.01522], [-5.57643, 42.01343], [-5.57911, 42.01132], [-5.57936, 42.00961], [-5.5786, 42.00844], [-5.57893, 42.00782], [-5.58043, 42.00752], [-5.58158, 42.00842], [-5.582, 42.00941], [-5.5835, 42.00968], [-5.58605, 42.00914], [-5.58982, 42.00927], [-5.59361, 42.00846], [-5.59532, 42.0065], [-5.596, 42.00488], [-5.59707, 42.00474], [-5.59888, 42.00341], [-5.60073, 42.00346], [-5.60175, 42.00307], [-5.60225, 42.0007], [-5.60354, 41.99923]]]}}, {"type": "Feature", "properties": {"codigo": "LE-EFIC-54", "etiqueta": "AAL_E-Esla IX", "nombr_tram": "Esla I", "rio_mas_a": "Esla", "categoria": "Excepciones fecha de inicio y cierre", "modalidad": "Mixto", "provincia": "León", "tm": "Acebedo", "truchera": "Aguas trucheras", "long_km": 7.49, "lim_superi": "Nacimiento", "lim_inferi": "Puente de Acebedo", "n_canas": 1, "esp_princ": null, "per1_pec_i": "Último sábado de marzo", "per1_pec_f": "31 de agosto", "per2_pec_i": null, "per2_pec_f": null, "truch_cm": 0, "truch_cup_": 0, "cebos": null, "otras_limi": null, "info_tramo": "https://www.pescacastillayleon.es/visor/tramo.html?nid=338202", "lat": 43.06395, "lon": -5.13628, "estacion": "EA529", "estacion_dist_km": 3.5, "pueblo": {"nombre": "La Uña", "municipio": "Acebedo", "provincia": "León", "lat": 43.06389, "lon": -5.13735, "dist_km": 0.1}}, "geometry": {"type": "MultiLineString", "coordinates": [[[-5.16113, 43.08522], [-5.16051, 43.08405], [-5.16075, 43.08267], [-5.15967, 43.08156], [-5.15802, 43.08109], [-5.15749, 43.08061], [-5.1578, 43.07995], [-5.15573, 43.07688], [-5.15588, 43.07617], [-5.15467, 43.07585], [-5.15411, 43.07473], [-5.15323, 43.0744], [-5.1523, 43.07314], [-5.15016, 43.07318], [-5.14917, 43.07254], [-5.14841, 43.07144], [-5.14717, 43.07082], [-5.14151, 43.07026], [-5.14069, 43.06952], [-5.14068, 43.06869], [-5.13969, 43.06702], [-5.13658, 43.06622], [-5.13708, 43.06511], [-5.13652, 43.06499], [-5.13625, 43.06457], [-5.13612, 43.06118], [-5.13337, 43.06096], [-5.13389, 43.05982], [-5.13305, 43.0588], [-5.13188, 43.05629], [-5.12998, 43.05466], [-5.12982, 43.05384], [-5.12883, 43.05385], [-5.1296, 43.05256], [-5.12953, 43.05217], [-5.12876, 43.05166], [-5.12972, 43.05097], [-5.12883, 43.05035], [-5.12847, 43.04845], [-5.12786, 43.04839], [-5.12576, 43.04716], [-5.12475, 43.04607], [-5.12302, 43.04494], [-5.12261, 43.04495], [-5.12171, 43.04596], [-5.1211, 43.04606], [-5.1207, 43.04548], [-5.11964, 43.04555], [-5.11733, 43.04505], [-5.11585, 43.04388], [-5.11477, 43.04345]]]}}, {"type": "Feature", "properties": {"codigo": "LE-30", "etiqueta": "COTO-Acebedo", "nombr_tram": "Acebedo", "rio_mas_a": "Esla", "categoria": "Coto de pesca", "modalidad": "Sin Muerte", "provincia": "León", "tm": "Burón", "truchera": "Aguas trucheras", "long_km": 6.15, "lim_superi": "Puente de Acebedo", "lim_inferi": "Puente nuevo aguas arriba de Burón", "n_canas": 1, "esp_princ": "Trucha común", "per1_pec_i": "1 de mayo", "per1_pec_f": "31 de agosto", "per2_pec_i": null, "per2_pec_f": null, "truch_cm": 0, "truch_cup_": 0, "cebos": "PN", "otras_limi": "En los días Sin Muerte señalados se permitirá la extracción de ciprínidos conforme a lo indicado en la tabla 'Talla y cupo por especies'", "info_tramo": "https://www.pescacastillayleon.es/visor/tramo.html?nid=337521", "lat": 43.03477, "lon": -5.09163, "estacion": "EA529", "estacion_dist_km": 0.0, "pueblo": {"nombre": "Lario", "municipio": "Burón", "provincia": "León", "lat": 43.04094, "lon": -5.09144, "dist_km": 0.7}}, "geometry": {"type": "MultiLineString", "coordinates": [[[-5.11477, 43.04345], [-5.11345, 43.04233], [-5.11113, 43.04223], [-5.10851, 43.03983], [-5.10879, 43.03787], [-5.108, 43.03628], [-5.10859, 43.0349], [-5.10844, 43.03457], [-5.1058, 43.03449], [-5.10623, 43.0353], [-5.1059, 43.03561], [-5.10212, 43.03629], [-5.10135, 43.03614], [-5.09957, 43.03473], [-5.09784, 43.03469], [-5.097, 43.03412], [-5.09572, 43.03418], [-5.0953, 43.03511], [-5.0948, 43.03531], [-5.09184, 43.03477], [-5.08755, 43.03527], [-5.08708, 43.03484], [-5.08475, 43.0345], [-5.08305, 43.03343], [-5.07923, 43.03234], [-5.07822, 43.0315], [-5.07704, 43.02963], [-5.07676, 43.02845], [-5.07277, 43.02575], [-5.07173, 43.02559], [-5.07112, 43.0259], [-5.07093, 43.02686], [-5.07048, 43.02715], [-5.06621, 43.02655], [-5.0643, 43.0272], [-5.06265, 43.02617]]]}}, {"type": "Feature", "properties": {"codigo": "LE-AREC-4", "etiqueta": "AREC-Embalse de Riaño", "nombr_tram": "Embalse de Riaño", "rio_mas_a": "Esla", "categoria": "Agua en Régimen Especial con Extracción Controlada", "modalidad": "Mixto", "provincia": "León", "tm": "Riaño", "truchera": "Aguas trucheras", "long_km": 91.74, "lim_superi": "Límite superior de las aguas embalsadas de Riaño (cota altitud 1.100 m.s.n.m.)", "lim_inferi": "Límite superior del Vedado", "n_canas": 1, "esp_princ": "Trucha común", "per1_pec_i": "Último sábado de marzo", "per1_pec_f": "31 de agosto", "per2_pec_i": "1 de septiembre", "per2_pec_f": "15 de octubre", "truch_cm": 35, "truch_cup_": 2, "cebos": "T/PSM", "otras_limi": "En los días con muerte, una vez alcanzado el cupo de trucha común, la acción de pescar deberá practicarse en la modalidad de pesca sin muerte, según lo establecido en el artículo 37 del Decreto 33/2017, de 9 de noviembre.", "info_tramo": "https://www.pescacastillayleon.es/visor/tramo.html?nid=337556", "lat": 42.94977, "lon": -5.01802, "estacion": "EA529", "estacion_dist_km": 1.2, "pueblo": {"nombre": "Carande", "municipio": "Riaño", "provincia": "León", "lat": 42.94745, "lon": -5.0178, "dist_km": 0.3}}, "geometry": {"type": "MultiLineString", "coordinates": [[[-5.03426, 43.01618], [-5.03426, 43.01618]]]}}, {"type": "Feature", "properties": {"codigo": "LE-REFUG-10", "etiqueta": "REFUGIO-Embalse de Riaño", "nombr_tram": "Embalse de Riaño", "rio_mas_a": "Esla", "categoria": "Refugio de pesca", "modalidad": "Vedado", "provincia": "León", "tm": "Crémenes", "truchera": "Aguas trucheras", "long_km": 2.1, "lim_superi": "Línea de seguridad (aproximadamente 500 m. al muro de la presa)", "lim_inferi": "Desembocadura del canal de desagüe de la central de la Remolina, incluyendo el canal", "n_canas": 0, "esp_princ": "Trucha común", "per1_pec_i": null, "per1_pec_f": null, "per2_pec_i": null, "per2_pec_f": null, "truch_cm": 0, "truch_cup_": 0, "cebos": null, "otras_limi": null, "info_tramo": "https://www.pescacastillayleon.es/visor/tramo.html?nid=337609", "lat": 42.93445, "lon": -5.08013, "estacion": "EA102", "estacion_dist_km": 1.1, "pueblo": {"nombre": "Las Salas", "municipio": "Crémenes", "provincia": "León", "lat": 42.93539, "lon": -5.10382, "dist_km": 1.9}}, "geometry": {"type": "MultiLineString", "coordinates": [[[-5.0864, 42.92992], [-5.08756, 42.92967], [-5.08664, 42.93069], [-5.08647, 42.93163]], [[-5.08472, 42.93377], [-5.0864, 42.92992]], [[-5.07774, 42.93585], [-5.07972, 42.93464], [-5.08339, 42.93311], [-5.08472, 42.93377]], [[-5.08472, 42.93377], [-5.08576, 42.93381], [-5.08592, 42.9344], [-5.08315, 42.93602], [-5.08266, 42.93717]]]}}, {"type": "Feature", "properties": {"codigo": "LE-EFIC-19", "etiqueta": "AAL_E-Esla I", "nombr_tram": "Esla I", "rio_mas_a": "Esla", "categoria": "Excepciones fecha de inicio y cierre", "modalidad": "Sin Muerte", "provincia": "León", "tm": "Crémenes", "truchera": "Aguas trucheras", "long_km": 15.29, "lim_superi": "Límite inferior del Vedado Remolina", "lim_inferi": "Puente de Verdiago", "n_canas": 1, "esp_princ": "Trucha común", "per1_pec_i": "Último sábado de marzo", "per1_pec_f": "15 de octubre", "per2_pec_i": null, "per2_pec_f": null, "truch_cm": 0, "truch_cup_": 0, "cebos": "PSM", "otras_limi": null, "info_tramo": "https://www.pescacastillayleon.es/visor/tramo.html?nid=337582", "lat": 42.89638, "lon": -5.14871, "estacion": "EA102", "estacion_dist_km": 0.0, "pueblo": {"nombre": "Villayandre", "municipio": "Crémenes", "provincia": "León", "lat": 42.89466, "lon": -5.14658, "dist_km": 0.3}}, "geometry": {"type": "MultiLineString", "coordinates": [[[-5.08756, 42.92967], [-5.09223, 42.92958], [-5.09615, 42.93239], [-5.09841, 42.93333], [-5.1031, 42.93427], [-5.10617, 42.93432], [-5.10681, 42.93398], [-5.10741, 42.93273], [-5.10813, 42.93206], [-5.1094, 42.93145], [-5.11196, 42.9309], [-5.11337, 42.93007], [-5.1136, 42.92956], [-5.11321, 42.9269], [-5.11376, 42.92573], [-5.11497, 42.92469], [-5.11731, 42.92373], [-5.11794, 42.92317], [-5.12071, 42.91733], [-5.12621, 42.9157], [-5.1301, 42.91515], [-5.13229, 42.91398], [-5.13346, 42.91203], [-5.13592, 42.90987], [-5.13628, 42.90899], [-5.14241, 42.90414], [-5.14208, 42.90185], [-5.14273, 42.90053], [-5.14519, 42.89848], [-5.14907, 42.89615], [-5.15355, 42.89406], [-5.15461, 42.89317], [-5.15503, 42.89101], [-5.15559, 42.88987], [-5.15691, 42.88933], [-5.16171, 42.89055], [-5.16245, 42.89047], [-5.16314, 42.889], [-5.16333, 42.88732], [-5.1628, 42.88638], [-5.16173, 42.88571], [-5.16098, 42.88536], [-5.1591, 42.88532], [-5.1567, 42.88617], [-5.15358, 42.88641], [-5.15318, 42.88609], [-5.15268, 42.88471], [-5.15294, 42.8834], [-5.1537, 42.88262], [-5.15823, 42.88191], [-5.15926, 42.8816], [-5.16008, 42.88075], [-5.16093, 42.87826], [-5.16035, 42.87579], [-5.16031, 42.87321], [-5.16117, 42.87224], [-5.162, 42.87055], [-5.1623, 42.86774], [-5.16193, 42.86731], [-5.15756, 42.86535], [-5.15369, 42.86389], [-5.15232, 42.86286], [-5.1433, 42.85965], [-5.14202, 42.85989], [-5.14142, 42.86114], [-5.13997, 42.86188]]]}}, {"type": "Feature", "properties": {"codigo": "LE-AREC-5", "etiqueta": "AREC-Aleje", "nombr_tram": "Aleje", "rio_mas_a": "Esla", "categoria": "Agua en Régimen Especial con Extracción Controlada", "modalidad": "Mixto", "provincia": "León", "tm": "Crémenes", "truchera": "Aguas trucheras", "long_km": 2.509925, "lim_superi": "Puente de Verdiago", "lim_inferi": "Coordenadas: X326219; Y4745875", "n_canas": 1, "esp_princ": "Trucha común", "per1_pec_i": "Último sábado de marzo", "per1_pec_f": "31 de agosto", "per2_pec_i": "1 de septiembre", "per2_pec_f": "15 de octubre", "truch_cm": 24, "truch_cup_": 2, "cebos": "T/PSM", "otras_limi": "En los días con muerte, una vez alcanzado el cupo de trucha común, la acción de pescar deberá practicarse en la modalidad de pesca sin muerte, según lo establecido en el artículo 37 del Decreto 33/2017, de 9 de noviembre.", "info_tramo": "https://www.pescacastillayleon.es/visor/tramo.html?nid=337561", "lat": 42.85576, "lon": -5.13766, "estacion": "EA103", "estacion_dist_km": 1.6, "pueblo": {"nombre": "Verdiago", "municipio": "Crémenes", "provincia": "León", "lat": 42.8632, "lon": -5.13884, "dist_km": 0.8}}, "geometry": {"type": "MultiLineString", "coordinates": [[[-5.13997, 42.86188], [-5.13809, 42.8624], [-5.13602, 42.86255], [-5.13493, 42.86246], [-5.13441, 42.86192], [-5.13468, 42.85955], [-5.13749, 42.85633], [-5.13759, 42.85502], [-5.13582, 42.85388], [-5.13515, 42.8531], [-5.13208, 42.85173], [-5.13014, 42.85002], [-5.12945, 42.84876], [-5.12809, 42.84747]]]}}, {"type": "Feature", "properties": {"codigo": "LE-REFUG-87", "etiqueta": "REFUGIO-Canal de Aguas Bravas de Sabero-Alejico", "nombr_tram": "Canal de Aguas Brabas de Sabero-Alejico", "rio_mas_a": "Esla", "categoria": "Refugio de pesca", "modalidad": "Vedado", "provincia": "León", "tm": "Crémenes", "truchera": "Aguas trucheras", "long_km": 0.245, "lim_superi": "CoordenadaX:326111; Y:4746073", "lim_inferi": "Coordenadas: X326219; Y4745875", "n_canas": 0, "esp_princ": "Trucha común", "per1_pec_i": null, "per1_pec_f": null, "per2_pec_i": null, "per2_pec_f": null, "truch_cm": 0, "truch_cup_": 0, "cebos": null, "otras_limi": "En los días con muerte, una vez alcanzado el cupo de trucha común, la acción de pescar deberá practicarse en la modalidad de pesca sin muerte, según lo establecido en el artículo 37 del Decreto 33/2017, de 9 de noviembre.", "info_tramo": "https://www.pescacastillayleon.es/visor/tramo.html?nid=1014536", "lat": 42.84665, "lon": -5.12732, "estacion": "EA103", "estacion_dist_km": 1.4, "pueblo": {"nombre": "Alejico", "municipio": "Sabero", "provincia": "León", "lat": 42.84817, "lon": -5.12972, "dist_km": 0.3}}, "geometry": {"type": "MultiLineString", "coordinates": [[[-5.12809, 42.84747], [-5.12762, 42.84726], [-5.12671, 42.84571]]]}}, {"type": "Feature", "properties": {"codigo": "LE-AREC-46", "etiqueta": "AREC-Aleje II", "nombr_tram": "Aleje II", "rio_mas_a": "Esla", "categoria": "Agua en Régimen Especial con Extracción Controlada", "modalidad": "Mixto", "provincia": "León", "tm": "Crémenes", "truchera": "Aguas trucheras", "long_km": 2.409853, "lim_superi": "Coordenadas: X326219; Y4745875", "lim_inferi": "Puente de Vegamediana", "n_canas": 1, "esp_princ": "Trucha común", "per1_pec_i": "Último sábado de marzo", "per1_pec_f": "31 de agosto", "per2_pec_i": "1 de septiembre", "per2_pec_f": "15 de octubre", "truch_cm": 24, "truch_cup_": 2, "cebos": "T/PSM", "otras_limi": "En los días con muerte, una vez alcanzado el cupo de trucha común, la acción de pescar deberá practicarse en la modalidad de pesca sin muerte, según lo establecido en el artículo 37 del Decreto 33/2017, de 9 de noviembre.", "info_tramo": "https://www.pescacastillayleon.es/visor/tramo.html?nid=1014535", "lat": 42.8365, "lon": -5.12622, "estacion": "EA103", "estacion_dist_km": 0.0, "pueblo": {"nombre": "Santa Olaja de la Varga", "municipio": "Cistierna", "provincia": "León", "lat": 42.83694, "lon": -5.11779, "dist_km": 0.7}}, "geometry": {"type": "MultiLineString", "coordinates": [[[-5.12671, 42.84571], [-5.12591, 42.84507], [-5.12522, 42.84374], [-5.12357, 42.84184], [-5.12289, 42.84076], [-5.12296, 42.83984], [-5.12513, 42.83813], [-5.12637, 42.83632], [-5.12889, 42.83533], [-5.13194, 42.83188], [-5.13193, 42.83137], [-5.13137, 42.83102], [-5.12753, 42.8292]]]}}, {"type": "Feature", "properties": {"codigo": "LE-EFIC-20", "etiqueta": "AAL_E-Esla II", "nombr_tram": "Esla II", "rio_mas_a": "Esla", "categoria": "Excepciones fecha de inicio y cierre", "modalidad": "Sin Muerte", "provincia": "León", "tm": "Cistierna", "truchera": "Aguas trucheras", "long_km": 6.32, "lim_superi": "Puente de Vegamediana", "lim_inferi": "Puente del Mercadillo", "n_canas": 1, "esp_princ": "Trucha común", "per1_pec_i": "Último sábado de marzo", "per1_pec_f": "15 de octubre", "per2_pec_i": null, "per2_pec_f": null, "truch_cm": 0, "truch_cup_": 0, "cebos": "PSM", "otras_limi": null, "info_tramo": "https://www.pescacastillayleon.es/visor/tramo.html?nid=337584", "lat": 42.80808, "lon": -5.1341, "estacion": "EA103", "estacion_dist_km": 0.6, "pueblo": {"nombre": "Cistierna", "municipio": "Cistierna", "provincia": "León", "lat": 42.80318, "lon": -5.12554, "dist_km": 0.9}}, "geometry": {"type": "MultiLineString", "coordinates": [[[-5.12753, 42.8292], [-5.12506, 42.82735], [-5.12098, 42.82549], [-5.1194, 42.82406], [-5.12136, 42.82195], [-5.12722, 42.81813], [-5.1315, 42.81601], [-5.13291, 42.81383], [-5.13369, 42.81207], [-5.1341, 42.80827], [-5.13411, 42.8058], [-5.13374, 42.80493], [-5.13387, 42.80307], [-5.13346, 42.79983], [-5.13259, 42.79737], [-5.13095, 42.79584], [-5.13052, 42.79348], [-5.13088, 42.79238], [-5.13159, 42.79149], [-5.13437, 42.79009], [-5.13531, 42.78891], [-5.1359, 42.78726], [-5.13852, 42.784], [-5.13918, 42.78239]]]}}, {"type": "Feature", "properties": {"codigo": "LE-REFUG-12", "etiqueta": "REFUGIO-Esla", "nombr_tram": "Esla", "rio_mas_a": "Esla", "categoria": "Refugio de pesca", "modalidad": "Vedado", "provincia": "León", "tm": "Cistierna", "truchera": "Aguas trucheras", "long_km": 0.2, "lim_superi": "Puente del Mercadillo", "lim_inferi": "Desagüe del canal de los Payuelos", "n_canas": 0, "esp_princ": "Trucha común", "per1_pec_i": null, "per1_pec_f": null, "per2_pec_i": null, "per2_pec_f": null, "truch_cm": 0, "truch_cup_": 0, "cebos": null, "otras_limi": null, "info_tramo": "https://www.pescacastillayleon.es/visor/tramo.html?nid=337610", "lat": 42.78153, "lon": -5.13953, "estacion": "EA103", "estacion_dist_km": 5.7, "pueblo": {"nombre": "Sorriba", "municipio": "Cistierna", "provincia": "León", "lat": 42.78563, "lon": -5.12509, "dist_km": 1.3}}, "geometry": {"type": "MultiLineString", "coordinates": [[[-5.13918, 42.78239], [-5.13988, 42.78067]]]}}, {"type": "Feature", "properties": {"codigo": "LE-EFIC-21", "etiqueta": "AAL_E-Esla III", "nombr_tram": "Esla III", "rio_mas_a": "Esla", "categoria": "Excepciones fecha de inicio y cierre", "modalidad": "Sin Muerte", "provincia": "León", "tm": "Cistierna", "truchera": "Aguas trucheras", "long_km": 4.08, "lim_superi": "Desagüe del Canal de los Payuelos", "lim_inferi": "55 metros aguas arriba de la presa de Pesquera", "n_canas": 1, "esp_princ": "Trucha común", "per1_pec_i": "Último sábado de marzo", "per1_pec_f": "15 de octubre", "per2_pec_i": null, "per2_pec_f": null, "truch_cm": 0, "truch_cup_": 0, "cebos": "PSM", "otras_limi": null, "info_tramo": "https://www.pescacastillayleon.es/visor/tramo.html?nid=337585", "lat": 42.76503, "lon": -5.14443, "estacion": "EA103", "estacion_dist_km": 5.9, "pueblo": {"nombre": "Vidanes", "municipio": "Cistierna", "provincia": "León", "lat": 42.76429, "lon": -5.14, "dist_km": 0.4}}, "geometry": {"type": "MultiLineString", "coordinates": [[[-5.13988, 42.78067], [-5.14049, 42.77695], [-5.1405, 42.77412], [-5.13932, 42.77086], [-5.13874, 42.76786], [-5.13937, 42.76703], [-5.14404, 42.76553], [-5.14684, 42.76242], [-5.14786, 42.75966], [-5.14852, 42.75599], [-5.14811, 42.75202], [-5.14909, 42.74748]]]}}, {"type": "Feature", "properties": {"codigo": "LE-35", "etiqueta": "COTO-Pesquera", "nombr_tram": "Pesquera", "rio_mas_a": "Esla", "categoria": "Coto de pesca", "modalidad": "Mixto", "provincia": "León", "tm": "Cubillas de Rueda", "truchera": "Aguas trucheras", "long_km": 6.76, "lim_superi": "Azud de la presa de Pesquera", "lim_inferi": "Línea de alta tensión Navatejera-Guardo", "n_canas": 1, "esp_princ": "Trucha común", "per1_pec_i": "Último sábado de marzo", "per1_pec_f": "31 de agosto", "per2_pec_i": "1 de septiembre", "per2_pec_f": "15 de octubre", "truch_cm": 24, "truch_cup_": 2, "cebos": "PN*", "otras_limi": "En los días con muerte, una vez alcanzado el cupo de trucha común, la acción de pescar deberá practicarse en la modalidad de pesca sin muerte, según lo establecido en el artículo 37 del Decreto 33/2017, de 9 de noviembre. Tanto en los días con mue", "info_tramo": "https://www.pescacastillayleon.es/visor/tramo.html?nid=337524", "lat": 42.72047, "lon": -5.15306, "estacion": "EA103", "estacion_dist_km": 9.7, "pueblo": {"nombre": "Pesquera", "municipio": "Cistierna", "provincia": "León", "lat": 42.73, "lon": -5.15565, "dist_km": 1.1}}, "geometry": {"type": "MultiLineString", "coordinates": [[[-5.14909, 42.74748], [-5.14901, 42.74664], [-5.14988, 42.74413], [-5.15139, 42.74287], [-5.15165, 42.74213], [-5.15149, 42.74131], [-5.14954, 42.74039], [-5.14924, 42.73959], [-5.15074, 42.73551], [-5.15259, 42.73257], [-5.15298, 42.73095], [-5.15262, 42.7299], [-5.15051, 42.72796], [-5.15193, 42.72694], [-5.15163, 42.72351], [-5.15267, 42.72088], [-5.15387, 42.71992], [-5.15622, 42.71926], [-5.15742, 42.7185], [-5.15817, 42.71722], [-5.15836, 42.71555], [-5.15922, 42.71431], [-5.16136, 42.71344], [-5.16316, 42.71314], [-5.16349, 42.7128], [-5.16347, 42.71075], [-5.16381, 42.71032], [-5.16641, 42.70929], [-5.16785, 42.70927], [-5.16924, 42.70854], [-5.17029, 42.70688], [-5.17061, 42.70509], [-5.17151, 42.70302], [-5.17383, 42.70101], [-5.17475, 42.69912], [-5.17471, 42.69826]]]}}, {"type": "Feature", "properties": {"codigo": "LE-EFIC-22", "etiqueta": "AAL_E-Esla IV", "nombr_tram": "Esla IV", "rio_mas_a": "Esla", "categoria": "Excepciones fecha de inicio y cierre", "modalidad": "Sin Muerte", "provincia": "León", "tm": "Cubillas de Rueda", "truchera": "Aguas trucheras", "long_km": 4.25, "lim_superi": "Desagüe fincas de Santibañez de Rueda", "lim_inferi": "Azud de la comunidad de regantes de Villahibiera en Vega de Monasterio", "n_canas": 1, "esp_princ": "Trucha común", "per1_pec_i": "Último sábado de marzo", "per1_pec_f": "15 de octubre", "per2_pec_i": null, "per2_pec_f": null, "truch_cm": 0, "truch_cup_": 0, "cebos": "PSM", "otras_limi": null, "info_tramo": "https://www.pescacastillayleon.es/visor/tramo.html?nid=337586", "lat": 42.68169, "lon": -5.18135, "estacion": "EA103", "estacion_dist_km": 15.5, "pueblo": {"nombre": "Vega de Monasterio", "municipio": "Cubillas de Rueda", "provincia": "León", "lat": 42.67169, "lon": -5.18283, "dist_km": 1.1}}, "geometry": {"type": "MultiLineString", "coordinates": [[[-5.17471, 42.69826], [-5.17472, 42.69758], [-5.17391, 42.69567], [-5.17383, 42.69335], [-5.17457, 42.69161], [-5.17697, 42.68851], [-5.17717, 42.688], [-5.17675, 42.68663], [-5.17709, 42.68585], [-5.18115, 42.68357], [-5.18152, 42.68231], [-5.18133, 42.68129], [-5.18234, 42.68024], [-5.18346, 42.68015], [-5.18545, 42.6808], [-5.18663, 42.68067], [-5.18731, 42.67922], [-5.18678, 42.67852], [-5.18688, 42.67783], [-5.18742, 42.67731], [-5.18911, 42.6767], [-5.1894, 42.67461], [-5.18926, 42.67304], [-5.18742, 42.66813]]]}}, {"type": "Feature", "properties": {"codigo": "LE-36", "etiqueta": "COTO-Gradefes", "nombr_tram": "Gradefes", "rio_mas_a": "Esla", "categoria": "Coto de pesca", "modalidad": "Mixto", "provincia": "León", "tm": "Gradefes", "truchera": "Aguas trucheras", "long_km": 8.75, "lim_superi": "Azud de la comunidad de regantes de Villahibiera en Vega de Monasterio", "lim_inferi": "Puente de Gradefes", "n_canas": 1, "esp_princ": "Trucha común", "per1_pec_i": "Último sábado de marzo", "per1_pec_f": "31 de agosto", "per2_pec_i": "1 de septiembre", "per2_pec_f": "15 de octubre", "truch_cm": 24, "truch_cup_": 2, "cebos": "PN*", "otras_limi": "En los días con muerte, una vez alcanzado el cupo de trucha común, la acción de pescar deberá practicarse en la modalidad de pesca sin muerte, según lo establecido en el artículo 37 del Decreto 33/2017, de 9 de noviembre. Tanto en los días con mue", "info_tramo": "https://www.pescacastillayleon.es/visor/tramo.html?nid=337525", "lat": 42.63948, "lon": -5.19763, "estacion": "EA111", "estacion_dist_km": 17.0, "pueblo": {"nombre": "San Cipriano de Rueda", "municipio": "Cubillas de Rueda", "provincia": "León", "lat": 42.63889, "lon": -5.18816, "dist_km": 0.8}}, "geometry": {"type": "MultiLineString", "coordinates": [[[-5.22268, 42.6212], [-5.22273, 42.62117]], [[-5.20957, 42.6306], [-5.21649, 42.62681], [-5.21826, 42.62627], [-5.21978, 42.62539], [-5.22165, 42.62345], [-5.22268, 42.6212]], [[-5.20199, 42.65427], [-5.20012, 42.65223], [-5.20019, 42.65142], [-5.20137, 42.65081], [-5.20147, 42.65009], [-5.19917, 42.64834], [-5.19886, 42.64698], [-5.19939, 42.64612], [-5.2014, 42.64495], [-5.20202, 42.64392], [-5.19989, 42.6415], [-5.19709, 42.64071], [-5.19834, 42.63829], [-5.19956, 42.63699]], [[-5.1996, 42.63696], [-5.19834, 42.63829], [-5.19709, 42.64071], [-5.19989, 42.6415], [-5.20202, 42.64392], [-5.2014, 42.64495], [-5.19939, 42.64612], [-5.19886, 42.64698], [-5.19886, 42.64756], [-5.19917, 42.64834], [-5.20147, 42.65009], [-5.20137, 42.65081], [-5.20019, 42.65142], [-5.20012, 42.65223], [-5.20267, 42.65496], [-5.20268, 42.65614], [-5.20158, 42.65709], [-5.19828, 42.65732], [-5.19658, 42.65947], [-5.19558, 42.66001], [-5.19406, 42.66028], [-5.19282, 42.66158], [-5.19173, 42.66206], [-5.18747, 42.66767], [-5.18742, 42.66813]]]}}, {"type": "Feature", "properties": {"codigo": "LE-REFUG-73", "etiqueta": "REFUGIO-Esla II (Coto Gradefes)", "nombr_tram": "Esla II (Coto Gradefes)", "rio_mas_a": "Esla", "categoria": "Refugio de pesca", "modalidad": "Vedado", "provincia": "León", "tm": "Cubillas de Rueda", "truchera": "Aguas trucheras", "long_km": 2.71, "lim_superi": "Azud de los antiguos molinos", "lim_inferi": "50 metros aguas abajo del azud de Sahechores de Rueda (canal bajo de los Payuelos). También el balsón del canal, aguas fluyentes del canal de salida de la central hidroeléctrica, y las del desagüe del Canal Alto de Payuelos hasta el balsón.", "n_canas": 0, "esp_princ": "Trucha común", "per1_pec_i": null, "per1_pec_f": null, "per2_pec_i": null, "per2_pec_f": null, "truch_cm": 0, "truch_cup_": 0, "cebos": null, "otras_limi": null, "info_tramo": "https://www.pescacastillayleon.es/visor/tramo.html?nid=337670", "lat": 42.63481, "lon": -5.2014, "estacion": "EA111", "estacion_dist_km": 18.5, "pueblo": {"nombre": "Sahechores", "municipio": "Cubillas de Rueda", "provincia": "León", "lat": 42.62765, "lon": -5.20382, "dist_km": 0.8}}, "geometry": {"type": "MultiLineString", "coordinates": [[[-5.20518, 42.63221], [-5.20295, 42.63277], [-5.20217, 42.63264]], [[-5.19854, 42.63503], [-5.19513, 42.63372], [-5.19242, 42.63425], [-5.19131, 42.63368], [-5.19058, 42.63283], [-5.18808, 42.63174]], [[-5.20231, 42.63479], [-5.19851, 42.63502]], [[-5.1996, 42.63696], [-5.20401, 42.63355], [-5.20521, 42.63222], [-5.20637, 42.6315], [-5.20957, 42.6306]]]}}, {"type": "Feature", "properties": {"codigo": "LE-EFIC-23", "etiqueta": "AAL_E-Esla V", "nombr_tram": "Esla V", "rio_mas_a": "Esla", "categoria": "Excepciones fecha de inicio y cierre", "modalidad": "Sin Muerte", "provincia": "León", "tm": "Valdepolo", "truchera": "Aguas trucheras", "long_km": 4.52, "lim_superi": "Puente de Gradefes", "lim_inferi": "Presa del Molino de Quintana de Rueda", "n_canas": 1, "esp_princ": "Trucha común", "per1_pec_i": "Último sábado de marzo", "per1_pec_f": "15 de octubre", "per2_pec_i": null, "per2_pec_f": null, "truch_cm": 0, "truch_cup_": 0, "cebos": "PSM", "otras_limi": null, "info_tramo": "https://www.pescacastillayleon.es/visor/tramo.html?nid=337587", "lat": 42.60835, "lon": -5.23709, "estacion": "EA111", "estacion_dist_km": 13.1, "pueblo": {"nombre": "Villahibiera", "municipio": "Valdepolo", "provincia": "León", "lat": 42.60412, "lon": -5.22145, "dist_km": 1.4}}, "geometry": {"type": "MultiLineString", "coordinates": [[[-5.22273, 42.62117], [-5.22492, 42.61986], [-5.2265, 42.61961], [-5.22765, 42.6181], [-5.22838, 42.61845], [-5.22893, 42.61831], [-5.22962, 42.61668], [-5.23073, 42.61579], [-5.23047, 42.61515], [-5.23073, 42.61461], [-5.23173, 42.61414], [-5.23359, 42.61406], [-5.23611, 42.61243], [-5.23642, 42.61165], [-5.23526, 42.60944], [-5.23896, 42.6073], [-5.24204, 42.60652], [-5.24499, 42.6048], [-5.24586, 42.60393], [-5.24688, 42.60209], [-5.24695, 42.60107], [-5.24656, 42.59992], [-5.2468, 42.59883], [-5.25452, 42.59501]]]}}, {"type": "Feature", "properties": {"codigo": "LE-37", "etiqueta": "COTO-Quintana de Rueda", "nombr_tram": "Quintana de Rueda", "rio_mas_a": "Esla", "categoria": "Coto de pesca", "modalidad": "Mixto", "provincia": "León", "tm": "Gradefes", "truchera": "Aguas trucheras", "long_km": 7.4, "lim_superi": "Presa del Molino de Quintana de Rueda", "lim_inferi": "Paso del camino de la Aldea del Puente a San Miguel de Escalada", "n_canas": 1, "esp_princ": "Trucha común", "per1_pec_i": "Último sábado de marzo", "per1_pec_f": "31 de agosto", "per2_pec_i": "1 de septiembre", "per2_pec_f": "15 de octubre", "truch_cm": 24, "truch_cup_": 2, "cebos": "PN*", "otras_limi": "En los días con muerte, una vez alcanzado el cupo de trucha común, la acción de pescar deberá practicarse en la modalidad de pesca sin muerte, según lo establecido en el artículo 37 del Decreto 33/2017, de 9 de noviembre. Tanto en los días con mue", "info_tramo": "https://www.pescacastillayleon.es/visor/tramo.html?nid=337526", "lat": 42.58051, "lon": -5.28307, "estacion": "EA111", "estacion_dist_km": 7.6, "pueblo": {"nombre": "Villamondrín de Rueda", "municipio": "Valdepolo", "provincia": "León", "lat": 42.57726, "lon": -5.28223, "dist_km": 0.4}}, "geometry": {"type": "MultiLineString", "coordinates": [[[-5.25452, 42.59501], [-5.25594, 42.59495], [-5.25795, 42.59568], [-5.25918, 42.59538], [-5.26147, 42.59562], [-5.2638, 42.59517], [-5.26667, 42.59525], [-5.26839, 42.59481], [-5.26913, 42.59421], [-5.27113, 42.59413], [-5.27445, 42.59076], [-5.27445, 42.58933], [-5.2737, 42.58884], [-5.27344, 42.58772], [-5.27332, 42.58625], [-5.27393, 42.58509], [-5.27579, 42.58455], [-5.27834, 42.58483], [-5.28118, 42.5842], [-5.28238, 42.58288], [-5.28254, 42.58098], [-5.28433, 42.57992], [-5.28503, 42.58004], [-5.28599, 42.58097], [-5.28691, 42.58121], [-5.28912, 42.58012], [-5.29063, 42.57839], [-5.29079, 42.57724], [-5.29321, 42.57481], [-5.29411, 42.573], [-5.29419, 42.5717], [-5.29324, 42.57089], [-5.29307, 42.57026], [-5.29328, 42.56815], [-5.29413, 42.56718], [-5.29523, 42.56691], [-5.29527, 42.56513], [-5.29581, 42.56437], [-5.29557, 42.56198], [-5.2948, 42.56112], [-5.29487, 42.56032], [-5.29576, 42.55759], [-5.29782, 42.55576]]]}}, {"type": "Feature", "properties": {"codigo": "LE-EFIC-24", "etiqueta": "AAL_E-Esla VI", "nombr_tram": "Esla VI", "rio_mas_a": "Esla", "categoria": "Excepciones fecha de inicio y cierre", "modalidad": "Sin Muerte", "provincia": "León", "tm": "Villasabariego", "truchera": "Aguas trucheras", "long_km": 9.24, "lim_superi": "Paso del camino de la Aldea del Puente a San Miguel de Escalada", "lim_inferi": "Límite inferior del vedado del azud de Villomar", "n_canas": 1, "esp_princ": "Trucha común", "per1_pec_i": "Último sábado de marzo", "per1_pec_f": "15 de octubre", "per2_pec_i": null, "per2_pec_f": null, "truch_cm": 0, "truch_cup_": 0, "cebos": "PSM", "otras_limi": null, "info_tramo": "https://www.pescacastillayleon.es/visor/tramo.html?nid=337588", "lat": 42.53417, "lon": -5.33349, "estacion": "EA111", "estacion_dist_km": 0.3, "pueblo": {"nombre": "Vega de los Árboles", "municipio": "Villasabariego", "provincia": "León", "lat": 42.54385, "lon": -5.32148, "dist_km": 1.5}}, "geometry": {"type": "MultiLineString", "coordinates": [[[-5.29782, 42.55576], [-5.30149, 42.55502], [-5.3037, 42.55409], [-5.30442, 42.55278], [-5.30422, 42.54978], [-5.30607, 42.54739], [-5.3069, 42.54682], [-5.31161, 42.5458], [-5.31339, 42.5451], [-5.31532, 42.54371], [-5.31724, 42.54177], [-5.31968, 42.5408], [-5.32104, 42.53989], [-5.32148, 42.53902], [-5.32144, 42.53714], [-5.32413, 42.53471], [-5.32731, 42.53376], [-5.32721, 42.53306], [-5.32756, 42.53232], [-5.32962, 42.53183], [-5.33118, 42.53211], [-5.33196, 42.53247], [-5.33291, 42.53403], [-5.33452, 42.5346], [-5.33572, 42.53464], [-5.33613, 42.53388], [-5.33574, 42.53338], [-5.33566, 42.53242], [-5.33668, 42.53133], [-5.33815, 42.53103], [-5.34331, 42.5314], [-5.34679, 42.53071], [-5.34975, 42.52937], [-5.35138, 42.5281], [-5.35638, 42.52612], [-5.35809, 42.52503], [-5.36085, 42.5226], [-5.36279, 42.5224], [-5.36425, 42.52291], [-5.3656, 42.52476], [-5.36689, 42.52514], [-5.36911, 42.52479], [-5.37005, 42.52382], [-5.3706, 42.52], [-5.37186, 42.51784]]]}}, {"type": "Feature", "properties": {"codigo": "LE-REFUG-74", "etiqueta": "REFUGIO-Azud de Villomar", "nombr_tram": "Azud de Villomar", "rio_mas_a": "Esla", "categoria": "Refugio de pesca", "modalidad": "Vedado", "provincia": "León", "tm": "Villasabariego", "truchera": "Aguas trucheras", "long_km": 0.12, "lim_superi": "Límite superior del canal de derivación (55 m. del muro del azud)", "lim_inferi": "50 metros aguas abajo del azud de Villomar", "n_canas": 0, "esp_princ": "Trucha común", "per1_pec_i": null, "per1_pec_f": null, "per2_pec_i": null, "per2_pec_f": null, "truch_cm": 0, "truch_cup_": 0, "cebos": null, "otras_limi": null, "info_tramo": "https://www.pescacastillayleon.es/visor/tramo.html?nid=337671", "lat": 42.5174, "lon": -5.3723, "estacion": "EA111", "estacion_dist_km": 0.1, "pueblo": {"nombre": "Villomar", "municipio": "Mansilla de las Mulas", "provincia": "León", "lat": 42.51877, "lon": -5.36088, "dist_km": 0.9}}, "geometry": {"type": "MultiLineString", "coordinates": [[[-5.37186, 42.51784], [-5.37282, 42.51701]]]}}, {"type": "Feature", "properties": {"codigo": "LE-EDS-5", "etiqueta": "EDS-Villomar", "nombr_tram": "Villomar", "rio_mas_a": "Esla", "categoria": "Escenario Deportivo Social", "modalidad": "Sin Muerte", "provincia": "León", "tm": "Villasabariego", "truchera": "Aguas trucheras", "long_km": 5.65, "lim_superi": "Límite inferior del vedado del azud de Villomar (50 m.)", "lim_inferi": "Puente de Mansilla de las Mulas de la antigua N-601", "n_canas": 1, "esp_princ": "Trucha común", "per1_pec_i": "Último sábado de marzo", "per1_pec_f": "15 de octubre", "per2_pec_i": null, "per2_pec_f": null, "truch_cm": 0, "truch_cup_": 0, "cebos": null, "otras_limi": null, "info_tramo": "https://www.pescacastillayleon.es/visor/tramo.html?nid=337571", "lat": 42.51154, "lon": -5.39902, "estacion": "EA111", "estacion_dist_km": 0.0, "pueblo": {"nombre": "Villafalé", "municipio": "Villasabariego", "provincia": "León", "lat": 42.5148, "lon": -5.40456, "dist_km": 0.6}}, "geometry": {"type": "MultiLineString", "coordinates": [[[-5.37282, 42.51701], [-5.3753, 42.51572], [-5.38043, 42.51567], [-5.38491, 42.51494], [-5.38571, 42.51508], [-5.38618, 42.51551], [-5.38602, 42.51695], [-5.38739, 42.51693], [-5.38986, 42.5163], [-5.39262, 42.51509], [-5.39855, 42.51348], [-5.39946, 42.51352], [-5.40009, 42.51268], [-5.39978, 42.5118], [-5.39774, 42.51089], [-5.39954, 42.50796], [-5.40013, 42.5075], [-5.40168, 42.50743], [-5.40411, 42.50803], [-5.4066, 42.50929], [-5.40731, 42.50924], [-5.41082, 42.50494], [-5.41271, 42.50185]], [[-5.41271, 42.50185], [-5.41311, 42.50141], [-5.41406, 42.50121], [-5.41866, 42.50209], [-5.42007, 42.50157]]]}}, {"type": "Feature", "properties": {"codigo": "LE-AREC-6", "etiqueta": "AREC-Mansilla de las Mulas", "nombr_tram": "Mansilla de las Mulas", "rio_mas_a": "Esla", "categoria": "Agua en Régimen Especial con Extracción Controlada", "modalidad": "Mixto", "provincia": "León", "tm": "Villanueva de las Manzanas", "truchera": "Aguas trucheras", "long_km": 7.1, "lim_superi": "Puente de la antigua N-601 en Mansilla de las Mulas", "lim_inferi": "Confluencia con el río Porma", "n_canas": 1, "esp_princ": "Trucha común", "per1_pec_i": "Último sábado de marzo", "per1_pec_f": "31 de agosto", "per2_pec_i": "1 de septiembre", "per2_pec_f": "15 de octubre", "truch_cm": 24, "truch_cup_": 2, "cebos": "T/PSM", "otras_limi": "En los días con muerte, una vez alcanzado el cupo de trucha común, la acción de pescar deberá practicarse en la modalidad de pesca sin muerte, según lo establecido en el artículo 37 del Decreto 33/2017, de 9 de noviembre.", "info_tramo": "https://www.pescacastillayleon.es/visor/tramo.html?nid=337562", "lat": 42.4942, "lon": -5.44766, "estacion": "EA111", "estacion_dist_km": 4.1, "pueblo": {"nombre": "Villacelama", "municipio": "Villanueva de las Manzanas", "provincia": "León", "lat": 42.48234, "lon": -5.45645, "dist_km": 1.5}}, "geometry": {"type": "MultiLineString", "coordinates": [[[-5.47698, 42.48645], [-5.47504, 42.48811], [-5.47351, 42.48996], [-5.47278, 42.49021], [-5.47154, 42.49005], [-5.47082, 42.48943], [-5.47064, 42.48782], [-5.46889, 42.48634], [-5.46799, 42.48583], [-5.46654, 42.48564], [-5.46304, 42.48745], [-5.45794, 42.4875], [-5.4535, 42.48817], [-5.45067, 42.48952], [-5.45132, 42.49049], [-5.45136, 42.49193], [-5.45025, 42.49389], [-5.44919, 42.4944], [-5.4476, 42.49419], [-5.44529, 42.49262], [-5.44386, 42.49265], [-5.44237, 42.49333], [-5.4405, 42.49349], [-5.43527, 42.49138], [-5.43207, 42.49143], [-5.43103, 42.49193], [-5.43098, 42.49296], [-5.43177, 42.49343], [-5.43415, 42.49385], [-5.43478, 42.49469], [-5.43467, 42.49518], [-5.43366, 42.49592], [-5.42974, 42.49714], [-5.42593, 42.49949], [-5.4229, 42.50016], [-5.42007, 42.50157]]]}}, {"type": "Feature", "properties": {"codigo": "LE-EFIC-25", "etiqueta": "AAL_E-Esla VII", "nombr_tram": "Esla VII", "rio_mas_a": "Esla", "categoria": "Excepciones fecha de inicio y cierre", "modalidad": "Sin Muerte", "provincia": "León", "tm": "Cabreros del Río", "truchera": "Aguas trucheras", "long_km": 16.941521, "lim_superi": "Confluencia con el río Porma", "lim_inferi": "Muro del azud de Villalobar", "n_canas": 1, "esp_princ": "Trucha común", "per1_pec_i": "Último sábado de marzo", "per1_pec_f": "15 de octubre", "per2_pec_i": null, "per2_pec_f": null, "truch_cm": 0, "truch_cup_": 0, "cebos": "PSM", "otras_limi": null, "info_tramo": "https://www.pescacastillayleon.es/visor/tramo.html?nid=337589", "lat": 42.45172, "lon": -5.53886, "estacion": "EA710", "estacion_dist_km": 0.1, "pueblo": {"nombre": "Villavidel", "municipio": "Campo de Villavidel", "provincia": "León", "lat": 42.43919, "lon": -5.54113, "dist_km": 1.4}}, "geometry": {"type": "MultiLineString", "coordinates": [[[-5.47698, 42.48645], [-5.48151, 42.48133], [-5.48394, 42.48047], [-5.4855, 42.47909], [-5.48688, 42.47846], [-5.48867, 42.47851], [-5.49276, 42.48138], [-5.49432, 42.48089], [-5.49482, 42.47736], [-5.49529, 42.47704], [-5.50214, 42.47809], [-5.50452, 42.47764], [-5.50835, 42.47826], [-5.51036, 42.47943], [-5.5109, 42.47925], [-5.51271, 42.47616], [-5.51386, 42.47509], [-5.51711, 42.47331], [-5.51966, 42.47306], [-5.52103, 42.47148], [-5.52233, 42.4686], [-5.52224, 42.4659], [-5.52315, 42.46403], [-5.52467, 42.46223], [-5.52595, 42.46115], [-5.53087, 42.46014], [-5.53118, 42.45943], [-5.5309, 42.45752], [-5.52881, 42.45467], [-5.52944, 42.45303], [-5.53488, 42.45136], [-5.53845, 42.45173], [-5.53956, 42.45151], [-5.54099, 42.44963], [-5.54097, 42.44842], [-5.54052, 42.44715], [-5.54082, 42.44592], [-5.54135, 42.44546], [-5.54326, 42.44536], [-5.54546, 42.44608], [-5.54871, 42.4455], [-5.54999, 42.44461], [-5.55066, 42.44269], [-5.54956, 42.44083], [-5.54964, 42.44038], [-5.55073, 42.43995], [-5.55314, 42.44], [-5.55416, 42.43964], [-5.55552, 42.43577], [-5.55541, 42.43349], [-5.55578, 42.43167], [-5.55715, 42.42834], [-5.55668, 42.42572], [-5.55669, 42.42372], [-5.55618, 42.4221], [-5.55139, 42.41765], [-5.55035, 42.41599], [-5.55025, 42.41457], [-5.55086, 42.4133], [-5.55343, 42.41123], [-5.55368, 42.41004], [-5.55354, 42.40796], [-5.55404, 42.40642], [-5.55575, 42.40484], [-5.55762, 42.40378], [-5.55806, 42.40286], [-5.55787, 42.40163], [-5.55571, 42.39963], [-5.55576, 42.39829], [-5.55604, 42.39704], [-5.55722, 42.39584], [-5.55809, 42.3943], [-5.55931, 42.39347], [-5.56008, 42.39243], [-5.56023, 42.39124]]]}}, {"type": "Feature", "properties": {"codigo": "LE-REFUG-86", "etiqueta": "REFUGIO-Azud de Villalobar", "nombr_tram": "Azud de Villalobar", "rio_mas_a": "Esla", "categoria": "Refugio de pesca", "modalidad": "Vedado", "provincia": "León", "tm": "Cabreros del Río", "truchera": "Aguas trucheras", "long_km": 0.05, "lim_superi": "Muro del azud coordenadas: X:289264; Y4696392", "lim_inferi": "50metros aguas abajo coordenadas: X289278; Y4696343", "n_canas": 0, "esp_princ": "Trucha común", "per1_pec_i": null, "per1_pec_f": null, "per2_pec_i": null, "per2_pec_f": null, "truch_cm": 0, "truch_cup_": 0, "cebos": null, "otras_limi": null, "info_tramo": "https://www.pescacastillayleon.es/visor/tramo.html?nid=1014534", "lat": 42.391, "lon": -5.56016, "estacion": "EA710", "estacion_dist_km": 0.7, "pueblo": {"nombre": "Villalobar", "municipio": "Ardón", "provincia": "León", "lat": 42.39566, "lon": -5.57506, "dist_km": 1.3}}, "geometry": {"type": "MultiLineString", "coordinates": [[[-5.56023, 42.39124], [-5.56009, 42.39077]]]}}, {"type": "Feature", "properties": {"codigo": "LE-EFIC-62", "etiqueta": "AAL_E-Esla X", "nombr_tram": "Esla X", "rio_mas_a": "Esla", "categoria": "Excepciones fecha de inicio y cierre", "modalidad": "Sin Muerte", "provincia": "León", "tm": "Cabreros del Río", "truchera": "Aguas trucheras", "long_km": 2.235364, "lim_superi": "50metros aguas abajo coordenadas: X289278; Y4696343", "lim_inferi": "Muro del azud de Benamariel", "n_canas": 1, "esp_princ": "Trucha común", "per1_pec_i": "Último sábado de marzo", "per1_pec_f": "15 de octubre", "per2_pec_i": null, "per2_pec_f": null, "truch_cm": 0, "truch_cup_": 0, "cebos": "PSM", "otras_limi": null, "info_tramo": "https://www.pescacastillayleon.es/visor/tramo.html?nid=1014533", "lat": 42.3817, "lon": -5.55677, "estacion": "EA710", "estacion_dist_km": 0.7, "pueblo": {"nombre": "Villalobar", "municipio": "Ardón", "provincia": "León", "lat": 42.39566, "lon": -5.57506, "dist_km": 2.2}}, "geometry": {"type": "MultiLineString", "coordinates": [[[-5.56009, 42.39077], [-5.55847, 42.38922], [-5.55668, 42.38685], [-5.55603, 42.38401], [-5.55609, 42.38277], [-5.56032, 42.37662], [-5.56167, 42.37243]]]}}, {"type": "Feature", "properties": {"codigo": "LE-REFUG-78", "etiqueta": "REFUGIO-Azud de Benamariel", "nombr_tram": "Azud de Benamariel", "rio_mas_a": "Esla", "categoria": "Refugio de pesca", "modalidad": "Vedado", "provincia": "León", "tm": "Ardón", "truchera": "Aguas trucheras", "long_km": 0.05, "lim_superi": "Muro del azud", "lim_inferi": "50 metros aguas abajo", "n_canas": 0, "esp_princ": "Trucha común", "per1_pec_i": null, "per1_pec_f": null, "per2_pec_i": null, "per2_pec_f": null, "truch_cm": 0, "truch_cup_": 0, "cebos": null, "otras_limi": null, "info_tramo": "https://www.pescacastillayleon.es/visor/tramo.html?nid=765688", "lat": 42.37222, "lon": -5.56167, "estacion": "EA711", "estacion_dist_km": 0.6, "pueblo": {"nombre": "Benamariel", "municipio": "Villamañán", "provincia": "León", "lat": 42.36348, "lon": -5.56653, "dist_km": 1.1}}, "geometry": {"type": "MultiLineString", "coordinates": [[[-5.56167, 42.37243], [-5.56167, 42.37201]]]}}, {"type": "Feature", "properties": {"codigo": "LE-EFIC-46", "etiqueta": "AAL_E-Esla VIII", "nombr_tram": "Esla VIII", "rio_mas_a": "Esla", "categoria": "Excepciones fecha de inicio y cierre", "modalidad": "Sin Muerte", "provincia": "León", "tm": "Fresno de la Vega", "truchera": "Aguas trucheras", "long_km": 13.15, "lim_superi": "Refugio de pesca del azud de Benamariel", "lim_inferi": "Puente de la carretera CL-621 a la altura de la localidad de Valencia de Don Juan", "n_canas": 1, "esp_princ": "Trucha común", "per1_pec_i": "Último sábado de marzo", "per1_pec_f": "15 de octubre", "per2_pec_i": null, "per2_pec_f": null, "truch_cm": 0, "truch_cup_": 0, "cebos": "PSM", "otras_limi": null, "info_tramo": "https://www.pescacastillayleon.es/visor/tramo.html?nid=765685", "lat": 42.32672, "lon": -5.55513, "estacion": "EA711", "estacion_dist_km": 0.1, "pueblo": {"nombre": "Cabañas", "municipio": "Valencia de Don Juan", "provincia": "León", "lat": 42.31683, "lon": -5.53246, "dist_km": 2.2}}, "geometry": {"type": "MultiLineString", "coordinates": [[[-5.56167, 42.37201], [-5.56211, 42.37034], [-5.56426, 42.36778], [-5.56422, 42.36553], [-5.56334, 42.36396], [-5.56237, 42.36316], [-5.55753, 42.3609], [-5.55699, 42.36026], [-5.55608, 42.35785], [-5.55641, 42.35685], [-5.5595, 42.35368], [-5.56003, 42.35217], [-5.55986, 42.35151], [-5.55862, 42.35041], [-5.55617, 42.34949], [-5.55091, 42.34883], [-5.54993, 42.34826], [-5.54908, 42.34685], [-5.54995, 42.34508], [-5.55202, 42.34324], [-5.55509, 42.34131], [-5.55552, 42.34035], [-5.55495, 42.33837], [-5.55055, 42.33113], [-5.55116, 42.3305], [-5.55444, 42.32938], [-5.55528, 42.32779], [-5.55516, 42.32675], [-5.55408, 42.32572], [-5.55098, 42.32381], [-5.55049, 42.3233], [-5.55033, 42.32212], [-5.55224, 42.32177], [-5.55448, 42.32248], [-5.55583, 42.32231], [-5.5568, 42.32063], [-5.55634, 42.31845], [-5.55598, 42.31787], [-5.55385, 42.31688], [-5.54874, 42.3177], [-5.54512, 42.31723], [-5.5439, 42.31667], [-5.54328, 42.31539], [-5.54327, 42.31454], [-5.54402, 42.3128], [-5.54324, 42.31099], [-5.53823, 42.30787], [-5.53475, 42.30694], [-5.53309, 42.30589], [-5.53242, 42.30446], [-5.53271, 42.30293], [-5.53251, 42.30231], [-5.53072, 42.30079], [-5.52949, 42.29844], [-5.52774, 42.29677], [-5.52683, 42.29455], [-5.52383, 42.29332], [-5.52352, 42.29274], [-5.52348, 42.29083], [-5.52379, 42.28968]]]}}, {"type": "Feature", "properties": {"codigo": "LE-AAL-28", "etiqueta": "AAL-Esla II", "nombr_tram": "Esla II", "rio_mas_a": "Esla", "categoria": "Aguas de Acceso Libre", "modalidad": "Mixto", "provincia": "León", "tm": "Cimanes de la Vega", "truchera": "Aguas no trucheras", "long_km": 32.33, "lim_superi": "Puente de la carretera CL-621 a la altura de la localidad de Valencia de Don Juan", "lim_inferi": "Límite provincial León-Zamora", "n_canas": 2, "esp_princ": null, "per1_pec_i": "1 de enero", "per1_pec_f": "31 de diciembre", "per2_pec_i": null, "per2_pec_f": null, "truch_cm": 0, "truch_cup_": 0, "cebos": null, "otras_limi": null, "info_tramo": "https://www.pescacastillayleon.es/visor/tramo.html?nid=338228", "lat": 42.17066, "lon": -5.56226, "estacion": "EA711", "estacion_dist_km": 9.2, "pueblo": {"nombre": "Villaornate", "municipio": "Villaornate y Castro", "provincia": "León", "lat": 42.18459, "lon": -5.55047, "dist_km": 1.8}}, "geometry": {"type": "MultiLineString", "coordinates": [[[-5.524, 42.28929], [-5.52712, 42.28454], [-5.52803, 42.28223], [-5.52792, 42.28066], [-5.52698, 42.27935], [-5.52688, 42.27849], [-5.52743, 42.27757], [-5.52826, 42.2771], [-5.52841, 42.2753], [-5.52757, 42.27412], [-5.52618, 42.27367], [-5.52558, 42.27307], [-5.52851, 42.26741], [-5.52934, 42.26715], [-5.53146, 42.26245], [-5.53103, 42.25846], [-5.53044, 42.2579], [-5.52803, 42.25712], [-5.52792, 42.25654], [-5.53065, 42.25342], [-5.53213, 42.24898], [-5.53351, 42.24795], [-5.53631, 42.24728], [-5.53695, 42.24613], [-5.53665, 42.24525], [-5.5346, 42.2445], [-5.53268, 42.24268], [-5.53214, 42.24117], [-5.53372, 42.23827], [-5.53332, 42.23779], [-5.53156, 42.23747], [-5.53116, 42.2371], [-5.53141, 42.23631], [-5.53285, 42.23459], [-5.53561, 42.23205], [-5.53594, 42.2294], [-5.53487, 42.22781], [-5.5384, 42.22185], [-5.53953, 42.21938], [-5.53903, 42.21585], [-5.53918, 42.21436], [-5.54103, 42.21192], [-5.54075, 42.21006], [-5.54222, 42.20882], [-5.54062, 42.20559], [-5.54074, 42.2043], [-5.54276, 42.19984], [-5.54568, 42.19727], [-5.54851, 42.19533], [-5.55196, 42.19434], [-5.55399, 42.19228], [-5.55594, 42.19112], [-5.55678, 42.19], [-5.56048, 42.1888], [-5.56247, 42.18684], [-5.56302, 42.18595], [-5.56283, 42.18398], [-5.5631, 42.18251], [-5.56269, 42.18107], [-5.56303, 42.17996], [-5.56475, 42.17873], [-5.56688, 42.17812], [-5.56744, 42.17766], [-5.56656, 42.1757], [-5.56381, 42.17527], [-5.56172, 42.17422], [-5.56128, 42.17306], [-5.56145, 42.17171], [-5.56182, 42.17106], [-5.5629, 42.17037], [-5.56443, 42.17012], [-5.56813, 42.17021], [-5.57008, 42.1694], [-5.57108, 42.16839], [-5.57084, 42.16762], [-5.57108, 42.16678], [-5.57215, 42.16616], [-5.57389, 42.16349], [-5.574, 42.16257], [-5.57245, 42.15928], [-5.57207, 42.15652], [-5.57259, 42.15531], [-5.57442, 42.1537], [-5.57464, 42.15282], [-5.5724, 42.14942], [-5.57269, 42.14832], [-5.57146, 42.14747], [-5.57074, 42.14617], [-5.57199, 42.14181], [-5.5718, 42.13994], [-5.57223, 42.13873], [-5.57571, 42.13615], [-5.57742, 42.13422], [-5.57665, 42.13169], [-5.57481, 42.13041], [-5.57417, 42.12924], [-5.57392, 42.12807], [-5.57413, 42.12744], [-5.57462, 42.12746], [-5.57543, 42.12647], [-5.57603, 42.12441], [-5.57364, 42.11915], [-5.57354, 42.11715], [-5.57414, 42.11634], [-5.57713, 42.11535], [-5.58042, 42.11528], [-5.58197, 42.11376], [-5.58298, 42.11342], [-5.58359, 42.1119], [-5.58303, 42.11067], [-5.5806, 42.10913], [-5.57875, 42.10923], [-5.57712, 42.10992], [-5.57629, 42.10992], [-5.57495, 42.10935], [-5.57414, 42.1084], [-5.57324, 42.10522], [-5.57348, 42.10436], [-5.57394, 42.10404], [-5.57672, 42.10321], [-5.57746, 42.10237], [-5.5786, 42.0998], [-5.5788, 42.09824], [-5.57827, 42.0967], [-5.57668, 42.09489], [-5.57676, 42.09421], [-5.57866, 42.09322], [-5.58137, 42.09444], [-5.58411, 42.09452], [-5.5854, 42.09398], [-5.58557, 42.09167], [-5.58487, 42.09081], [-5.58109, 42.08933], [-5.57767, 42.08563], [-5.57723, 42.08464], [-5.57778, 42.07977], [-5.57966, 42.07723], [-5.58196, 42.07596], [-5.58685, 42.07452], [-5.58846, 42.07344], [-5.58836, 42.07287], [-5.58753, 42.07197], [-5.58592, 42.07128], [-5.58381, 42.07094], [-5.58285, 42.07022], [-5.58277, 42.06922], [-5.58401, 42.0672]]]}}, {"type": "Feature", "properties": {"codigo": "ZA-AAL-2", "etiqueta": "AAL-Esla III", "nombr_tram": "Esla III", "rio_mas_a": "Esla", "categoria": "Aguas de Acceso Libre", "modalidad": "Mixto", "provincia": "Zamora", "tm": "Villaquejida", "truchera": "Aguas no trucheras", "long_km": 32.38, "lim_superi": "Límite provincial León-Zamora", "lim_inferi": "1 km aguas arriba de la desembocadura del río Tera en el río Esla", "n_canas": 2, "esp_princ": null, "per1_pec_i": "1 de enero", "per1_pec_f": "31 de diciembre", "per2_pec_i": null, "per2_pec_f": null, "truch_cm": 0, "truch_cup_": 0, "cebos": null, "otras_limi": null, "info_tramo": "https://www.pescacastillayleon.es/visor/tramo.html?nid=338229", "lat": 41.9745, "lon": -5.64054, "estacion": "EA074", "estacion_dist_km": 0.1, "pueblo": {"nombre": "Castropepe", "municipio": "Villanueva de Azoague", "provincia": "Zamora", "lat": 41.97142, "lon": -5.63517, "dist_km": 0.6}}, "geometry": {"type": "MultiLineString", "coordinates": [[[-5.58401, 42.0672], [-5.58533, 42.06579], [-5.58649, 42.06508], [-5.58726, 42.06387], [-5.58736, 42.06248], [-5.58689, 42.062], [-5.5868, 42.06128], [-5.58771, 42.05941], [-5.58994, 42.05846], [-5.59084, 42.05848], [-5.59196, 42.05892], [-5.59273, 42.05968], [-5.59366, 42.05982], [-5.59611, 42.05811], [-5.59658, 42.05732], [-5.59634, 42.05681], [-5.59365, 42.05465], [-5.59354, 42.05334], [-5.59385, 42.05235], [-5.59415, 42.05175], [-5.59768, 42.04981], [-5.60066, 42.0472], [-5.60198, 42.04515], [-5.60195, 42.04291], [-5.60353, 42.04271], [-5.60774, 42.04394], [-5.61038, 42.04414], [-5.61172, 42.04393], [-5.61196, 42.04323], [-5.61179, 42.04153], [-5.61125, 42.0407], [-5.60933, 42.03954], [-5.60861, 42.03864], [-5.60871, 42.03767], [-5.6104, 42.0345], [-5.61172, 42.03388], [-5.61299, 42.03382], [-5.61473, 42.03239], [-5.61583, 42.0307], [-5.61555, 42.02792], [-5.61486, 42.02649], [-5.6133, 42.02493], [-5.61013, 42.02316], [-5.60423, 42.0221], [-5.60228, 42.0207], [-5.60288, 42.01932], [-5.60494, 42.0179], [-5.60583, 42.01637], [-5.60571, 42.01526], [-5.60497, 42.01432], [-5.60618, 42.01109], [-5.60572, 42.01039], [-5.60467, 42.00983], [-5.60334, 42.00965], [-5.6019, 42.01009], [-5.60124, 42.00992], [-5.60037, 42.00663], [-5.60066, 42.00504], [-5.60232, 42.00336], [-5.60334, 42.00299], [-5.60392, 42.002], [-5.60404, 42.00044], [-5.60348, 41.99897], [-5.60365, 41.99838], [-5.60563, 41.99638], [-5.60584, 41.99486], [-5.60557, 41.99284], [-5.60645, 41.99108], [-5.61093, 41.98786], [-5.61353, 41.98689], [-5.61482, 41.98759], [-5.61769, 41.98776], [-5.62182, 41.98713], [-5.62401, 41.98639], [-5.62495, 41.98553], [-5.62531, 41.98419], [-5.62615, 41.98312], [-5.63393, 41.97511], [-5.64357, 41.9742], [-5.64436, 41.97479], [-5.64584, 41.97479], [-5.64895, 41.97403], [-5.65083, 41.97411], [-5.65172, 41.97378], [-5.65258, 41.97299], [-5.65253, 41.97195], [-5.64979, 41.96656], [-5.65042, 41.96551], [-5.65286, 41.96425], [-5.65401, 41.96392], [-5.65491, 41.96425], [-5.65514, 41.96536], [-5.65447, 41.96553], [-5.65428, 41.96631], [-5.65571, 41.96719], [-5.65837, 41.96725], [-5.66163, 41.96677], [-5.66213, 41.96515], [-5.66147, 41.96289], [-5.6624, 41.96233], [-5.66302, 41.96105], [-5.66597, 41.95811], [-5.66652, 41.95665], [-5.66575, 41.95413], [-5.66438, 41.95305], [-5.66219, 41.95282], [-5.66176, 41.95349], [-5.65911, 41.95354], [-5.65887, 41.95318], [-5.65675, 41.95227], [-5.65638, 41.9516], [-5.65655, 41.95082], [-5.65838, 41.94807], [-5.65934, 41.94716], [-5.6624, 41.9466], [-5.66626, 41.94695], [-5.66795, 41.9466], [-5.67102, 41.94493], [-5.67189, 41.94285], [-5.67323, 41.94169], [-5.67508, 41.9409], [-5.67859, 41.94034], [-5.68464, 41.94103], [-5.68906, 41.94053], [-5.69476, 41.93848], [-5.69793, 41.93592], [-5.70018, 41.93493], [-5.70118, 41.93351], [-5.7011, 41.93117], [-5.70075, 41.93034], [-5.70028, 41.92472], [-5.69933, 41.92191], [-5.69895, 41.91911], [-5.69947, 41.9175], [-5.70049, 41.91607], [-5.7037, 41.90984], [-5.7064, 41.90671], [-5.70832, 41.90581], [-5.71625, 41.90452], [-5.71795, 41.90498], [-5.72037, 41.90462], [-5.72336, 41.90464], [-5.73442, 41.90694]]]}}, {"type": "Feature", "properties": {"codigo": "ZA-EDS-2", "etiqueta": "EDS-Esla", "nombr_tram": "Esla", "rio_mas_a": "Esla", "categoria": "Escenario Deportivo Social", "modalidad": "Sin Muerte", "provincia": "Zamora", "tm": "Milles de la Polvorosa", "truchera": "Aguas no trucheras", "long_km": 0.99, "lim_superi": "1 km aguas arriba de la desembocadura del río Tera en el río Esla", "lim_inferi": "Desembocadura del río Tera en el río Esla", "n_canas": 1, "esp_princ": null, "per1_pec_i": "1 de enero", "per1_pec_f": "31 de diciembre", "per2_pec_i": null, "per2_pec_f": null, "truch_cm": 0, "truch_cup_": 0, "cebos": "T", "otras_limi": null, "info_tramo": "https://www.pescacastillayleon.es/visor/tramo.html?nid=338082", "lat": 41.90341, "lon": -5.73794, "estacion": "EA530", "estacion_dist_km": 3.7, "pueblo": {"nombre": "Olmillos de Valverde", "municipio": "Burganes de Valverde", "provincia": "Zamora", "lat": 41.9073, "lon": -5.7568, "dist_km": 1.6}}, "geometry": {"type": "MultiLineString", "coordinates": [[[-5.73442, 41.90694], [-5.73589, 41.90587], [-5.73819, 41.90306], [-5.73895, 41.89908]]]}}, {"type": "Feature", "properties": {"codigo": "ZA-AAL-63", "etiqueta": "AAL-Esla IV", "nombr_tram": "Esla IV", "rio_mas_a": "Esla", "categoria": "Aguas de Acceso Libre", "modalidad": "Mixto", "provincia": "Zamora", "tm": "Bretó", "truchera": "Aguas no trucheras", "long_km": 10.03, "lim_superi": "Desembocadura del río Tera en el río Esla", "lim_inferi": "Embalse de Ricobayo", "n_canas": 2, "esp_princ": null, "per1_pec_i": "1 de enero", "per1_pec_f": "31 de diciembre", "per2_pec_i": null, "per2_pec_f": null, "truch_cm": 0, "truch_cup_": 0, "cebos": null, "otras_limi": null, "info_tramo": "https://www.pescacastillayleon.es/visor/tramo.html?nid=338955", "lat": 41.87455, "lon": -5.77381, "estacion": "EA530", "estacion_dist_km": 0.1, "pueblo": {"nombre": "Bretocino", "municipio": "Bretocino", "provincia": "Zamora", "lat": 41.88397, "lon": -5.75436, "dist_km": 1.9}}, "geometry": {"type": "MultiLineString", "coordinates": [[[-5.73895, 41.89908], [-5.73838, 41.89672], [-5.73638, 41.89355], [-5.73629, 41.8926], [-5.73753, 41.89072], [-5.73863, 41.88999], [-5.73993, 41.88936], [-5.74334, 41.88863], [-5.74582, 41.88573], [-5.74665, 41.88175], [-5.7507, 41.88061], [-5.7561, 41.87615], [-5.76058, 41.87343], [-5.76275, 41.87278], [-5.7738, 41.87455], [-5.77773, 41.87264], [-5.77867, 41.87112], [-5.781, 41.86972], [-5.78463, 41.86807], [-5.78556, 41.86655], [-5.78591, 41.86311], [-5.78793, 41.85679], [-5.78787, 41.85529], [-5.7873, 41.85374], [-5.78551, 41.85147], [-5.78387, 41.84822], [-5.78428, 41.84352], [-5.78474, 41.84187], [-5.78561, 41.8405], [-5.78956, 41.83818], [-5.79117, 41.83656]]]}}, {"type": "Feature", "properties": {"codigo": "ZA-EDS-3", "etiqueta": "EDS-Puente de la Estrella", "nombr_tram": "Puente de la Estrella", "rio_mas_a": "Esla", "categoria": "Escenario Deportivo Social", "modalidad": "Sin Muerte", "provincia": "Zamora", "tm": "San Cebrián de Castro", "truchera": "Aguas no trucheras", "long_km": 1.52, "lim_superi": "Paraje Puente la estrella en el margen izquierdo del embalse", "lim_inferi": "1,5 km aguas abajo del punto anterior por el margen izquierdo del embalse", "n_canas": 2, "esp_princ": null, "per1_pec_i": "1 de enero", "per1_pec_f": "31 de diciembre", "per2_pec_i": null, "per2_pec_f": null, "truch_cm": 0, "truch_cup_": 0, "cebos": "T", "otras_limi": null, "info_tramo": "https://www.pescacastillayleon.es/visor/tramo.html?nid=338083", "lat": 41.70772, "lon": -5.81699, "estacion": "EA530", "estacion_dist_km": 18.6, "pueblo": {"nombre": "La Encomienda", "municipio": "Perilla de Castro", "provincia": "Zamora", "lat": 41.7087, "lon": -5.80844, "dist_km": 0.7}}, "geometry": {"type": "MultiLineString", "coordinates": [[[-5.81381, 41.70293], [-5.8144, 41.70454], [-5.81487, 41.70455], [-5.81462, 41.70502], [-5.81525, 41.70654], [-5.81534, 41.7078], [-5.81602, 41.70798], [-5.81701, 41.70772], [-5.8167, 41.70884], [-5.81714, 41.70928], [-5.818, 41.70982], [-5.82068, 41.71039], [-5.82271, 41.71012], [-5.82309, 41.7097]]]}}, {"type": "Feature", "properties": {"codigo": "ZA-AAL-65", "etiqueta": "AAL-Embalse de Ricobayo", "nombr_tram": "Embalse de Ricobayo", "rio_mas_a": "Esla", "categoria": "Aguas de Acceso Libre", "modalidad": "Mixto", "provincia": "Zamora", "tm": "Carbajales de Alba", "truchera": "Aguas no trucheras", "long_km": 361.561249, "lim_superi": "Embalse de Ricobayo", "lim_inferi": "Embalse de Ricobayo", "n_canas": 2, "esp_princ": null, "per1_pec_i": "1 de enero", "per1_pec_f": "31 de diciembre", "per2_pec_i": null, "per2_pec_f": null, "truch_cm": 0, "truch_cup_": 0, "cebos": null, "otras_limi": null, "info_tramo": "https://www.pescacastillayleon.es/visor/tramo.html?nid=339152", "lat": 41.66623, "lon": -6.07382, "estacion": "EA530", "estacion_dist_km": 4.5, "pueblo": {"nombre": "Castillo de Alba", "municipio": "Losacino", "provincia": "Zamora", "lat": 41.66002, "lon": -6.0655, "dist_km": 1.0}}, "geometry": {"type": "MultiLineString", "coordinates": [[[-5.82309, 41.7097], [-5.82299, 41.70941], [-5.82415, 41.70911], [-5.82467, 41.70865], [-5.82737, 41.70811], [-5.83339, 41.70812], [-5.83429, 41.70783], [-5.83521, 41.7067], [-5.83532, 41.7058], [-5.83488, 41.70514], [-5.83466, 41.70378], [-5.83392, 41.70294], [-5.83277, 41.70274], [-5.83335, 41.70214], [-5.83339, 41.70146], [-5.83252, 41.70013], [-5.83241, 41.69878], [-5.83125, 41.69772], [-5.82945, 41.69802], [-5.82914, 41.69784], [-5.82955, 41.69739], [-5.82936, 41.69717], [-5.82767, 41.6966], [-5.82857, 41.69632], [-5.82914, 41.69551], [-5.8297, 41.69617], [-5.83212, 41.6969], [-5.83303, 41.69662], [-5.83337, 41.69616], [-5.83321, 41.69459], [-5.83412, 41.69462], [-5.8356, 41.69406], [-5.83642, 41.69325], [-5.83726, 41.69378], [-5.84215, 41.69524], [-5.85098, 41.6985], [-5.85435, 41.6993], [-5.85585, 41.69909], [-5.85705, 41.69841], [-5.85822, 41.69689], [-5.85857, 41.69444], [-5.85755, 41.69312], [-5.85516, 41.69225], [-5.85552, 41.6919], [-5.85704, 41.69196], [-5.85765, 41.6917], [-5.85821, 41.68971], [-5.8578, 41.68858], [-5.85798, 41.68837], [-5.85905, 41.689], [-5.86025, 41.6891], [-5.8657, 41.68773], [-5.86903, 41.68618], [-5.87032, 41.68461], [-5.8702, 41.68349], [-5.86931, 41.68192], [-5.86854, 41.68128], [-5.86673, 41.68087], [-5.86667, 41.68064], [-5.86788, 41.68021], [-5.86824, 41.67931], [-5.86766, 41.67706], [-5.86768, 41.675], [-5.86727, 41.67383], [-5.86484, 41.66888], [-5.86395, 41.66798], [-5.86273, 41.66735], [-5.86092, 41.66729], [-5.85788, 41.66875], [-5.85703, 41.6686], [-5.85684, 41.66814], [-5.8582, 41.66707], [-5.85885, 41.66592], [-5.85816, 41.66454], [-5.85718, 41.66362], [-5.85603, 41.66336], [-5.85445, 41.66394], [-5.85281, 41.6652], [-5.85013, 41.66589], [-5.84922, 41.66572], [-5.85031, 41.66502], [-5.85119, 41.66342], [-5.85296, 41.66265], [-5.85369, 41.66182], [-5.85348, 41.66115], [-5.85195, 41.66032], [-5.85043, 41.66027], [-5.85008, 41.65915], [-5.84877, 41.6581], [-5.84895, 41.65675], [-5.84948, 41.65633], [-5.85038, 41.65369], [-5.84828, 41.6537], [-5.84688, 41.65472], [-5.8457, 41.65515], [-5.84391, 41.65529], [-5.84261, 41.65587], [-5.84109, 41.65568], [-5.83945, 41.65671], [-5.83949, 41.65761], [-5.83842, 41.65791], [-5.83779, 41.6586], [-5.83629, 41.65859], [-5.83666, 41.66016], [-5.8341, 41.65914], [-5.83122, 41.66066], [-5.8298, 41.66249], [-5.82648, 41.66217], [-5.825, 41.66261], [-5.8235, 41.66265], [-5.81966, 41.66549], [-5.81788, 41.66616], [-5.81429, 41.66647], [-5.81329, 41.66682], [-5.81085, 41.66661], [-5.811, 41.66633], [-5.81218, 41.66644], [-5.81855, 41.66506], [-5.82019, 41.66385], [-5.82149, 41.66202], [-5.82439, 41.66105], [-5.82573, 41.66011], [-5.82925, 41.65908], [-5.82961, 41.65822], [-5.83043, 41.65765], [-5.82981, 41.65721], [-5.8299, 41.65654], [-5.83231, 41.65679], [-5.83561, 41.65612], [-5.83611, 41.65584], [-5.83649, 41.65493], [-5.83863, 41.65434], [-5.83891, 41.65388], [-5.8398, 41.65359], [-5.84161, 41.65386], [-5.8425, 41.65366], [-5.84281, 41.65252], [-5.84432, 41.65253], [-5.8467, 41.65189], [-5.84721, 41.6512], [-5.84693, 41.65031], [-5.84617, 41.64942], [-5.84357, 41.6503], [-5.84165, 41.6494], [-5.84076, 41.6496], [-5.83988, 41.65008], [-5.83937, 41.65076], [-5.83834, 41.65047], [-5.83716, 41.65104], [-5.83655, 41.65218], [-5.83459, 41.6539], [-5.83213, 41.65414], [-5.83102, 41.65471], [-5.82743, 41.65498], [-5.82674, 41.65562], [-5.82112, 41.65765], [-5.8193, 41.65756], [-5.8186, 41.65668], [-5.81487, 41.65515], [-5.81308, 41.65537], [-5.80947, 41.65506], [-5.80708, 41.65268], [-5.80585, 41.65343], [-5.80313, 41.65305], [-5.80202, 41.65236], [-5.80052, 41.65235], [-5.80003, 41.65195], [-5.79994, 41.65128], [-5.79922, 41.65081], [-5.79909, 41.64986], [-5.79993, 41.64975], [-5.80123, 41.65066], [-5.80299, 41.65098], [-5.80425, 41.65104], [-5.80501, 41.65062], [-5.80592, 41.65078], [-5.80681, 41.65053], [-5.80862, 41.65084], [-5.81034, 41.6517], [-5.81302, 41.65114], [-5.81423, 41.65147], [-5.81543, 41.65131], [-5.81665, 41.65173], [-5.81933, 41.65121], [-5.81995, 41.65151], [-5.82035, 41.6524], [-5.82096, 41.65266], [-5.82515, 41.65238], [-5.82664, 41.65198], [-5.82781, 41.65145], [-5.82818, 41.65032], [-5.82865, 41.64995], [-5.82925, 41.64998], [-5.82977, 41.65087], [-5.83087, 41.65138], [-5.83146, 41.65118], [-5.83225, 41.65004], [-5.83284, 41.64971], [-5.83531, 41.64941], [-5.83693, 41.64839], [-5.83876, 41.64776], [-5.84045, 41.64822], [-5.84255, 41.64786], [-5.84419, 41.64817], [-5.84543, 41.64769], [-5.84659, 41.64802], [-5.84918, 41.64962], [-5.84947, 41.64943], [-5.84916, 41.64786], [-5.84794, 41.64735], [-5.8449, 41.64383], [-5.84237, 41.6424], [-5.84081, 41.64114], [-5.84098, 41.64091], [-5.84314, 41.64198], [-5.84374, 41.64196], [-5.84432, 41.64285], [-5.84579, 41.64251], [-5.8461, 41.64268], [-5.84663, 41.64379], [-5.84787, 41.64503], [-5.84937, 41.64496], [-5.84982, 41.64586], [-5.85071, 41.64575], [-5.85092, 41.64665], [-5.85183, 41.64682], [-5.85359, 41.64638], [-5.85373, 41.64683], [-5.85204, 41.6486], [-5.85217, 41.64883], [-5.85489, 41.64819], [-5.8573, 41.64689], [-5.85777, 41.646], [-5.85869, 41.64575], [-5.85958, 41.64487], [-5.86379, 41.64416], [-5.86888, 41.64475], [-5.87067, 41.64544], [-5.87621, 41.64876], [-5.87785, 41.64939], [-5.87906, 41.64944], [-5.87953, 41.65012], [-5.88451, 41.65221], [-5.88758, 41.65264], [-5.8921, 41.65249], [-5.89634, 41.6513], [-5.89756, 41.64974], [-5.89775, 41.64907], [-5.89725, 41.64838], [-5.89542, 41.64718], [-5.89506, 41.6465], [-5.89508, 41.6456], [-5.89268, 41.64464], [-5.89058, 41.64445], [-5.88733, 41.64317], [-5.88782, 41.64291], [-5.88993, 41.64302], [-5.89107, 41.64356], [-5.89227, 41.64365], [-5.89318, 41.64335], [-5.89436, 41.64452], [-5.89527, 41.64462], [-5.89665, 41.64534], [-5.89755, 41.64643], [-5.89905, 41.64617], [-5.8987, 41.64482], [-5.8972, 41.64432], [-5.89622, 41.64095], [-5.89634, 41.6405], [-5.89824, 41.64339], [-5.90045, 41.64483], [-5.90136, 41.64452], [-5.90107, 41.64384], [-5.90161, 41.64318], [-5.90373, 41.6427], [-5.90374, 41.64203], [-5.9029, 41.64153], [-5.90254, 41.64085], [-5.90287, 41.63951], [-5.90442, 41.6401], [-5.90552, 41.63944], [-5.9057, 41.63854], [-5.90651, 41.63742], [-5.90357, 41.63516], [-5.90401, 41.63449], [-5.9036, 41.6336], [-5.90372, 41.63315], [-5.90522, 41.63347], [-5.90552, 41.63437], [-5.90612, 41.63464], [-5.90669, 41.63447], [-5.90691, 41.63379], [-5.90782, 41.63299], [-5.90993, 41.63243], [-5.91255, 41.63083], [-5.91255, 41.63038], [-5.91117, 41.62939], [-5.91094, 41.62871], [-5.91244, 41.62881], [-5.91354, 41.62752], [-5.91408, 41.62783], [-5.91438, 41.6285], [-5.91528, 41.62851], [-5.91636, 41.6291], [-5.91919, 41.62903], [-5.91963, 41.62814], [-5.92353, 41.62942], [-5.92371, 41.62897], [-5.92336, 41.62852], [-5.92155, 41.62797], [-5.92162, 41.62729], [-5.92397, 41.62682], [-5.9238, 41.62614], [-5.92243, 41.62488], [-5.92387, 41.62462], [-5.92322, 41.62376], [-5.92335, 41.62309], [-5.92487, 41.6227], [-5.92553, 41.62202], [-5.92554, 41.62158], [-5.92518, 41.62091], [-5.92249, 41.61999], [-5.92189, 41.61995], [-5.92068, 41.62052], [-5.92038, 41.61984], [-5.91906, 41.61894], [-5.91816, 41.61893], [-5.91774, 41.61826], [-5.91823, 41.61786], [-5.91781, 41.6174], [-5.91799, 41.61718], [-5.92192, 41.61698], [-5.92282, 41.61623], [-5.91917, 41.61428], [-5.91844, 41.61531], [-5.91754, 41.61534], [-5.91663, 41.61493], [-5.91647, 41.61448], [-5.91415, 41.61604], [-5.91378, 41.61715], [-5.91227, 41.61697], [-5.91173, 41.61773], [-5.91143, 41.61773], [-5.91065, 41.61713], [-5.91005, 41.61713], [-5.90884, 41.61776], [-5.90853, 41.61758], [-5.90921, 41.61668], [-5.90903, 41.61645], [-5.90692, 41.61689], [-5.90301, 41.6157], [-5.90271, 41.61552], [-5.90284, 41.61507], [-5.90554, 41.61603], [-5.90705, 41.61608], [-5.90735, 41.61595], [-5.907, 41.61527], [-5.9073, 41.61483], [-5.90821, 41.61497], [-5.90935, 41.61448], [-5.91055, 41.6148], [-5.91236, 41.61472], [-5.91485, 41.6129], [-5.91576, 41.61273], [-5.91583, 41.61206], [-5.91837, 41.61095], [-5.91723, 41.61063], [-5.91414, 41.61236], [-5.91323, 41.61236], [-5.91072, 41.61086], [-5.90988, 41.60978], [-5.90972, 41.60888], [-5.90877, 41.60811], [-5.90696, 41.60779], [-5.90589, 41.60706], [-5.90451, 41.60777], [-5.90388, 41.60911], [-5.90328, 41.60906], [-5.90233, 41.60753], [-5.90052, 41.60756], [-5.89993, 41.60693], [-5.89932, 41.60684], [-5.89862, 41.60487], [-5.89735, 41.60584], [-5.89675, 41.6058], [-5.8973, 41.60467], [-5.89913, 41.60321], [-5.89914, 41.60209], [-5.89848, 41.60159], [-5.89606, 41.60207], [-5.89643, 41.60095], [-5.89619, 41.60072], [-5.89415, 41.60121], [-5.89384, 41.60102], [-5.89489, 41.59968], [-5.89177, 41.59828], [-5.8907, 41.59674], [-5.88799, 41.59771], [-5.88497, 41.59737], [-5.88431, 41.59773], [-5.88383, 41.59737], [-5.88408, 41.59669], [-5.88227, 41.59678], [-5.8815, 41.59614], [-5.8806, 41.59595], [-5.88085, 41.59529], [-5.88061, 41.59461], [-5.87971, 41.59465], [-5.87819, 41.59576], [-5.87668, 41.59598], [-5.87494, 41.59525], [-5.87404, 41.59524], [-5.87297, 41.59451], [-5.86939, 41.5962], [-5.86798, 41.59771], [-5.86661, 41.59676], [-5.86391, 41.59594], [-5.86398, 41.59549], [-5.86759, 41.59533], [-5.86888, 41.594], [-5.87024, 41.5902], [-5.87072, 41.59051], [-5.871, 41.59235], [-5.8716, 41.59316], [-5.8767, 41.5941], [-5.87761, 41.59383], [-5.87853, 41.59249], [-5.87884, 41.59245], [-5.88027, 41.59317], [-5.88147, 41.59323], [-5.8829, 41.59404], [-5.88382, 41.59383], [-5.88607, 41.59165], [-5.88668, 41.59151], [-5.88703, 41.59187], [-5.88616, 41.59438], [-5.88675, 41.59456], [-5.89008, 41.594], [-5.89158, 41.59442], [-5.89273, 41.59384], [-5.8931, 41.59317], [-5.89311, 41.59205], [-5.89462, 41.59228], [-5.89619, 41.59077], [-5.8974, 41.59015], [-5.8982, 41.58925], [-5.89913, 41.5872], [-5.89948, 41.58774], [-5.89879, 41.58987], [-5.89696, 41.59283], [-5.89791, 41.59355], [-5.89525, 41.59426], [-5.89403, 41.59649], [-5.89456, 41.59717], [-5.89877, 41.59697], [-5.89913, 41.59733], [-5.89736, 41.59867], [-5.89712, 41.59911], [-5.89736, 41.59934], [-5.89916, 41.59921], [-5.9009, 41.60008], [-5.90272, 41.60009], [-5.9021, 41.60099], [-5.90233, 41.60188], [-5.90172, 41.60255], [-5.90145, 41.60457], [-5.90169, 41.60501], [-5.9032, 41.60516], [-5.90495, 41.60436], [-5.90587, 41.60348], [-5.90707, 41.60321], [-5.90768, 41.60351], [-5.90814, 41.60461], [-5.90891, 41.60525], [-5.91111, 41.60306], [-5.91167, 41.60194], [-5.91162, 41.60059], [-5.91337, 41.60003], [-5.91423, 41.59846], [-5.9152, 41.59757], [-5.91581, 41.59757], [-5.91293, 41.60204], [-5.91273, 41.60361], [-5.91331, 41.60518], [-5.91452, 41.60554], [-5.91589, 41.60646], [-5.91795, 41.60575], [-5.91795, 41.6053], [-5.91658, 41.60403], [-5.91785, 41.60315], [-5.9178, 41.6018], [-5.91884, 41.60082], [-5.91886, 41.59992], [-5.92061, 41.59957], [-5.9211, 41.59824], [-5.92285, 41.5977], [-5.92384, 41.59547], [-5.92775, 41.59545], [-5.92946, 41.59393], [-5.92928, 41.59326], [-5.92953, 41.59304], [-5.93128, 41.59273], [-5.93184, 41.59117], [-5.93292, 41.59171], [-5.93442, 41.59155], [-5.93527, 41.59092], [-5.93678, 41.59053], [-5.93659, 41.59098], [-5.93356, 41.59306], [-5.93271, 41.59418], [-5.93277, 41.59463], [-5.93758, 41.59474], [-5.94058, 41.59597], [-5.94374, 41.59811], [-5.94517, 41.59968], [-5.94576, 41.60148], [-5.94778, 41.60373], [-5.94838, 41.60369], [-5.95165, 41.60201], [-5.95257, 41.60089], [-5.95228, 41.59932], [-5.95409, 41.6], [-5.95463, 41.59947], [-5.95614, 41.59939], [-5.95526, 41.5967], [-5.95286, 41.59551], [-5.95617, 41.59571], [-5.95678, 41.59545], [-5.95758, 41.59411], [-5.95822, 41.59635], [-5.96032, 41.59646], [-5.95844, 41.59734], [-5.9585, 41.59757], [-5.96001, 41.59766], [-5.96847, 41.59561], [-5.97028, 41.59467], [-5.97029, 41.59423], [-5.96878, 41.59382], [-5.96866, 41.59314], [-5.97138, 41.59324], [-5.97319, 41.59299], [-5.9741, 41.59254], [-5.97416, 41.59187], [-5.97338, 41.59137], [-5.97351, 41.59093], [-5.97532, 41.59103], [-5.97622, 41.59076], [-5.97683, 41.5901], [-5.97727, 41.5883], [-5.97698, 41.58762], [-5.97488, 41.58694], [-5.97488, 41.58671], [-5.97687, 41.58565], [-5.97712, 41.58521], [-5.97803, 41.58517], [-5.97968, 41.58248], [-5.97933, 41.58114], [-5.97957, 41.58069], [-5.98194, 41.57994], [-5.98255, 41.57837], [-5.98112, 41.57612], [-5.97722, 41.57476], [-5.97512, 41.57466], [-5.97422, 41.57532], [-5.97457, 41.57645], [-5.97407, 41.57689], [-5.97431, 41.57757], [-5.97316, 41.57837], [-5.97283, 41.57801], [-5.97299, 41.57688], [-5.97216, 41.57554], [-5.97229, 41.57487], [-5.97164, 41.57424], [-5.97043, 41.57419], [-5.9702, 41.57396], [-5.97044, 41.57351], [-5.9696, 41.57305], [-5.969, 41.57323], [-5.96857, 41.57413], [-5.96772, 41.57448], [-5.96802, 41.57537], [-5.96722, 41.57578], [-5.96637, 41.57689], [-5.96637, 41.57734], [-5.96516, 41.5772], [-5.96596, 41.57595], [-5.96574, 41.57459], [-5.96586, 41.57393], [-5.96684, 41.57286], [-5.9666, 41.57241], [-5.96429, 41.57397], [-5.96272, 41.57418], [-5.96219, 41.57453], [-5.96111, 41.57381], [-5.96044, 41.57412], [-5.95864, 41.57348], [-5.95749, 41.57397], [-5.95785, 41.57442], [-5.95767, 41.57464], [-5.95616, 41.57459], [-5.95532, 41.57512], [-5.95177, 41.57421], [-5.95068, 41.57478], [-5.94948, 41.57437], [-5.94767, 41.57449], [-5.94718, 41.57485], [-5.9442, 41.57349], [-5.94871, 41.57374], [-5.95262, 41.57327], [-5.95443, 41.57359], [-5.95474, 41.57315], [-5.95438, 41.57202], [-5.95619, 41.57239], [-5.95716, 41.57164], [-5.95769, 41.57205], [-5.9604, 41.5721], [-5.96259, 41.57051], [-5.96319, 41.57069], [-5.96372, 41.57159], [-5.96512, 41.57069], [-5.96692, 41.57035], [-5.96768, 41.56721], [-5.96727, 41.56586], [-5.96836, 41.56511], [-5.96909, 41.56355], [-5.96832, 41.56269], [-5.96563, 41.56147], [-5.96569, 41.56124], [-5.9696, 41.56198], [-5.9702, 41.56172], [-5.97357, 41.55635], [-5.9737, 41.55523], [-5.97323, 41.55416], [-5.97082, 41.55391], [-5.97053, 41.55279], [-5.96843, 41.55273], [-5.96784, 41.55206], [-5.96633, 41.55196], [-5.9646, 41.55119], [-5.96454, 41.55074], [-5.96502, 41.55051], [-5.96796, 41.55143], [-5.97458, 41.55191], [-5.97567, 41.55135], [-5.97568, 41.55022], [-5.9752, 41.54932], [-5.97311, 41.54864], [-5.97233, 41.54787], [-5.97468, 41.54762], [-5.97481, 41.54717], [-5.97439, 41.54649], [-5.97301, 41.54568], [-5.97138, 41.54652], [-5.97091, 41.54616], [-5.97194, 41.5446], [-5.97183, 41.54414], [-5.97063, 41.54441], [-5.96949, 41.54346], [-5.96768, 41.54349], [-5.96708, 41.54317], [-5.96714, 41.54295], [-5.96836, 41.54278], [-5.96926, 41.54306], [-5.97227, 41.5424], [-5.97354, 41.54106], [-5.97325, 41.53994], [-5.97266, 41.53962], [-5.97085, 41.53965], [-5.96979, 41.53839], [-5.96857, 41.53807], [-5.96769, 41.53726], [-5.96583, 41.53658], [-5.96943, 41.53722], [-5.97207, 41.53841], [-5.97267, 41.53841], [-5.9737, 41.53797], [-5.97282, 41.53648], [-5.97071, 41.53607], [-5.97265, 41.53487], [-5.97366, 41.53555], [-5.97727, 41.53633], [-5.97787, 41.53615], [-5.97812, 41.53549], [-5.97789, 41.53413], [-5.97723, 41.53346], [-5.97991, 41.53065], [-5.97998, 41.52976], [-5.9795, 41.52886], [-5.97946, 41.52796], [-5.9797, 41.52774], [-5.98113, 41.52833], [-5.98296, 41.52757], [-5.98348, 41.52649], [-5.98437, 41.5268], [-5.98589, 41.52892], [-5.98449, 41.52974], [-5.98389, 41.52973], [-5.9833, 41.52924], [-5.98305, 41.52946], [-5.98364, 41.53071], [-5.98263, 41.53031], [-5.98164, 41.53187], [-5.98025, 41.53267], [-5.97993, 41.53357], [-5.97903, 41.53379], [-5.97938, 41.5349], [-5.97914, 41.5358], [-5.97835, 41.53683], [-5.97821, 41.53795], [-5.97863, 41.53835], [-5.98075, 41.53765], [-5.98164, 41.53797], [-5.98254, 41.53788], [-5.98193, 41.53922], [-5.9827, 41.54027], [-5.9831, 41.54251], [-5.9855, 41.54274], [-5.98633, 41.54365], [-5.98808, 41.54455], [-5.98777, 41.54518], [-5.98675, 41.54446], [-5.98555, 41.54409], [-5.9838, 41.5448], [-5.98379, 41.54502], [-5.9856, 41.54561], [-5.98679, 41.54674], [-5.98695, 41.54854], [-5.98731, 41.54899], [-5.99091, 41.54982], [-5.99212, 41.5495], [-5.99331, 41.54987], [-5.99452, 41.54943], [-5.99542, 41.54966], [-5.99572, 41.55034], [-5.99679, 41.55101], [-5.99667, 41.55124], [-5.99517, 41.55091], [-5.99396, 41.55131], [-5.99276, 41.55113], [-5.99162, 41.55049], [-5.99102, 41.55058], [-5.99028, 41.55237], [-5.98909, 41.55088], [-5.98668, 41.55051], [-5.98489, 41.54978], [-5.98376, 41.5487], [-5.98315, 41.54878], [-5.98315, 41.54923], [-5.98516, 41.55185], [-5.98384, 41.55251], [-5.98352, 41.55408], [-5.98669, 41.55589], [-5.98699, 41.55656], [-5.98308, 41.55538], [-5.98231, 41.55474], [-5.98172, 41.55362], [-5.98222, 41.55205], [-5.98199, 41.55138], [-5.98139, 41.55111], [-5.98109, 41.55129], [-5.98027, 41.55419], [-5.98098, 41.5551], [-5.98302, 41.55587], [-5.98361, 41.5565], [-5.98247, 41.55672], [-5.97977, 41.55626], [-5.9785, 41.55755], [-5.97758, 41.55799], [-5.97587, 41.56], [-5.97535, 41.56127], [-5.97472, 41.56169], [-5.97519, 41.5626], [-5.9765, 41.56386], [-5.97631, 41.56408], [-5.97451, 41.5638], [-5.97271, 41.56437], [-5.97202, 41.56617], [-5.97231, 41.56778], [-5.97187, 41.56845], [-5.97205, 41.56917], [-5.97403, 41.57044], [-5.98302, 41.57326], [-5.98513, 41.57422], [-5.98632, 41.57557], [-5.98672, 41.5767], [-5.98726, 41.57701], [-5.98732, 41.57746], [-5.98695, 41.57786], [-5.98725, 41.57832], [-5.98814, 41.57872], [-5.9882, 41.57895], [-5.98712, 41.57939], [-5.98782, 41.58092], [-5.98963, 41.58088], [-5.99184, 41.58197], [-5.99275, 41.5818], [-5.99446, 41.57992], [-5.99476, 41.57997], [-5.99473, 41.58198], [-5.99955, 41.58215], [-6.00128, 41.58301], [-6.00207, 41.58368], [-6.00247, 41.58481], [-6.00367, 41.58562], [-6.00397, 41.58558], [-6.00416, 41.58491], [-6.00531, 41.58384], [-6.00608, 41.58254], [-6.00702, 41.58161], [-6.00793, 41.58125], [-6.00822, 41.58139], [-6.00768, 41.58206], [-6.0064, 41.58299], [-6.00603, 41.58434], [-6.00663, 41.58497], [-6.00783, 41.58529], [-6.00979, 41.58727], [-6.0119, 41.58773], [-6.01404, 41.58972], [-6.01616, 41.58955], [-6.01705, 41.58987], [-6.01956, 41.59221], [-6.02408, 41.59242], [-6.02719, 41.59387], [-6.02713, 41.59409], [-6.02503, 41.59332], [-6.02082, 41.59294], [-6.01913, 41.5936], [-6.0177, 41.59242], [-6.01741, 41.59131], [-6.01675, 41.59063], [-6.01373, 41.59047], [-6.01153, 41.58898], [-6.00972, 41.58911], [-6.01067, 41.59047], [-6.01042, 41.59073], [-6.00796, 41.58946], [-6.00822, 41.58834], [-6.00727, 41.58654], [-6.00637, 41.5864], [-6.00336, 41.58719], [-6.00192, 41.58638], [-6.00102, 41.58633], [-5.99993, 41.58569], [-5.99989, 41.58502], [-6.00044, 41.58417], [-5.99875, 41.58327], [-5.99453, 41.58405], [-5.99632, 41.58621], [-5.99752, 41.58653], [-5.99824, 41.58716], [-5.99871, 41.58784], [-5.99852, 41.58896], [-5.99667, 41.58725], [-5.99457, 41.58665], [-5.99271, 41.58498], [-5.99212, 41.5839], [-5.99002, 41.58403], [-5.98828, 41.58329], [-5.98749, 41.58414], [-5.98646, 41.58459], [-5.98669, 41.58549], [-5.98759, 41.5862], [-5.98806, 41.58711], [-5.98662, 41.58732], [-5.98511, 41.58682], [-5.98462, 41.58816], [-5.98462, 41.58861], [-5.98527, 41.58929], [-5.98783, 41.59105], [-5.98783, 41.59128], [-5.98724, 41.59132], [-5.98753, 41.59221], [-5.98542, 41.59248], [-5.98517, 41.59292], [-5.9857, 41.59494], [-5.9852, 41.59534], [-5.98488, 41.59759], [-5.98414, 41.59915], [-5.98479, 41.60027], [-5.98238, 41.60129], [-5.98115, 41.60308], [-5.98025, 41.60343], [-5.97982, 41.60454], [-5.97992, 41.60544], [-5.98146, 41.60882], [-5.98217, 41.60949], [-5.98368, 41.6091], [-5.98746, 41.60486], [-5.98806, 41.60455], [-5.99048, 41.60416], [-5.99288, 41.60498], [-5.99425, 41.60651], [-5.99483, 41.60921], [-5.99639, 41.61016], [-5.99849, 41.61052], [-5.9992, 41.61112], [-6.00184, 41.6122], [-6.00111, 41.61243], [-5.99571, 41.61078], [-5.9942, 41.61091], [-5.99383, 41.61157], [-5.9937, 41.61355], [-5.99387, 41.61512], [-5.99468, 41.61669], [-5.99359, 41.6175], [-5.99377, 41.61817], [-5.99478, 41.61929], [-5.99569, 41.61966], [-5.9981, 41.61945], [-6.00212, 41.62157], [-6.00643, 41.62241], [-6.00973, 41.62369], [-6.01298, 41.62576], [-6.01627, 41.6269], [-6.01627, 41.62735], [-6.01554, 41.62824], [-6.01554, 41.62892], [-6.01583, 41.6291], [-6.02938, 41.62993], [-6.03163, 41.63443], [-6.03313, 41.6343], [-6.03337, 41.63453], [-6.03301, 41.63542], [-6.03318, 41.63565], [-6.03895, 41.63742], [-6.04046, 41.63699], [-6.03961, 41.63819], [-6.03342, 41.63659], [-6.03191, 41.63667], [-6.0298, 41.63738], [-6.02825, 41.64073], [-6.02674, 41.64148], [-6.0274, 41.64211], [-6.02734, 41.64257], [-6.02492, 41.64241], [-6.02443, 41.64304], [-6.02581, 41.64422], [-6.03335, 41.64425], [-6.0364, 41.64557], [-6.03705, 41.64835], [-6.03709, 41.64925], [-6.0366, 41.6506], [-6.03684, 41.65104], [-6.03743, 41.65122], [-6.03955, 41.65061], [-6.03992, 41.65088], [-6.03682, 41.65324], [-6.03632, 41.65504], [-6.03667, 41.6566], [-6.04103, 41.65313], [-6.04491, 41.65114], [-6.04672, 41.65074], [-6.04823, 41.65079], [-6.05063, 41.65152], [-6.05273, 41.65265], [-6.05356, 41.65378], [-6.05446, 41.65428], [-6.05373, 41.65512], [-6.05421, 41.65625], [-6.0537, 41.65803], [-6.05417, 41.65961], [-6.05332, 41.66064], [-6.05379, 41.66265], [-6.0537, 41.66467], [-6.05436, 41.66544], [-6.05612, 41.66478], [-6.0563, 41.66522], [-6.0555, 41.66612], [-6.05574, 41.66635], [-6.06208, 41.66534], [-6.0639, 41.66486], [-6.06469, 41.66428], [-6.06619, 41.66401], [-6.06681, 41.66267], [-6.06765, 41.66218], [-6.06766, 41.66174], [-6.06749, 41.66106], [-6.06623, 41.65941], [-6.06613, 41.65792], [-6.06642, 41.65788], [-6.06695, 41.65945], [-6.06817, 41.6594], [-6.06884, 41.6574], [-6.06958, 41.65673], [-6.07168, 41.65606], [-6.07236, 41.65517], [-6.07343, 41.65638], [-6.07585, 41.65653], [-6.07674, 41.65765], [-6.07824, 41.65794], [-6.07824, 41.6586], [-6.07913, 41.65969], [-6.08034, 41.65978], [-6.08172, 41.66055], [-6.08032, 41.66166], [-6.08034, 41.66457], [-6.0781, 41.66695], [-6.07722, 41.66749], [-6.07326, 41.66894], [-6.07181, 41.66983], [-6.07108, 41.67163], [-6.07167, 41.6732], [-6.07251, 41.67382], [-6.07371, 41.67392], [-6.07825, 41.67209], [-6.07975, 41.67165], [-6.08097, 41.6717], [-6.08427, 41.67296], [-6.08607, 41.67521], [-6.08672, 41.67701], [-6.08884, 41.67419], [-6.08999, 41.67361], [-6.09023, 41.67383], [-6.08938, 41.67469], [-6.08744, 41.67804], [-6.08791, 41.68096], [-6.08676, 41.68226], [-6.08663, 41.68293], [-6.0877, 41.68473], [-6.08951, 41.68526], [-6.09628, 41.68179], [-6.09991, 41.68117], [-6.10305, 41.67933], [-6.10606, 41.6788], [-6.10667, 41.67814], [-6.10787, 41.67841], [-6.10931, 41.67971], [-6.10931, 41.68133], [-6.11086, 41.68492], [-6.11018, 41.68716], [-6.10939, 41.6885], [-6.10938, 41.68963], [-6.1098, 41.69052], [-6.1075, 41.69262], [-6.10484, 41.69428], [-6.10102, 41.69741], [-6.10096, 41.69808], [-6.10198, 41.69911], [-6.10409, 41.69916], [-6.10687, 41.69832], [-6.11014, 41.69685], [-6.11074, 41.69667], [-6.11074, 41.69712], [-6.10688, 41.69917], [-6.10379, 41.69997], [-6.10108, 41.70001], [-6.09975, 41.69803], [-6.09996, 41.69712], [-6.10746, 41.69128], [-6.10818, 41.69016], [-6.10825, 41.68881], [-6.10898, 41.68631], [-6.10888, 41.68384], [-6.10805, 41.6811], [-6.10691, 41.68011], [-6.1063, 41.68025], [-6.10588, 41.68091], [-6.10527, 41.68105], [-6.10358, 41.68257], [-6.10237, 41.68315], [-6.09724, 41.68376], [-6.0967, 41.68416], [-6.09518, 41.68443], [-6.09295, 41.68586], [-6.08782, 41.68674], [-6.08691, 41.68656], [-6.08529, 41.68534], [-6.08489, 41.68216], [-6.08278, 41.68175], [-6.08037, 41.68211], [-6.07922, 41.68412], [-6.07798, 41.68792], [-6.07695, 41.68927], [-6.07562, 41.6903], [-6.07476, 41.69063], [-6.07447, 41.69043], [-6.0775, 41.68743], [-6.07837, 41.68318], [-6.07923, 41.68138], [-6.08345, 41.6805], [-6.0837, 41.68005], [-6.0831, 41.67893], [-6.0846, 41.67916], [-6.08497, 41.67879], [-6.08204, 41.67475], [-6.0812, 41.67408], [-6.07879, 41.67389], [-6.07812, 41.67501], [-6.07631, 41.67527], [-6.07419, 41.67621], [-6.07329, 41.67598], [-6.06963, 41.67368], [-6.06842, 41.67211], [-6.06837, 41.67099], [-6.06904, 41.6692], [-6.07379, 41.6669], [-6.0739, 41.66602], [-6.0755, 41.6657], [-6.07777, 41.66367], [-6.07832, 41.66165], [-6.07809, 41.66075], [-6.07719, 41.65962], [-6.07629, 41.65913], [-6.07389, 41.65867], [-6.07147, 41.65902], [-6.07111, 41.66014], [-6.07, 41.6617], [-6.06939, 41.66349], [-6.06784, 41.66527], [-6.06337, 41.66745], [-6.06297, 41.66788], [-6.06312, 41.66855], [-6.06097, 41.66777], [-6.05613, 41.66803], [-6.05461, 41.66776], [-6.05177, 41.66706], [-6.05113, 41.66616], [-6.05095, 41.66461], [-6.05034, 41.66475], [-6.04953, 41.66586], [-6.04893, 41.66582], [-6.04961, 41.66425], [-6.04829, 41.66344], [-6.0498, 41.66304], [-6.05031, 41.66036], [-6.04918, 41.65833], [-6.05004, 41.65699], [-6.04976, 41.65385], [-6.04838, 41.6529], [-6.04748, 41.65262], [-6.04658, 41.65285], [-6.04621, 41.65351], [-6.04476, 41.65414], [-6.04475, 41.65459], [-6.04385, 41.65485], [-6.04361, 41.65529], [-6.04384, 41.65642], [-6.04202, 41.65632], [-6.04142, 41.65663], [-6.04098, 41.65775], [-6.03845, 41.65877], [-6.03783, 41.65966], [-6.03483, 41.65964], [-6.03333, 41.65843], [-6.03182, 41.65846], [-6.03176, 41.65824], [-6.03208, 41.6569], [-6.03269, 41.65622], [-6.03263, 41.65488], [-6.03314, 41.65354], [-6.03223, 41.65299], [-6.03334, 41.65166], [-6.03359, 41.64942], [-6.03326, 41.64717], [-6.03272, 41.64627], [-6.03211, 41.64609], [-6.0303, 41.64635], [-6.03, 41.64702], [-6.02903, 41.64769], [-6.028, 41.64705], [-6.02752, 41.64772], [-6.02595, 41.64875], [-6.02534, 41.64879], [-6.02327, 41.65062], [-6.02304, 41.64995], [-6.02407, 41.64892], [-6.02469, 41.64757], [-6.02451, 41.64735], [-6.0215, 41.64644], [-6.02002, 41.6449], [-6.0185, 41.64539], [-6.01761, 41.64408], [-6.01581, 41.64421], [-6.01441, 41.64492], [-6.0138, 41.64599], [-6.01266, 41.64554], [-6.00993, 41.64601], [-6.00813, 41.64574], [-6.0076, 41.64533], [-6.00789, 41.64525], [-6.00946, 41.64539], [-6.01248, 41.64491], [-6.01339, 41.64442], [-6.01503, 41.64277], [-6.01865, 41.64262], [-6.02175, 41.64021], [-6.02658, 41.63866], [-6.02713, 41.63803], [-6.02612, 41.63647], [-6.02608, 41.634], [-6.02549, 41.6331], [-6.02435, 41.63232], [-6.02225, 41.63164], [-6.01868, 41.63234], [-6.01856, 41.63346], [-6.01825, 41.63364], [-6.01675, 41.63309], [-6.01374, 41.63357], [-6.01296, 41.63298], [-6.01148, 41.63051], [-6.0095, 41.62938], [-6.00866, 41.62803], [-6.00682, 41.62632], [-6.00622, 41.626], [-6.00501, 41.6263], [-6.00394, 41.62572], [-6.00374, 41.62662], [-6.00344, 41.62666], [-6.00172, 41.62494], [-6.00032, 41.62538], [-5.99973, 41.62404], [-5.99913, 41.62408], [-5.99854, 41.6234], [-5.99708, 41.62362], [-5.99607, 41.62284], [-5.99367, 41.6222], [-5.99247, 41.6214], [-5.98978, 41.61869], [-5.98927, 41.61573], [-5.98836, 41.61577], [-5.98807, 41.61532], [-5.98851, 41.6142], [-5.98972, 41.61362], [-5.98991, 41.61228], [-5.99126, 41.60892], [-5.99127, 41.60795], [-5.99075, 41.6069], [-5.98985, 41.60685], [-5.98863, 41.60756], [-5.9871, 41.61069], [-5.9843, 41.61283], [-5.98309, 41.61313], [-5.98129, 41.61303], [-5.98069, 41.61272], [-5.97896, 41.61084], [-5.97707, 41.60736], [-5.97563, 41.60681], [-5.9768, 41.6039], [-5.97707, 41.60166], [-5.9775, 41.60054], [-5.97872, 41.59898], [-5.9786, 41.59876], [-5.9777, 41.59875], [-5.97256, 41.60088], [-5.96955, 41.60117], [-5.96876, 41.60175], [-5.96696, 41.6012], [-5.96635, 41.60134], [-5.96494, 41.60402], [-5.96517, 41.60491], [-5.96486, 41.605], [-5.96367, 41.60477], [-5.96349, 41.60432], [-5.96398, 41.60321], [-5.96262, 41.60154], [-5.96068, 41.60264], [-5.95796, 41.60312], [-5.95154, 41.6064], [-5.95099, 41.60707], [-5.95111, 41.60752], [-5.95273, 41.60878], [-5.95266, 41.60901], [-5.95055, 41.60878], [-5.94785, 41.60746], [-5.94516, 41.60673], [-5.94461, 41.6074], [-5.94472, 41.60785], [-5.94592, 41.60892], [-5.94916, 41.61024], [-5.94957, 41.61092], [-5.94507, 41.60946], [-5.94446, 41.60968], [-5.94417, 41.609], [-5.94225, 41.60805], [-5.94234, 41.60514], [-5.94127, 41.60405], [-5.93976, 41.60445], [-5.93904, 41.60364], [-5.93784, 41.60341], [-5.93663, 41.60398], [-5.93633, 41.60466], [-5.933, 41.60566], [-5.93271, 41.60477], [-5.93465, 41.60365], [-5.93522, 41.60239], [-5.9363, 41.60115], [-5.9357, 41.60106], [-5.93485, 41.60196], [-5.93334, 41.60248], [-5.93355, 41.60024], [-5.93312, 41.59984], [-5.93252, 41.59984], [-5.93138, 41.6005], [-5.92896, 41.60085], [-5.92907, 41.60173], [-5.92726, 41.60209], [-5.92652, 41.60343], [-5.92826, 41.60398], [-5.92813, 41.60442], [-5.92662, 41.6049], [-5.92589, 41.60558], [-5.92494, 41.60516], [-5.92343, 41.6057], [-5.92328, 41.60727], [-5.92179, 41.60667], [-5.92064, 41.60693], [-5.92082, 41.60738], [-5.92773, 41.60846], [-5.92808, 41.60914], [-5.9279, 41.60958], [-5.9264, 41.60926], [-5.92603, 41.60957], [-5.9278, 41.61267], [-5.92876, 41.61344], [-5.93212, 41.61476], [-5.93307, 41.61575], [-5.93096, 41.6157], [-5.93078, 41.61592], [-5.93165, 41.61907], [-5.9326, 41.6201], [-5.93157, 41.62085], [-5.9307, 41.62287], [-5.93172, 41.62364], [-5.93207, 41.62432], [-5.93219, 41.62476], [-5.93176, 41.62521], [-5.93187, 41.62655], [-5.93308, 41.62638], [-5.93403, 41.62697], [-5.93253, 41.62746], [-5.93214, 41.62857], [-5.93124, 41.6288], [-5.9313, 41.62946], [-5.93063, 41.63004], [-5.93025, 41.63107], [-5.93277, 41.63279], [-5.93366, 41.63298], [-5.93422, 41.63218], [-5.93482, 41.632], [-5.93547, 41.63263], [-5.93728, 41.63282], [-5.93788, 41.6326], [-5.93872, 41.63305], [-5.93962, 41.6331], [-5.93956, 41.63378], [-5.9419, 41.63468], [-5.94208, 41.63536], [-5.94388, 41.63564], [-5.9446, 41.63618], [-5.94159, 41.63599], [-5.94069, 41.63562], [-5.9395, 41.63449], [-5.93889, 41.63422], [-5.93799, 41.63435], [-5.93631, 41.63339], [-5.9351, 41.63366], [-5.93491, 41.63478], [-5.93401, 41.63495], [-5.934, 41.63585], [-5.93369, 41.63598], [-5.93249, 41.63548], [-5.93067, 41.63399], [-5.92919, 41.63389], [-5.92716, 41.63293], [-5.92619, 41.63356], [-5.92318, 41.6334], [-5.92318, 41.63386], [-5.92376, 41.63413], [-5.92527, 41.63432], [-5.92586, 41.63562], [-5.92778, 41.63662], [-5.92898, 41.63667], [-5.93018, 41.63717], [-5.93256, 41.63848], [-5.93276, 41.63898], [-5.92892, 41.63765], [-5.928, 41.63783], [-5.92561, 41.63719], [-5.92465, 41.63629], [-5.92081, 41.63537], [-5.92074, 41.63581], [-5.92128, 41.63649], [-5.92283, 41.63757], [-5.92102, 41.63725], [-5.91971, 41.63626], [-5.91959, 41.63536], [-5.91816, 41.63445], [-5.91767, 41.63508], [-5.91646, 41.63565], [-5.9156, 41.63722], [-5.91631, 41.63834], [-5.91455, 41.63882], [-5.914, 41.64017], [-5.91611, 41.64018], [-5.91707, 41.6409], [-5.91767, 41.64086], [-5.91798, 41.63974], [-5.91949, 41.63975], [-5.91967, 41.64043], [-5.92086, 41.64057], [-5.9214, 41.64124], [-5.9226, 41.64183], [-5.92253, 41.64317], [-5.92042, 41.64326], [-5.92005, 41.64365], [-5.92082, 41.64442], [-5.92293, 41.64466], [-5.92323, 41.64502], [-5.9205, 41.64563], [-5.92044, 41.64613], [-5.92236, 41.64685], [-5.92253, 41.6482], [-5.92404, 41.64821], [-5.92432, 41.64956], [-5.92396, 41.64987], [-5.92412, 41.65099], [-5.92704, 41.64935], [-5.92721, 41.6498], [-5.92636, 41.65109], [-5.92816, 41.65106], [-5.92839, 41.65151], [-5.92815, 41.65196], [-5.92856, 41.65263], [-5.93189, 41.65225], [-5.932, 41.65247], [-5.93146, 41.65283], [-5.93127, 41.6535], [-5.92916, 41.65349], [-5.92885, 41.65389], [-5.93269, 41.65647], [-5.93329, 41.65652], [-5.93383, 41.65598], [-5.93455, 41.65643], [-5.93607, 41.65505], [-5.93667, 41.65511], [-5.936, 41.65591], [-5.93691, 41.65582], [-5.93691, 41.65627], [-5.9346, 41.6576], [-5.93454, 41.65805], [-5.9359, 41.65954], [-5.93741, 41.65973], [-5.93807, 41.66063], [-5.93867, 41.66086], [-5.94078, 41.66086], [-5.94263, 41.66249], [-5.94413, 41.66223], [-5.9453, 41.66116], [-5.94559, 41.66125], [-5.94528, 41.66193], [-5.9466, 41.66238], [-5.95082, 41.66268], [-5.95239, 41.66313], [-5.95057, 41.6634], [-5.94666, 41.66279], [-5.94621, 41.66547], [-5.94752, 41.66705], [-5.94698, 41.66696], [-5.94531, 41.66587], [-5.94587, 41.66363], [-5.94521, 41.663], [-5.9431, 41.66348], [-5.94219, 41.66334], [-5.94081, 41.66239], [-5.93661, 41.66133], [-5.93511, 41.6606], [-5.9333, 41.66042], [-5.93235, 41.65929], [-5.93085, 41.65888], [-5.9305, 41.65798], [-5.92912, 41.65703], [-5.92822, 41.65684], [-5.92697, 41.65526], [-5.92682, 41.65324], [-5.92579, 41.65243], [-5.9252, 41.65225], [-5.92409, 41.65448], [-5.92348, 41.65461], [-5.92258, 41.65394], [-5.92247, 41.65281], [-5.92188, 41.65267], [-5.91985, 41.65087], [-5.92011, 41.64886], [-5.91963, 41.64818], [-5.91783, 41.64763], [-5.91656, 41.64887], [-5.91475, 41.64896], [-5.91336, 41.6498], [-5.91305, 41.64967], [-5.91311, 41.64899], [-5.91567, 41.64739], [-5.91828, 41.64485], [-5.91807, 41.64328], [-5.91759, 41.64297], [-5.91637, 41.64327], [-5.91427, 41.6429], [-5.91116, 41.64122], [-5.91055, 41.6414], [-5.90976, 41.64229], [-5.91036, 41.64239], [-5.91065, 41.64328], [-5.91167, 41.64454], [-5.91016, 41.64467], [-5.90884, 41.64395], [-5.90792, 41.64438], [-5.90762, 41.64483], [-5.90812, 41.64797], [-5.90782, 41.64815], [-5.90632, 41.64742], [-5.90481, 41.64796], [-5.90438, 41.64862], [-5.90486, 41.6493], [-5.90508, 41.65064], [-5.90448, 41.65073], [-5.90299, 41.64991], [-5.90207, 41.64991], [-5.90201, 41.65058], [-5.9005, 41.65079], [-5.89929, 41.65146], [-5.89557, 41.65439], [-5.89285, 41.65581], [-5.89194, 41.6554], [-5.88802, 41.65596], [-5.88826, 41.65628], [-5.89158, 41.6563], [-5.89342, 41.65815], [-5.89213, 41.65989], [-5.88941, 41.66059], [-5.88929, 41.66104], [-5.89124, 41.66441], [-5.89197, 41.66491], [-5.89155, 41.66634], [-5.89167, 41.66759], [-5.89252, 41.66848], [-5.89341, 41.66889], [-5.89464, 41.66889], [-5.89226, 41.67126], [-5.89201, 41.6717], [-5.89232, 41.67238], [-5.89322, 41.67252], [-5.89739, 41.67033], [-5.89958, 41.66846], [-5.90079, 41.66807], [-5.90171, 41.66717], [-5.90231, 41.6669], [-5.90277, 41.6672], [-5.90162, 41.66798], [-5.90071, 41.6691], [-5.89763, 41.67127], [-5.89429, 41.67274], [-5.89307, 41.6744], [-5.89002, 41.67246], [-5.88774, 41.67191], [-5.88821, 41.67159], [-5.89033, 41.67138], [-5.89136, 41.67058], [-5.89149, 41.67013], [-5.88931, 41.66685], [-5.88991, 41.666], [-5.88998, 41.66535], [-5.88974, 41.6647], [-5.88889, 41.66412], [-5.8889, 41.66323], [-5.8883, 41.66286], [-5.88778, 41.66129], [-5.88809, 41.6604], [-5.89111, 41.65939], [-5.8913, 41.65872], [-5.89094, 41.65827], [-5.88944, 41.65776], [-5.88824, 41.65789], [-5.88583, 41.65751], [-5.88524, 41.65683], [-5.88483, 41.65549], [-5.88361, 41.65548], [-5.88153, 41.65448], [-5.88002, 41.65416], [-5.87947, 41.65447], [-5.87874, 41.65558], [-5.87873, 41.65671], [-5.87842, 41.6568], [-5.87789, 41.65621], [-5.87784, 41.65531], [-5.87736, 41.65495], [-5.87744, 41.65382], [-5.8772, 41.6536], [-5.87485, 41.65287], [-5.87162, 41.65105], [-5.86862, 41.65009], [-5.86591, 41.64976], [-5.8641, 41.64988], [-5.86309, 41.64916], [-5.86247, 41.64925], [-5.86127, 41.6499], [-5.86023, 41.65102], [-5.85962, 41.65192], [-5.85961, 41.65258], [-5.86217, 41.65548], [-5.86694, 41.65896], [-5.86891, 41.66148], [-5.8698, 41.66194], [-5.8704, 41.66284], [-5.87025, 41.66465], [-5.87094, 41.6658], [-5.87077, 41.66885], [-5.87095, 41.66953], [-5.87209, 41.6691], [-5.87238, 41.67021], [-5.8728, 41.67063], [-5.87218, 41.67174], [-5.87353, 41.67534], [-5.87365, 41.67669], [-5.87413, 41.67758], [-5.87593, 41.67755], [-5.87606, 41.67777], [-5.87537, 41.67938], [-5.87657, 41.68096], [-5.87564, 41.68325], [-5.87817, 41.68388], [-5.87998, 41.68335], [-5.88089, 41.68349], [-5.88113, 41.68394], [-5.881, 41.68417], [-5.8798, 41.68402], [-5.87466, 41.68477], [-5.87375, 41.6853], [-5.87259, 41.68686], [-5.86907, 41.68953], [-5.86852, 41.69043], [-5.8682, 41.6929], [-5.86909, 41.69403], [-5.8715, 41.69489], [-5.87149, 41.69534], [-5.87089, 41.69538], [-5.86669, 41.69379], [-5.86488, 41.69342], [-5.86141, 41.69512], [-5.86104, 41.69646], [-5.85999, 41.69826], [-5.85769, 41.70117], [-5.85769, 41.70185], [-5.85856, 41.70343], [-5.85831, 41.70365], [-5.85619, 41.7025], [-5.85527, 41.70232], [-5.85164, 41.70255], [-5.85103, 41.70287], [-5.85105, 41.70333], [-5.85074, 41.70347], [-5.85015, 41.70236], [-5.84954, 41.7022], [-5.84555, 41.7052], [-5.84545, 41.70564], [-5.84613, 41.70631], [-5.84764, 41.7071], [-5.85097, 41.70822], [-5.85749, 41.70941], [-5.85911, 41.71041], [-5.8549, 41.70922], [-5.85275, 41.70914], [-5.8488, 41.70793], [-5.84699, 41.70778], [-5.84474, 41.70692], [-5.844, 41.70634], [-5.84467, 41.70453], [-5.84433, 41.70274], [-5.8422, 41.70214], [-5.8407, 41.7023], [-5.83951, 41.70281], [-5.83951, 41.70506], [-5.83806, 41.70666], [-5.83743, 41.70833], [-5.83662, 41.70946], [-5.8367, 41.70991], [-5.8378, 41.71093], [-5.83569, 41.71037], [-5.83388, 41.71054], [-5.83222, 41.71132], [-5.83363, 41.71239], [-5.83605, 41.71257], [-5.83813, 41.71402], [-5.8379, 41.71426], [-5.83709, 41.71364], [-5.83497, 41.71299], [-5.83408, 41.71319], [-5.83135, 41.71273], [-5.83046, 41.71297], [-5.83019, 41.71343], [-5.83117, 41.71486], [-5.83131, 41.71561], [-5.83086, 41.71674], [-5.8325, 41.71757], [-5.83198, 41.71817], [-5.832, 41.71862], [-5.83341, 41.71985], [-5.83406, 41.72141], [-5.8351, 41.72248], [-5.83731, 41.72389], [-5.83707, 41.72411], [-5.83433, 41.72308], [-5.83306, 41.72219], [-5.83155, 41.72207], [-5.83223, 41.72073], [-5.83189, 41.71938], [-5.83129, 41.71921], [-5.83083, 41.71786], [-5.82962, 41.71757], [-5.82952, 41.71622], [-5.8286, 41.71574], [-5.82949, 41.715], [-5.82881, 41.71412], [-5.82852, 41.71255], [-5.82732, 41.71265], [-5.82686, 41.71352], [-5.82513, 41.7139], [-5.82706, 41.7118], [-5.82495, 41.71197], [-5.82289, 41.71357], [-5.81905, 41.71528], [-5.8163, 41.71443], [-5.81548, 41.71525], [-5.81526, 41.71593], [-5.81435, 41.71576], [-5.81285, 41.71623], [-5.8148, 41.71454], [-5.81484, 41.71409], [-5.81313, 41.71295], [-5.81256, 41.71206], [-5.81134, 41.71153], [-5.81193, 41.71072], [-5.8119, 41.70982], [-5.81023, 41.70809], [-5.80985, 41.70719], [-5.8088, 41.70658], [-5.80875, 41.70456], [-5.80986, 41.70301], [-5.80963, 41.70167], [-5.80813, 41.70173], [-5.80736, 41.70228], [-5.80706, 41.70431], [-5.8059, 41.70626], [-5.8063, 41.70738], [-5.80554, 41.70829], [-5.8055, 41.70919], [-5.80447, 41.71096], [-5.80469, 41.71235], [-5.80428, 41.7128], [-5.80384, 41.71461], [-5.80489, 41.71558], [-5.80472, 41.71581], [-5.80291, 41.71588], [-5.80232, 41.71625], [-5.8011, 41.71807], [-5.80168, 41.71909], [-5.80084, 41.71951], [-5.79929, 41.72218], [-5.7998, 41.72352], [-5.8006, 41.72414], [-5.80242, 41.72479], [-5.80791, 41.72539], [-5.81097, 41.72673], [-5.81208, 41.72802], [-5.81083, 41.7289], [-5.80847, 41.73253], [-5.80848, 41.7332], [-5.8097, 41.73346], [-5.80963, 41.73368], [-5.80724, 41.73385], [-5.80623, 41.7345], [-5.80571, 41.7354], [-5.80551, 41.7345], [-5.8049, 41.73437], [-5.8029, 41.73607], [-5.80269, 41.73719], [-5.80401, 41.73933], [-5.80608, 41.7403], [-5.80591, 41.74097], [-5.80835, 41.74161], [-5.80951, 41.74236], [-5.81223, 41.74268], [-5.8123, 41.74313], [-5.81443, 41.74413], [-5.82614, 41.74851], [-5.8318, 41.75198], [-5.83271, 41.75205], [-5.83516, 41.75395], [-5.83459, 41.75477], [-5.83454, 41.75544], [-5.83518, 41.75678], [-5.83438, 41.7586], [-5.83488, 41.75894], [-5.83637, 41.7587], [-5.83321, 41.76167], [-5.83288, 41.76324], [-5.83235, 41.76392], [-5.83255, 41.76438], [-5.83106, 41.76494], [-5.83074, 41.76629], [-5.83014, 41.76639], [-5.82968, 41.76707], [-5.83025, 41.77043], [-5.83075, 41.7711], [-5.83256, 41.77143], [-5.83333, 41.77083], [-5.83571, 41.76995], [-5.83695, 41.7689], [-5.83723, 41.76822], [-5.83812, 41.7678], [-5.83869, 41.76622], [-5.83957, 41.76544], [-5.84041, 41.76528], [-5.84198, 41.76568], [-5.84252, 41.76531], [-5.84343, 41.7635], [-5.84373, 41.76358], [-5.843, 41.76562], [-5.84285, 41.76674], [-5.84312, 41.76741], [-5.84164, 41.76856], [-5.84148, 41.76924], [-5.84062, 41.76999], [-5.83941, 41.77057], [-5.83793, 41.77207], [-5.83388, 41.7734], [-5.83147, 41.7737], [-5.82939, 41.77476], [-5.82929, 41.77544], [-5.83057, 41.77595], [-5.82776, 41.77685], [-5.8282, 41.77721], [-5.83181, 41.77716], [-5.83272, 41.7775], [-5.83328, 41.77817], [-5.83296, 41.77997], [-5.83334, 41.78243], [-5.83261, 41.78268], [-5.83146, 41.78224], [-5.83083, 41.78337], [-5.83378, 41.78557], [-5.83618, 41.78523], [-5.83649, 41.78541], [-5.83453, 41.78656], [-5.83764, 41.78988], [-5.83778, 41.79348], [-5.83804, 41.79393], [-5.83865, 41.79396], [-5.83904, 41.79486], [-5.83895, 41.79621], [-5.83935, 41.79755], [-5.83966, 41.79772], [-5.84264, 41.79651], [-5.84563, 41.79593], [-5.84038, 41.79807], [-5.83993, 41.79898], [-5.84006, 41.79942], [-5.84247, 41.80182], [-5.84701, 41.8023], [-5.84702, 41.8032], [-5.8474, 41.80364], [-5.84991, 41.80495], [-5.85005, 41.80755], [-5.84986, 41.80778], [-5.84932, 41.80738], [-5.84901, 41.80757], [-5.84863, 41.80869], [-5.84833, 41.8087], [-5.84638, 41.80603], [-5.84006, 41.80388], [-5.8388, 41.80209], [-5.83648, 41.80083], [-5.83674, 41.797], [-5.83522, 41.79433], [-5.83481, 41.79253], [-5.83394, 41.79174], [-5.83206, 41.78884], [-5.82893, 41.78646], [-5.82755, 41.78468], [-5.82638, 41.78155], [-5.82642, 41.78088], [-5.82719, 41.77996], [-5.82927, 41.77917], [-5.82861, 41.77895], [-5.82705, 41.7792], [-5.82571, 41.78106], [-5.82428, 41.78176], [-5.82312, 41.78313], [-5.821, 41.78743], [-5.81984, 41.78902], [-5.81923, 41.78925], [-5.81919, 41.7897], [-5.81859, 41.78976], [-5.81671, 41.79153], [-5.81404, 41.7931], [-5.81254, 41.7956], [-5.80985, 41.7968], [-5.80916, 41.79826], [-5.80746, 41.79953], [-5.80694, 41.80045], [-5.80514, 41.80042], [-5.80454, 41.80075], [-5.80432, 41.80119], [-5.80451, 41.80187], [-5.80613, 41.80423], [-5.80462, 41.80371], [-5.80332, 41.80247], [-5.80254, 41.80271], [-5.80244, 41.80338], [-5.79954, 41.80792], [-5.799, 41.81018], [-5.79913, 41.81287], [-5.79779, 41.81465], [-5.79706, 41.81646], [-5.79753, 41.81802], [-5.79813, 41.8181], [-5.79958, 41.81615], [-5.80019, 41.81609], [-5.80018, 41.81632], [-5.79827, 41.81905], [-5.79696, 41.8196], [-5.79746, 41.82049], [-5.79686, 41.82477], [-5.79702, 41.82634], [-5.79649, 41.8272], [-5.79592, 41.82991], [-5.79538, 41.83284], [-5.79547, 41.83417], [-5.79397, 41.83589], [-5.7915, 41.83715], [-5.79117, 41.83689], [-5.79113, 41.83574], [-5.79257, 41.83422], [-5.79267, 41.83293], [-5.79312, 41.83211], [-5.79301, 41.83054], [-5.79352, 41.82896], [-5.79294, 41.8256], [-5.79227, 41.82506], [-5.7928, 41.82448], [-5.79277, 41.82335], [-5.79186, 41.81864], [-5.79181, 41.81639], [-5.79154, 41.8155], [-5.79038, 41.81489], [-5.79125, 41.81389], [-5.79123, 41.81051], [-5.79177, 41.80803], [-5.79108, 41.80798], [-5.78892, 41.80974], [-5.78772, 41.81002], [-5.78713, 41.81066], [-5.78444, 41.81147], [-5.78233, 41.81154], [-5.78215, 41.81132], [-5.785, 41.80983], [-5.78546, 41.80915], [-5.78666, 41.80877], [-5.78754, 41.80769], [-5.78904, 41.80748], [-5.79202, 41.80623], [-5.79535, 41.80012], [-5.79654, 41.79942], [-5.79789, 41.79783], [-5.80207, 41.79624], [-5.80396, 41.79518], [-5.80431, 41.79473], [-5.80441, 41.7936], [-5.80598, 41.79155], [-5.80757, 41.79063], [-5.80792, 41.78973], [-5.80939, 41.78863], [-5.80979, 41.78772], [-5.81179, 41.78576], [-5.81452, 41.78406], [-5.8166, 41.78331], [-5.81532, 41.78283], [-5.81349, 41.78389], [-5.81109, 41.78438], [-5.81079, 41.78434], [-5.8109, 41.78411], [-5.81299, 41.78355], [-5.81429, 41.78253], [-5.81609, 41.78201], [-5.81744, 41.78285], [-5.81821, 41.7823], [-5.81982, 41.77953], [-5.81974, 41.77909], [-5.8181, 41.77812], [-5.82081, 41.7783], [-5.82162, 41.77694], [-5.8231, 41.77607], [-5.82431, 41.7738], [-5.82416, 41.76814], [-5.82372, 41.76747], [-5.82393, 41.76657], [-5.82322, 41.76455], [-5.82235, 41.76371], [-5.82083, 41.76329], [-5.81813, 41.76346], [-5.81926, 41.76286], [-5.82196, 41.76278], [-5.82213, 41.76255], [-5.82205, 41.76187], [-5.82149, 41.76121], [-5.82066, 41.75673], [-5.81926, 41.75405], [-5.81932, 41.7518], [-5.81875, 41.75046], [-5.81764, 41.74984], [-5.81742, 41.7503], [-5.81762, 41.75097], [-5.81733, 41.75165], [-5.81704, 41.75169], [-5.81671, 41.75103], [-5.8156, 41.75032], [-5.81589, 41.74965], [-5.81528, 41.74925], [-5.81561, 41.74834], [-5.81512, 41.74768], [-5.81268, 41.74681], [-5.81246, 41.74749], [-5.81199, 41.74781], [-5.81022, 41.74712], [-5.80933, 41.74744], [-5.80669, 41.74622], [-5.80543, 41.74602], [-5.80444, 41.74468], [-5.80323, 41.74421], [-5.80265, 41.74309], [-5.80175, 41.74279], [-5.80114, 41.74289], [-5.80079, 41.74356], [-5.8002, 41.74371], [-5.79897, 41.74503], [-5.79944, 41.74659], [-5.80054, 41.74766], [-5.80002, 41.74807], [-5.79972, 41.74816], [-5.79952, 41.74749], [-5.7986, 41.74665], [-5.79768, 41.74626], [-5.79708, 41.74641], [-5.79654, 41.74866], [-5.79521, 41.7507], [-5.79531, 41.75205], [-5.79623, 41.75303], [-5.79472, 41.75305], [-5.79445, 41.75395], [-5.79385, 41.75428], [-5.79424, 41.75292], [-5.79422, 41.74977], [-5.79548, 41.74751], [-5.7955, 41.74571], [-5.7952, 41.74563], [-5.7928, 41.74638], [-5.79094, 41.74865], [-5.79048, 41.74978], [-5.78965, 41.75038], [-5.78531, 41.75201], [-5.78246, 41.75367], [-5.78006, 41.75415], [-5.77993, 41.75393], [-5.78023, 41.75374], [-5.78233, 41.75309], [-5.78553, 41.75134], [-5.78692, 41.75018], [-5.78704, 41.7492], [-5.78861, 41.74742], [-5.7908, 41.74582], [-5.7919, 41.74423], [-5.79189, 41.74378], [-5.79078, 41.74285], [-5.79162, 41.74243], [-5.79202, 41.74176], [-5.79253, 41.74265], [-5.79405, 41.74326], [-5.79588, 41.74166], [-5.79887, 41.74144], [-5.79911, 41.74098], [-5.79836, 41.74009], [-5.79689, 41.73931], [-5.79633, 41.73841], [-5.79653, 41.73684], [-5.79819, 41.73367], [-5.80075, 41.73228], [-5.80688, 41.73201], [-5.80804, 41.73043], [-5.80804, 41.72817], [-5.80724, 41.7276], [-5.80603, 41.72735], [-5.80483, 41.72755], [-5.79941, 41.72731], [-5.79703, 41.72577], [-5.79611, 41.72551], [-5.79401, 41.72577], [-5.79393, 41.72487], [-5.79634, 41.72483], [-5.79693, 41.72455], [-5.79738, 41.72343], [-5.797, 41.72051], [-5.79548, 41.71976], [-5.79551, 41.71887], [-5.79614, 41.7175], [-5.79578, 41.71504], [-5.79441, 41.71348], [-5.79338, 41.71057], [-5.79483, 41.70876], [-5.79489, 41.70831], [-5.79129, 41.70665], [-5.79027, 41.70689], [-5.7881, 41.7048], [-5.7866, 41.70492], [-5.78518, 41.70557], [-5.78222, 41.70722], [-5.78194, 41.70791], [-5.78073, 41.70814], [-5.77736, 41.71013], [-5.7772, 41.7108], [-5.7784, 41.71083], [-5.77841, 41.71105], [-5.77716, 41.71202], [-5.77692, 41.71382], [-5.77644, 41.71415], [-5.77627, 41.71212], [-5.77566, 41.7119], [-5.77505, 41.71182], [-5.77111, 41.71296], [-5.77127, 41.71228], [-5.77456, 41.7112], [-5.77484, 41.71056], [-5.77094, 41.71058], [-5.76842, 41.70908], [-5.76789, 41.70707], [-5.76638, 41.70691], [-5.76518, 41.70714], [-5.76491, 41.70692], [-5.76727, 41.70635], [-5.76828, 41.70554], [-5.76905, 41.70777], [-5.7701, 41.70847], [-5.77563, 41.70845], [-5.77765, 41.70729], [-5.77884, 41.70696], [-5.77975, 41.70722], [-5.78383, 41.70474], [-5.78772, 41.70351], [-5.78923, 41.70362], [-5.79011, 41.70321], [-5.79062, 41.70185], [-5.78695, 41.70044], [-5.78538, 41.6994], [-5.78518, 41.69873], [-5.78579, 41.69877], [-5.7895, 41.70074], [-5.79145, 41.70112], [-5.7916, 41.70224], [-5.79075, 41.70472], [-5.79094, 41.70495], [-5.79485, 41.70458], [-5.79508, 41.70435], [-5.79445, 41.70346], [-5.79436, 41.70234], [-5.79319, 41.70141], [-5.79359, 41.70028], [-5.79403, 41.70095], [-5.797, 41.70225], [-5.7994, 41.70146], [-5.80293, 41.701], [-5.80382, 41.70072], [-5.805, 41.69936], [-5.80589, 41.69903], [-5.80828, 41.69634], [-5.80856, 41.69746], [-5.81048, 41.69766], [-5.81274, 41.69852], [-5.81378, 41.69914], [-5.8141, 41.70004], [-5.81502, 41.70056], [-5.81653, 41.7008], [-5.81671, 41.70103], [-5.81641, 41.70112], [-5.81431, 41.70107], [-5.81381, 41.70293]]]}}, {"type": "Feature", "properties": {"codigo": "ZA-AAL-31", "etiqueta": "AAL-Esla V", "nombr_tram": "Esla V", "rio_mas_a": "Esla", "categoria": "Aguas de Acceso Libre", "modalidad": "Mixto", "provincia": "Zamora", "tm": "Muelas del Pan", "truchera": "Aguas no trucheras", "long_km": 3.55, "lim_superi": "Embalse de Ricobayo", "lim_inferi": "Embalse de Villalcampo", "n_canas": 2, "esp_princ": null, "per1_pec_i": "1 de enero", "per1_pec_f": "31 de diciembre", "per2_pec_i": null, "per2_pec_f": null, "truch_cm": 0, "truch_cup_": 0, "cebos": null, "otras_limi": null, "info_tramo": "https://www.pescacastillayleon.es/visor/tramo.html?nid=338172", "lat": 41.51327, "lon": -5.99032, "estacion": "EA530", "estacion_dist_km": 42.4, "pueblo": {"nombre": "Muelas del Pan", "municipio": "Muelas del Pan", "provincia": "Zamora", "lat": 41.52129, "lon": -5.96765, "dist_km": 2.1}}, "geometry": {"type": "MultiLineString", "coordinates": [[[-5.98524, 41.52753], [-5.98679, 41.52696], [-5.98767, 41.52558], [-5.98753, 41.52373], [-5.98644, 41.5215], [-5.98632, 41.52012], [-5.98829, 41.51776], [-5.99047, 41.51295], [-5.99048, 41.51189], [-5.99214, 41.50926], [-5.99204, 41.50719], [-5.99256, 41.50515], [-5.99608, 41.50159], [-5.99718, 41.49863]]]}}]}